case,word_label,class,dsc,nsd,tp,fp,fn
word_0002.nii.gz,1,liver,0.9568909118748347,0.6998218169155868,653068,13384,45459
word_0002.nii.gz,2,spleen,0.9458002126474608,0.8205983094123914,112083,5387,7459
word_0002.nii.gz,3,left_kidney,0.3871757995671083,0.2246880851655369,67169,211418,1213
word_0002.nii.gz,4,right_kidney,0.34858109034410273,0.36592679677140394,64838,238222,4113
word_0002.nii.gz,5,stomach,0.9336817963051094,0.728915243647245,173627,11895,12770
word_0002.nii.gz,6,gallbladder,0.8614614421873495,0.7501129402703164,8948,1908,970
word_0002.nii.gz,7,esophagus,0.7858661536903918,0.645519137799456,7762,1504,2726
word_0002.nii.gz,8,pancreas,0.795620537977719,0.6855322910926224,29031,9335,5580
word_0002.nii.gz,9,duodenum,0.6806594992971926,0.609649226465529,17917,2491,14321
word_0002.nii.gz,10,colon,0.8982982745381777,0.7559712261130677,314112,46321,24804
word_0002.nii.gz,11,intestine,0.8915828109474812,0.8233092749787864,306433,48789,25736
word_0002.nii.gz,12,adrenal,0.6191602602010644,0.694061164972285,2094,1630,946
word_0002.nii.gz,13,rectum,0.6855260877101751,0.5545822064308218,9887,8359,712
word_0002.nii.gz,14,bladder,0.9244182147407954,0.8040322252976521,41352,3106,3656
word_0002.nii.gz,15,head_of_femur_left,0.7872690660359266,0.5794138414753892,49261,21116,5506
word_0002.nii.gz,16,head_of_femur_right,0.7984699755749113,0.602366911156265,51978,23300,2938
word_0003.nii.gz,1,liver,0.9544942143593645,0.8043518474639479,337418,15746,16427
word_0003.nii.gz,2,spleen,0.9385844894827696,0.8589851802713517,36701,1860,2943
word_0003.nii.gz,3,left_kidney,0.9377270495827197,0.8732282841336168,38203,2738,2336
word_0003.nii.gz,4,right_kidney,0.9195430876117073,0.8127826406873441,33287,3862,1963
word_0003.nii.gz,5,stomach,0.809152738715822,0.6162562794829212,67754,25770,6191
word_0003.nii.gz,6,gallbladder,0.744258003094133,0.6496904231067131,3127,1455,694
word_0003.nii.gz,7,esophagus,0.7218781506553363,0.7244714052746913,2506,1402,529
word_0003.nii.gz,8,pancreas,0.7843404857583339,0.7175445779078834,15517,5995,2538
word_0003.nii.gz,9,duodenum,0.4045864045864046,0.4110732057931559,10621,5731,25530
word_0003.nii.gz,10,colon,0.8143735032307623,0.6144808774484551,180229,46557,35605
word_0003.nii.gz,11,intestine,0.8510062279464005,0.6429481568084586,215008,38058,37229
word_0003.nii.gz,12,adrenal,0.5508598076362576,0.6278439377371217,945,1096,445
word_0003.nii.gz,13,rectum,0.7003676918206833,0.502076354018416,14381,3042,9263
word_0003.nii.gz,14,bladder,0.9322030801834226,0.7146952558441029,76539,6453,4680
word_0003.nii.gz,15,head_of_femur_left,0.8692390988564034,0.6768281106383874,32912,8929,973
word_0003.nii.gz,16,head_of_femur_right,0.8995485039410249,0.6620388160631719,35265,6476,1400
word_0004.nii.gz,1,liver,0.959359975481902,0.8144449242092228,300508,11695,13765
word_0004.nii.gz,2,spleen,0.9421362633074399,0.8801678898562927,38629,1408,3337
word_0004.nii.gz,3,left_kidney,0.9387258951542474,0.8502090570877104,39771,1918,3274
word_0004.nii.gz,4,right_kidney,0.9450094066202268,0.8815409998512364,37171,1940,2386
word_0004.nii.gz,5,stomach,0.8437817354809661,0.5133598293846595,128370,2097,45436
word_0004.nii.gz,6,gallbladder,0.5311057375247307,0.4674774611527695,1208,1644,489
word_0004.nii.gz,7,esophagus,0.8404399950562353,0.7836710916756976,6800,1342,1240
word_0004.nii.gz,8,pancreas,0.8576244460756328,0.7909172865009438,15773,1804,3433
word_0004.nii.gz,9,duodenum,0.669909384953458,0.5352055414333641,13566,2608,10761
word_0004.nii.gz,10,colon,0.7940564408822927,0.5143970817145539,342843,89750,88087
word_0004.nii.gz,11,intestine,0.7974847189617753,0.5737997416085987,288077,46538,99772
word_0004.nii.gz,12,adrenal,0.6678148546824543,0.6867447547101873,1551,945,598
word_0004.nii.gz,13,rectum,0.7792105263157895,0.6068897884265076,11844,2251,4461
word_0004.nii.gz,14,bladder,0.8935552489364148,0.669466631953683,31085,5735,1671
word_0004.nii.gz,15,head_of_femur_left,0.9375663119727232,0.8316220015839176,45509,3483,2578
word_0004.nii.gz,16,head_of_femur_right,0.9379368997490095,0.816628637582046,45217,2407,3577
word_0005.nii.gz,1,liver,0.9506381007060909,0.6983668739658577,471892,7250,41756
word_0005.nii.gz,2,spleen,0.9227211226833643,0.7862904757813879,58650,2038,7786
word_0005.nii.gz,3,left_kidney,0.9383190077509499,0.8341609448562886,58895,2387,5356
word_0005.nii.gz,4,right_kidney,0.9298228442791426,0.7978090467461083,47500,3964,3206
word_0005.nii.gz,5,stomach,0.9478271400684362,0.7785389642766974,230876,8295,17122
word_0005.nii.gz,6,gallbladder,0.751188589540412,0.7151846158219245,1185,694,91
word_0005.nii.gz,7,esophagus,0.7362872204017666,0.7287216628935052,2584,1173,678
word_0005.nii.gz,8,pancreas,0.8500247378584994,0.7154729920383258,26630,1141,8256
word_0005.nii.gz,9,duodenum,0.6967060575044198,0.50561767025383,14975,6680,6358
word_0005.nii.gz,10,colon,0.7409667405764967,0.502150120641818,146202,56870,45351
word_0005.nii.gz,11,intestine,0.7770985785634521,0.6137208126108721,233468,41447,92488
word_0005.nii.gz,12,adrenal,0.46668077004442565,0.5310756801632627,1103,2063,458
word_0005.nii.gz,13,rectum,0.5923822121931293,0.49156941345945987,7613,5786,4691
word_0005.nii.gz,14,bladder,0.9543579042221458,0.7546332794264474,160983,5381,10017
word_0005.nii.gz,15,head_of_femur_left,0.9092742620814684,0.7259722132128352,40124,2801,5206
word_0005.nii.gz,16,head_of_femur_right,0.90322881454715,0.6833272308817628,38744,1553,6749
word_0006.nii.gz,1,liver,0.9570749177031188,0.7246303047127486,512572,8753,37225
word_0006.nii.gz,2,spleen,0.9291588091631372,0.8131766120286316,60111,2045,7121
word_0006.nii.gz,3,left_kidney,0.9479549416655492,0.867652240174368,70689,3075,4687
word_0006.nii.gz,4,right_kidney,0.9479734559922592,0.8675676638606155,65641,3000,4205
word_0006.nii.gz,5,stomach,0.9178183774509447,0.754811844980171,126245,13206,9402
word_0006.nii.gz,6,gallbladder,0.8066273263731275,0.7574805248826577,1777,488,364
word_0006.nii.gz,7,esophagus,0.6212507977026165,0.5599416172702418,3894,3890,858
word_0006.nii.gz,8,pancreas,0.8780297220252652,0.7924020266862597,30339,4923,3506
word_0006.nii.gz,9,duodenum,0.6382440108668808,0.47651424258098507,20674,10350,13086
word_0006.nii.gz,10,colon,0.8169613103643039,0.6621932122955083,144643,53589,11225
word_0006.nii.gz,11,intestine,0.8830023026203236,0.7680048757221486,348389,28315,64008
word_0006.nii.gz,12,adrenal,0.6040709126723572,0.6569716990653864,1840,1562,850
word_0006.nii.gz,13,rectum,0.6020303527481542,0.519744246345828,5871,7199,563
word_0006.nii.gz,14,bladder,0.9097604970437919,0.8059645264700052,18157,1754,1848
word_0006.nii.gz,15,head_of_femur_left,0.8937462446613293,0.681203063686969,55036,737,12349
word_0006.nii.gz,16,head_of_femur_right,0.907186373742806,0.6674053677918552,56510,3245,8318
word_0008.nii.gz,1,liver,0.9489884149581647,0.7632895711812943,256271,10395,17156
word_0008.nii.gz,2,spleen,0.9513718476122339,0.8675684724300211,66489,2737,4060
word_0008.nii.gz,3,left_kidney,0.9325804383703643,0.8516159093311483,34187,1518,3425
word_0008.nii.gz,4,right_kidney,0.933147013053006,0.8491753119510034,29382,1983,2227
word_0008.nii.gz,5,stomach,0.8690400508582327,0.6720992809303675,38276,3372,8164
word_0008.nii.gz,6,gallbladder,0.305414551607445,0.31092052361307965,722,3160,124
word_0008.nii.gz,7,esophagus,0.782479437122188,0.6608243296681523,3948,903,1292
word_0008.nii.gz,8,pancreas,0.8230853283003874,0.7102294138876609,16572,2734,4390
word_0008.nii.gz,9,duodenum,0.6849865951742627,0.556904731824191,8687,5003,2987
word_0008.nii.gz,10,colon,0.7980573995758404,0.6220067898110819,158987,45691,34770
word_0008.nii.gz,11,intestine,0.8362924236107451,0.655127793566928,261775,37187,65300
word_0008.nii.gz,12,adrenal,0.6018310589048195,0.642421367192063,1742,1294,1011
word_0008.nii.gz,13,rectum,0.8554866384557417,0.7150622140725647,14758,2718,2268
word_0008.nii.gz,14,bladder,0.951651561680773,0.7559215537670163,127055,3201,9709
word_0008.nii.gz,15,head_of_femur_left,0.8378970679831138,0.5737027079187286,36322,10406,3648
word_0008.nii.gz,16,head_of_femur_right,0.8779592039307161,0.6184066416280658,35380,7717,2119
word_0009.nii.gz,1,liver,0.9663913953228916,0.8188056775455855,636663,17663,26620
word_0009.nii.gz,2,spleen,0.9561419087893784,0.890024043668379,99597,3057,6080
word_0009.nii.gz,3,left_kidney,0.9131274131274131,0.8076986506977688,35002,5105,1555
word_0009.nii.gz,4,right_kidney,0.9540559233277344,0.8895921047198906,86904,5374,2996
word_0009.nii.gz,5,stomach,0.9434578404444841,0.8105886111781461,142723,9413,7694
word_0009.nii.gz,6,gallbladder,0.7467204843592331,0.6742023158380549,1480,390,614
word_0009.nii.gz,7,esophagus,0.7702608174278005,0.7810419417383828,3854,1634,665
word_0009.nii.gz,8,pancreas,0.848482706208798,0.7659557090329178,24004,4937,3636
word_0009.nii.gz,9,duodenum,0.8076137840011548,0.6999389730554457,19581,5387,3942
word_0009.nii.gz,10,colon,0.865696363885148,0.6899081443200643,300520,61345,31900
word_0009.nii.gz,11,intestine,0.8424259928623719,0.6742457725992839,294593,51080,59126
word_0009.nii.gz,12,adrenal,0.6767162746039367,0.7096859591456385,3524,1937,1430
word_0009.nii.gz,13,rectum,0.8235112619561864,0.4528448941729643,29359,1693,10891
word_0009.nii.gz,14,bladder,0.6885231316725978,0.44194496581105336,7739,6019,983
word_0009.nii.gz,15,head_of_femur_left,0.9361666022456233,0.8193299828444979,49651,2793,3978
word_0009.nii.gz,16,head_of_femur_right,0.9237392134328067,0.7607733519050657,47422,3306,4524
word_0010.nii.gz,1,liver,0.9506090909968435,0.7680584041654203,393921,13166,27768
word_0010.nii.gz,2,spleen,0.9484938407061992,0.8691721653494889,76073,2285,5977
word_0010.nii.gz,3,left_kidney,0.9268182734854147,0.8443182738570107,39064,1996,4173
word_0010.nii.gz,4,right_kidney,0.9160713405922057,0.8180853316431947,37187,3904,2910
word_0010.nii.gz,5,stomach,0.9331635209328236,0.6897542766434842,266337,13074,25078
word_0010.nii.gz,6,gallbladder,0.721873968987133,0.5733892359896646,2188,278,1408
word_0010.nii.gz,7,esophagus,0.5712289108515524,0.5074921620576738,2861,460,3835
word_0010.nii.gz,8,pancreas,0.7084114485689289,0.6038591261932997,11336,5974,3358
word_0010.nii.gz,9,duodenum,0.6375614552605703,0.4652669913273761,11347,4293,8608
word_0010.nii.gz,10,colon,0.7935459616537457,0.598077817100484,234300,18947,102967
word_0010.nii.gz,11,intestine,0.7335204970043975,0.6217879015331286,198831,93048,51418
word_0010.nii.gz,12,adrenal,0.630674305861613,0.7075042332479886,1431,1053,623
word_0010.nii.gz,13,rectum,0.7903330142055011,0.5719619606944508,15272,6597,1506
word_0010.nii.gz,14,bladder,0.8796547711404189,0.6615634077854504,27213,5193,2253
word_0010.nii.gz,15,head_of_femur_left,0.827748591683018,0.6976549215002081,32694,10747,2860
word_0010.nii.gz,16,head_of_femur_right,0.7735468935744229,0.589431728076811,30909,15156,2941
word_0011.nii.gz,1,liver,0.9657774750708024,0.8189461765267038,528909,15288,22196
word_0011.nii.gz,2,spleen,0.9588692991403176,0.9107240845067781,82259,3199,3858
word_0011.nii.gz,3,left_kidney,0.8940989919583192,0.7525659781292372,27629,6079,466
word_0011.nii.gz,4,right_kidney,0.9532353960594022,0.8873151089611955,71506,5535,1481
word_0011.nii.gz,5,stomach,0.9388864539841449,0.7894487596719529,122105,5117,10779
word_0011.nii.gz,6,gallbladder,0.7107728337236534,0.603735104391575,1214,545,443
word_0011.nii.gz,7,esophagus,0.7311344327836082,0.7632082312435495,2926,1718,434
word_0011.nii.gz,8,pancreas,0.8398677985872595,0.752147447005535,19440,4396,3017
word_0011.nii.gz,9,duodenum,0.7839127471029311,0.7051649232545611,15525,5528,3031
word_0011.nii.gz,10,colon,0.8633577533367012,0.6999026191984385,250369,51786,27465
word_0011.nii.gz,11,intestine,0.8360291479940676,0.6802897770308497,234219,52062,39813
word_0011.nii.gz,12,adrenal,0.6645655110310671,0.6663361401417944,2952,1663,1317
word_0011.nii.gz,13,rectum,0.8264701334845127,0.5338536082178268,24054,1918,8183
word_0011.nii.gz,14,bladder,0.032297628781684386,0.14478966729865186,237,10590,3612
word_0011.nii.gz,15,head_of_femur_left,0.934318405006052,0.8199302482840143,40911,2868,2884
word_0011.nii.gz,16,head_of_femur_right,0.916043284775165,0.75016300093513,38390,3906,3131
word_0012.nii.gz,1,liver,0.9465568747213782,0.7142363213890064,461818,15105,37044
word_0012.nii.gz,2,spleen,0.9413002151907285,0.83444029946442,48773,2896,3187
word_0012.nii.gz,3,left_kidney,0.920654540614036,0.7672687211295787,48414,3466,4879
word_0012.nii.gz,4,right_kidney,0.9008490847804753,0.6994796526244158,52783,4201,7418
word_0012.nii.gz,5,stomach,0.9246588307128683,0.7984892003292858,75718,4262,8077
word_0012.nii.gz,6,gallbladder,0.5763353003480103,0.4489776747574317,3809,5147,453
word_0012.nii.gz,7,esophagus,0.6122685185185185,0.5129755910210995,529,407,263
word_0012.nii.gz,8,pancreas,0.765935934555816,0.6025825733229325,16666,1528,8658
word_0012.nii.gz,9,duodenum,0.7764956850576942,0.6233706305061284,16016,5149,4071
word_0012.nii.gz,10,colon,0.8277955556999448,0.6436115403489663,203843,52587,32223
word_0012.nii.gz,11,intestine,0.8558973769103276,0.7109177954226447,327403,34486,75760
word_0012.nii.gz,12,adrenal,0.7086691086691087,0.724047361276019,2902,727,1659
word_0012.nii.gz,13,rectum,0.8769868693849343,0.7038190189933407,21573,4248,1804
word_0012.nii.gz,14,bladder,0.9388104474564558,0.7672027896162336,59775,5219,2573
word_0012.nii.gz,15,head_of_femur_left,0.924238413193321,0.7866256584920757,47132,4282,3445
word_0012.nii.gz,16,head_of_femur_right,0.904729253382522,0.7205073414868853,46841,4336,5529
word_0013.nii.gz,1,liver,0.9678957316850914,0.8433233523482168,464694,12205,18622
word_0013.nii.gz,2,spleen,0.9391958785567616,0.8193833534077395,102455,2496,10770
word_0013.nii.gz,3,left_kidney,0.9483003541345711,0.893253004168023,47397,3132,2036
word_0013.nii.gz,4,right_kidney,0.9481865822653454,0.8983497104928019,45686,3401,1592
word_0013.nii.gz,5,stomach,0.9651055484109545,0.823762002734833,292302,11365,9772
word_0013.nii.gz,6,gallbladder,0.8910089004956564,0.8287050328548133,8359,1097,948
word_0013.nii.gz,7,esophagus,0.8823849926052775,0.8763414615869642,5668,1177,334
word_0013.nii.gz,8,pancreas,0.8541410833674444,0.7780472810921767,21910,3021,4462
word_0013.nii.gz,9,duodenum,0.8683021787416706,0.8247143277467854,17396,2222,3055
word_0013.nii.gz,10,colon,0.9059820604141934,0.7611658915027706,247257,33067,18251
word_0013.nii.gz,11,intestine,0.9052811723000264,0.8197212115988207,359178,32771,42390
word_0013.nii.gz,12,adrenal,0.6745144202472042,0.7585451897609851,2292,892,1320
word_0013.nii.gz,13,rectum,0.805371095795714,0.522291937077919,19223,2102,7189
word_0013.nii.gz,14,bladder,0.9702736804157779,0.9030362214237743,129190,5055,2861
word_0013.nii.gz,15,head_of_femur_left,0.9325540751320166,0.8420992824601387,49624,1054,6124
word_0013.nii.gz,16,head_of_femur_right,0.9072818756769978,0.72757151289435,51931,3552,7062
word_0018.nii.gz,1,liver,0.957074551252697,0.7759679578625988,347988,6511,24704
word_0018.nii.gz,2,spleen,0.9447139215408582,0.8488116674111961,53365,645,5601
word_0018.nii.gz,3,left_kidney,0.9363449271504193,0.8616750206015339,45725,1406,4811
word_0018.nii.gz,4,right_kidney,0.9388012902934741,0.8607575543426319,41618,1853,3573
word_0018.nii.gz,5,stomach,0.9326405666593455,0.835531068573046,67941,4032,5782
word_0018.nii.gz,6,gallbladder,0.877802392556491,0.8475382210790362,4953,552,827
word_0018.nii.gz,7,esophagus,0.8017263928851687,0.7715263567408271,3065,523,993
word_0018.nii.gz,8,pancreas,0.8303251031010658,0.7341731957572021,15503,1221,5115
word_0018.nii.gz,9,duodenum,0.7953581301146783,0.6882322210769509,14530,2567,4910
word_0018.nii.gz,10,colon,0.8842304523863775,0.7958717570950458,100896,17879,8541
word_0018.nii.gz,11,intestine,0.8914705040038383,0.8154318300540631,239687,35618,22742
word_0018.nii.gz,12,adrenal,0.7228541882109617,0.8167722431201635,2097,462,1146
word_0018.nii.gz,13,rectum,0.8190878104203863,0.628206204644509,12616,3399,2174
word_0018.nii.gz,14,bladder,0.9430102709037017,0.7938901971234456,54721,2548,4066
word_0018.nii.gz,15,head_of_femur_left,0.8648281756705799,0.745629979414029,34402,7875,2879
word_0018.nii.gz,16,head_of_femur_right,0.8785240513189053,0.7350850119439861,37285,7010,3301
word_0020.nii.gz,1,liver,0.9578826157349287,0.827668488066075,276591,6877,17446
word_0020.nii.gz,2,spleen,0.915622328525437,0.8003610679145908,25170,1489,3150
word_0020.nii.gz,3,left_kidney,0.9458716589113733,0.8834108320813548,43704,2137,2865
word_0020.nii.gz,4,right_kidney,0.9403131115459883,0.8486242105663886,35557,2831,1683
word_0020.nii.gz,5,stomach,0.9464865490015768,0.8268990217439706,167769,11255,7716
word_0020.nii.gz,6,gallbladder,0.740240487563828,0.6838647887361794,2247,992,585
word_0020.nii.gz,7,esophagus,0.7450980392156863,0.7413697456834027,2489,1096,607
word_0020.nii.gz,8,pancreas,0.832397164512252,0.7714092421282629,16968,2448,4385
word_0020.nii.gz,9,duodenum,0.7276993874379057,0.6617482458311793,11939,4215,4720
word_0020.nii.gz,10,colon,0.8279223171125631,0.6516033791039737,146096,15823,44907
word_0020.nii.gz,11,intestine,0.8503791500533473,0.6627723171117486,237911,51216,32503
word_0020.nii.gz,12,adrenal,0.6406646665128086,0.6563101593720323,1388,954,603
word_0020.nii.gz,13,rectum,0.8108765740008517,0.31613268688912005,26660,1512,10924
word_0020.nii.gz,14,bladder,0.9591410800876364,0.8383706901129483,92372,5370,2500
word_0020.nii.gz,15,head_of_femur_left,0.9230267619594137,0.8088496450897558,35387,3675,2227
word_0020.nii.gz,16,head_of_femur_right,0.9257911735794621,0.7971309237431955,36260,3713,2100
word_0022.nii.gz,1,liver,0.9616783327267546,0.8246699489310564,340864,11208,15958
word_0022.nii.gz,2,spleen,0.9530635753597484,0.864087582704196,78186,3347,4354
word_0022.nii.gz,3,left_kidney,0.9340809689357408,0.8501614343546291,62469,3915,4902
word_0022.nii.gz,4,right_kidney,0.943580112681625,0.8754350466295253,47731,2484,3224
word_0022.nii.gz,5,stomach,0.9254005107172202,0.7442838932386379,135716,15777,6104
word_0022.nii.gz,6,gallbladder,0.7270841974284529,0.6876548843389477,3506,2228,404
word_0022.nii.gz,7,esophagus,0.7139901732609257,0.606041101875223,2761,2126,86
word_0022.nii.gz,8,pancreas,0.8159477573466232,0.7165708842985357,21366,4731,4908
word_0022.nii.gz,9,duodenum,0.7681213017751479,0.6916005840638634,22847,3987,9807
word_0022.nii.gz,10,colon,0.8576387489710039,0.7542716162889349,148983,34315,15145
word_0022.nii.gz,11,intestine,0.8740009680760052,0.7766278384895932,310571,42370,47176
word_0022.nii.gz,12,adrenal,0.7718915550015581,0.844675085598736,2477,945,519
word_0022.nii.gz,13,rectum,0.7716874679432382,0.4734141754967171,22568,584,12770
word_0022.nii.gz,14,bladder,0.9428946779964222,0.775459160685235,67466,4867,3305
word_0022.nii.gz,15,head_of_femur_left,0.8949581953672243,0.6672312724530455,62030,4603,9958
word_0022.nii.gz,16,head_of_femur_right,0.8958675125509608,0.6359659023378104,63616,3364,11425
word_0026.nii.gz,1,liver,0.9537241374468474,0.7745249076768354,407533,19662,19886
word_0026.nii.gz,2,spleen,0.9573495505193731,0.9120232528279903,59584,2202,3107
word_0026.nii.gz,3,left_kidney,0.9239391842355892,0.8005473097824621,67424,7403,3698
word_0026.nii.gz,4,right_kidney,0.9372681461784554,0.8327399376020058,78955,7421,3148
word_0026.nii.gz,5,stomach,0.9277676790721293,0.7921724025214906,126066,11211,8419
word_0026.nii.gz,6,gallbladder,0.797475106685633,0.7180395327583214,4485,1364,914
word_0026.nii.gz,7,esophagus,0.7282484109617589,0.6653911756941693,6989,4009,1207
word_0026.nii.gz,8,pancreas,0.85403186728615,0.724268498281717,29962,4300,5942
word_0026.nii.gz,9,duodenum,0.6940639269406392,0.5321312620817414,20976,8344,10148
word_0026.nii.gz,10,colon,0.7531987794721727,0.6044546391884963,213890,30397,109774
word_0026.nii.gz,11,intestine,0.8553665596534146,0.6832610676317352,335843,66057,47518
word_0026.nii.gz,12,adrenal,0.5999673575975192,0.6860404856998895,1838,1439,1012
word_0026.nii.gz,13,rectum,0.7361281313232068,0.5441079093868416,12915,7375,1884
word_0026.nii.gz,14,bladder,0.86750600352577,0.6215806846924351,31248,6996,2549
word_0026.nii.gz,15,head_of_femur_left,0.9123045232566214,0.7242384470793467,59126,6960,4407
word_0026.nii.gz,16,head_of_femur_right,0.9118502418416702,0.6743447024443813,59573,6777,4741
word_0027.nii.gz,1,liver,0.962392923947222,0.839488074062457,286322,10655,11722
word_0027.nii.gz,2,spleen,0.9365245407757646,0.836143752942819,44764,1503,4565
word_0027.nii.gz,3,left_kidney,0.921154771779983,0.8155599539723836,44974,3127,4572
word_0027.nii.gz,4,right_kidney,0.9265751018126647,0.8131212419982989,46414,2443,4913
word_0027.nii.gz,5,stomach,0.8807475868787735,0.6430958969743658,68708,8355,10251
word_0027.nii.gz,6,gallbladder,0.888314606741573,0.8116342344439598,7906,515,1473
word_0027.nii.gz,7,esophagus,0.6346909891492373,0.5169035466045525,2018,1632,691
word_0027.nii.gz,8,pancreas,0.8258250806469806,0.7068052210890086,18304,2103,5618
word_0027.nii.gz,9,duodenum,0.8286974579739582,0.6974770888085285,27335,4036,7265
word_0027.nii.gz,10,colon,0.7485868720799186,0.5963888654573115,171039,92478,22409
word_0027.nii.gz,11,intestine,0.8423905727097771,0.6481928504177809,444281,30794,135454
word_0027.nii.gz,12,adrenal,0.7428047242288728,0.7625493899958065,3239,1279,964
word_0027.nii.gz,13,rectum,0.8481890253381004,0.7268339521521863,13641,2528,2355
word_0027.nii.gz,14,bladder,0.9506194276955134,0.7813817370701354,79381,1988,6259
word_0027.nii.gz,15,head_of_femur_left,0.938354340112208,0.822111709261666,54608,1591,5584
word_0027.nii.gz,16,head_of_femur_right,0.9247442009063317,0.7281897943316249,54995,4443,4508
word_0028.nii.gz,1,liver,0.9558432328025351,0.7977871856197333,373869,13493,21050
word_0028.nii.gz,2,spleen,0.9603012196120161,0.9163404344244711,52794,1651,2714
word_0028.nii.gz,3,left_kidney,0.9596354394882132,0.9342963179742283,54752,2985,1621
word_0028.nii.gz,4,right_kidney,0.9560715645222687,0.9048615967472795,56511,2009,3184
word_0028.nii.gz,5,stomach,0.8921098312853271,0.7714286297340059,52163,4626,7991
word_0028.nii.gz,6,gallbladder,0.8187421103438034,0.6980363477181077,5513,2119,322
word_0028.nii.gz,7,esophagus,0.721666091358877,0.7208117583661556,3136,1670,749
word_0028.nii.gz,8,pancreas,0.8579465113803956,0.7684221321455451,28214,2516,6827
word_0028.nii.gz,9,duodenum,0.7143272666832876,0.6204541760449533,17191,10331,3419
word_0028.nii.gz,10,colon,0.8088297498053075,0.6843707414052538,204604,79124,17594
word_0028.nii.gz,11,intestine,0.8529565964445945,0.7440527927835794,290404,29559,70568
word_0028.nii.gz,12,adrenal,0.7401993355481727,0.8023261806116735,2228,1051,513
word_0028.nii.gz,13,rectum,0.7565501281097612,0.45888671299459877,18307,2818,8964
word_0028.nii.gz,14,bladder,0.9689170352646772,0.8701739540263543,176558,4611,6717
word_0028.nii.gz,15,head_of_femur_left,0.9445705685789353,0.8784494070224167,37030,2453,1893
word_0028.nii.gz,16,head_of_femur_right,0.9288642207907936,0.7891093868409712,36483,3542,2046
word_0029.nii.gz,1,liver,0.9596582332558029,0.7887101478724249,505428,10866,31628
word_0029.nii.gz,2,spleen,0.941435971532656,0.8313272542187621,61247,1228,6392
word_0029.nii.gz,3,left_kidney,0.9407979967481936,0.8461379708028465,54102,1294,5515
word_0029.nii.gz,4,right_kidney,0.9417458895599157,0.8473737643592162,65182,2011,6053
word_0029.nii.gz,5,stomach,0.91797963001455,0.7513661494614186,66246,1586,10252
word_0029.nii.gz,6,gallbladder,0.6796969175133459,0.6316076450281695,3947,2759,961
word_0029.nii.gz,7,esophagus,0.814494212380473,0.7397182043627182,4046,963,880
word_0029.nii.gz,8,pancreas,0.8729943885176099,0.7616579006155135,30959,1243,7765
word_0029.nii.gz,9,duodenum,0.833791790097334,0.7569216625108129,15762,3600,2684
word_0029.nii.gz,10,colon,0.9174656056273267,0.822936937129754,227470,15154,25772
word_0029.nii.gz,11,intestine,0.9162912356041382,0.8798119531097266,293385,35432,18173
word_0029.nii.gz,12,adrenal,0.7385422418553286,0.8291700314986106,2675,1197,697
word_0029.nii.gz,13,rectum,0.8833755402806603,0.7229829785615355,23197,3380,2745
word_0029.nii.gz,14,bladder,0.9623274374190575,0.772834346101415,192082,2513,12526
word_0029.nii.gz,15,head_of_femur_left,0.9379605192447783,0.8476985086048753,39271,2721,2474
word_0029.nii.gz,16,head_of_femur_right,0.9168261879141417,0.7333617134264253,40471,4921,2422
word_0030.nii.gz,1,liver,0.9565345984596262,0.725081195448535,598310,6270,48105
word_0030.nii.gz,2,spleen,0.9404563232536711,0.8310079002264367,72978,3590,5651
word_0030.nii.gz,3,left_kidney,0.9474168349490841,0.9035510734168313,65917,4081,3236
word_0030.nii.gz,4,right_kidney,0.9455210613696134,0.8749149302519841,64355,2935,4481
word_0030.nii.gz,5,stomach,0.8888262511301388,0.7118458352886937,83563,11110,9794
word_0030.nii.gz,6,gallbladder,0.8793257423532038,0.7075021248463808,15754,798,3526
word_0030.nii.gz,7,esophagus,0.8301329394387001,0.7573819684536856,7587,2072,1033
word_0030.nii.gz,8,pancreas,0.862239261810384,0.7705007785650883,26538,2719,5761
word_0030.nii.gz,9,duodenum,0.6514053254437869,0.5214722426712406,17614,3833,15019
word_0030.nii.gz,10,colon,0.8146336296139364,0.6125605845200636,296079,98734,36009
word_0030.nii.gz,11,intestine,0.8346861393846775,0.7558673286169967,347373,33880,103718
word_0030.nii.gz,12,adrenal,0.6611877810513258,0.746442741405079,2132,1171,1014
word_0030.nii.gz,13,rectum,0.74493892724376,0.5649647772004637,17534,5893,6114
word_0030.nii.gz,14,bladder,0.9574911027889559,0.8470759192730625,82327,2292,5018
word_0030.nii.gz,15,head_of_femur_left,0.9381225174155172,0.8396224346063327,46999,1735,4465
word_0030.nii.gz,16,head_of_femur_right,0.9217925537803033,0.76092290940071,49963,2373,6105
word_0032.nii.gz,1,liver,0.9671839788689176,0.8488726443749941,393994,6420,20316
word_0032.nii.gz,2,spleen,0.9479144308506833,0.8933131108534195,39747,994,3374
word_0032.nii.gz,3,left_kidney,0.9499995341860833,0.8892495570699326,50986,3485,1882
word_0032.nii.gz,4,right_kidney,0.9386978785662033,0.8711458139057874,51328,4571,2133
word_0032.nii.gz,5,stomach,0.9611839113719979,0.9158063674120304,116260,4887,4503
word_0032.nii.gz,6,gallbladder,0.8749619095987811,0.9062366483752294,4307,522,709
word_0032.nii.gz,7,esophagus,0.8654753616461669,0.8874100510249544,5594,1012,727
word_0032.nii.gz,8,pancreas,0.8395159317185177,0.7413972324263476,22303,2648,5879
word_0032.nii.gz,9,duodenum,0.8139795127829904,0.7697271084343735,14184,4655,1828
word_0032.nii.gz,10,colon,0.8837389193244496,0.7495745542870288,284476,44266,30583
word_0032.nii.gz,11,intestine,0.8646388234195183,0.7261793044651556,319347,35505,64484
word_0032.nii.gz,12,adrenal,0.7323323323323323,0.8039816134613712,1829,925,412
word_0032.nii.gz,13,rectum,0.7963112512048349,0.5973046407666004,15284,903,6916
word_0032.nii.gz,14,bladder,0.8065609550422461,0.6105702036483941,24390,10157,1542
word_0032.nii.gz,15,head_of_femur_left,0.9341004967424678,0.850121914790189,37421,2228,3052
word_0032.nii.gz,16,head_of_femur_right,0.9189748277147702,0.771183292175224,38205,3205,3532
word_0036.nii.gz,1,liver,0.9486107421375528,0.7853229028029529,382071,23649,17747
word_0036.nii.gz,2,spleen,0.9564911633196093,0.8185353992547771,191776,4425,13022
word_0036.nii.gz,3,left_kidney,0.9383803848783824,0.8493456422105966,48031,3100,3208
word_0036.nii.gz,4,right_kidney,0.9315607487778705,0.8649765182203133,39065,3655,2085
word_0036.nii.gz,5,stomach,0.9248410782043069,0.7923776506238426,93839,8284,6968
word_0036.nii.gz,6,gallbladder,0.13245033112582782,0.08447849440024736,840,2012,8992
word_0036.nii.gz,7,esophagus,0.6968952423497878,0.686841783449758,3120,2294,420
word_0036.nii.gz,8,pancreas,0.8274787255095982,0.7154235102695352,16725,2385,4589
word_0036.nii.gz,9,duodenum,0.7948183521093317,0.6709385730708607,15063,5272,2505
word_0036.nii.gz,10,colon,0.8530399114525685,0.6892087185578905,163773,25410,31019
word_0036.nii.gz,11,intestine,0.9008870652901771,0.7243044970584902,348446,43773,32897
word_0036.nii.gz,12,adrenal,0.5373403843673417,0.5409471023389982,2083,2935,652
word_0036.nii.gz,13,rectum,0.7199532854738433,0.5419914274491653,10480,7015,1138
word_0036.nii.gz,14,bladder,0.9546893110506457,0.8026148831329577,116137,6058,4966
word_0036.nii.gz,15,head_of_femur_left,0.9281327972489043,0.8167732459002904,35896,4752,807
word_0036.nii.gz,16,head_of_femur_right,0.9219144228654237,0.7831475348838477,35626,4606,1429
word_0038.nii.gz,1,liver,0.9461589307267906,0.7127218294592408,670619,48215,28108
word_0038.nii.gz,2,spleen,0.9690284063416161,0.784533127139783,544718,7050,27770
word_0038.nii.gz,3,left_kidney,0.9277772406458474,0.7882681873314912,86364,6489,6957
word_0038.nii.gz,4,right_kidney,0.9337397814737848,0.8131818970907009,64478,4438,4713
word_0038.nii.gz,5,stomach,0.8567123915954243,0.4630175671985794,173716,45801,12308
word_0038.nii.gz,6,gallbladder,0.4206634823005954,0.21061397372356816,6429,15761,1947
word_0038.nii.gz,7,esophagus,0.7318824117406516,0.4817301627774502,8054,952,4949
word_0038.nii.gz,8,pancreas,0.7530597919724331,0.5614138056721385,29503,10560,8789
word_0038.nii.gz,9,duodenum,0.6910810276324542,0.5501347735445239,19220,3216,13967
word_0038.nii.gz,10,colon,0.7500090942355385,0.46500654415416115,350501,143547,90109
word_0038.nii.gz,11,intestine,0.6154921399404512,0.375684048584961,489199,368084,243137
word_0038.nii.gz,12,adrenal,0.6668175645088276,0.7137783337300073,2946,787,2157
word_0038.nii.gz,13,rectum,0.702354375465096,0.48645729137626464,22180,6732,12067
word_0038.nii.gz,14,bladder,0.3838239028746037,0.29856039946301843,46853,144034,6398
word_0038.nii.gz,15,head_of_femur_left,0.7695278760124509,0.5948200850467183,47219,23036,5248
word_0038.nii.gz,16,head_of_femur_right,0.7607934284258787,0.5140053337303345,47790,24194,5858
word_0040.nii.gz,1,liver,0.9400331440642073,0.6935494137775671,267454,9141,24982
word_0040.nii.gz,2,spleen,0.8886751054852321,0.6613999004801178,26327,623,5973
word_0040.nii.gz,3,left_kidney,0.9052645751985997,0.7724974319940077,33617,3565,3471
word_0040.nii.gz,4,right_kidney,0.9234739060066571,0.8351142151308317,30241,2887,2125
word_0040.nii.gz,5,stomach,0.9028131318524234,0.6898252227644001,131051,13944,14271
word_0040.nii.gz,6,gallbladder,0.7109634551495017,0.5655542795702182,3959,1367,1852
word_0040.nii.gz,7,esophagus,0.705955181379225,0.7012289297173566,2851,1998,377
word_0040.nii.gz,8,pancreas,0.7739056069271474,0.6519861148376672,14479,4914,3546
word_0040.nii.gz,9,duodenum,0.7362856624601591,0.6362347731412488,28414,2870,17484
word_0040.nii.gz,10,colon,0.7829258576905841,0.6176842688876222,220129,84499,37567
word_0040.nii.gz,11,intestine,0.7961015233851817,0.6970250185962459,238352,31875,90219
word_0040.nii.gz,12,adrenal,0.5986597170513775,0.6462755750960967,2010,1838,857
word_0040.nii.gz,13,rectum,0.7524137931034482,0.620576022531368,7637,4068,958
word_0040.nii.gz,14,bladder,0.951472300607383,0.8294919691498395,90701,2216,7036
word_0040.nii.gz,15,head_of_femur_left,0.9262314668365895,0.7955128584531082,40700,4937,1546
word_0040.nii.gz,16,head_of_femur_right,0.914368146468974,0.750143567839741,42151,4317,3578
word_0041.nii.gz,1,liver,0.9588868659018314,0.840426681739401,284134,10299,14066
word_0041.nii.gz,2,spleen,0.9518800884747518,0.9174749362285912,40453,2059,2031
word_0041.nii.gz,3,left_kidney,0.951071697907486,0.904030680003203,52337,3056,2329
word_0041.nii.gz,4,right_kidney,0.9444494641921318,0.8624056077512433,52263,3742,2406
word_0041.nii.gz,5,stomach,0.9389526928738294,0.7682134537258606,162982,8441,12752
word_0041.nii.gz,6,gallbladder,0.3913963328631876,0.45123799658531893,555,1431,295
word_0041.nii.gz,7,esophagus,0.7830347573112847,0.8078553922880763,2557,705,712
word_0041.nii.gz,8,pancreas,0.8124143332680634,0.7139420656327108,20745,3876,5704
word_0041.nii.gz,9,duodenum,0.5436041284568633,0.491638980746223,7558,8419,4272
word_0041.nii.gz,10,colon,0.8243369734789392,0.6580469672718477,150594,48785,15397
word_0041.nii.gz,11,intestine,0.8614335334532689,0.6241194487786696,231515,27351,47130
word_0041.nii.gz,12,adrenal,0.6039119804400978,0.6344563794133238,1729,1390,878
word_0041.nii.gz,13,rectum,0.7966436885523788,0.5558271747662412,14099,3261,3937
word_0041.nii.gz,14,bladder,0.9263208855625049,0.7345187967778064,70795,8769,2493
word_0041.nii.gz,15,head_of_femur_left,0.923869003071047,0.8303419630141897,35799,1490,4410
word_0041.nii.gz,16,head_of_femur_right,0.9143101194559126,0.7792879613148987,35323,1979,4642
word_0042.nii.gz,1,liver,0.967266017948727,0.8451233632231782,410484,10761,17022
word_0042.nii.gz,2,spleen,0.9551323124239124,0.9091452339887525,59627,1674,3928
word_0042.nii.gz,3,left_kidney,0.9360111986333871,0.8677916905233125,39451,3179,2215
word_0042.nii.gz,4,right_kidney,0.9324649933222267,0.8861444879052736,33862,3520,1385
word_0042.nii.gz,5,stomach,0.9406795640532488,0.7870298757551212,162136,11493,8956
word_0042.nii.gz,6,gallbladder,0.8723681970376256,0.7814882209250221,7686,1375,874
word_0042.nii.gz,7,esophagus,0.8314017938123551,0.7727392330410834,4125,882,791
word_0042.nii.gz,8,pancreas,0.8647091446881933,0.7532437239131575,28065,4397,4385
word_0042.nii.gz,9,duodenum,0.7745560607360384,0.6710296725987566,18058,3626,6886
word_0042.nii.gz,10,colon,0.8360744628369,0.607326475843377,290650,58808,55165
word_0042.nii.gz,11,intestine,0.8246752097539858,0.6623269164710748,302883,52057,76728
word_0042.nii.gz,12,adrenal,0.7840503072745463,0.8429872661548131,2743,872,639
word_0042.nii.gz,13,rectum,0.7723347267766402,0.5193404499435629,15427,2366,6729
word_0042.nii.gz,14,bladder,0.947355593468194,0.7741095581887286,77740,7218,1422
word_0042.nii.gz,15,head_of_femur_left,0.9242275733573516,0.7816417271311561,52333,1777,6804
word_0042.nii.gz,16,head_of_femur_right,0.917702914634878,0.7234300461141508,53542,4010,5593
word_0044.nii.gz,1,liver,0.9475309620145294,0.7396568374358107,269077,6319,23481
word_0044.nii.gz,2,spleen,0.9214674221678172,0.7728216247528576,36509,1282,4941
word_0044.nii.gz,3,left_kidney,0.9405138138444286,0.8872639310183845,36902,1588,3080
word_0044.nii.gz,4,right_kidney,0.9293248048937384,0.8400521212548901,38284,2486,3337
word_0044.nii.gz,5,stomach,0.914320002625201,0.6802808986981813,97520,4658,13619
word_0044.nii.gz,6,gallbladder,0.7654056626219368,0.6676625572959847,3217,1111,861
word_0044.nii.gz,7,esophagus,0.7080630213160334,0.6307163265465325,3820,1718,1432
word_0044.nii.gz,8,pancreas,0.8596587199350615,0.7514072879851653,24358,1761,6192
word_0044.nii.gz,9,duodenum,0.7204726667813917,0.6122123230239753,12560,2842,6904
word_0044.nii.gz,10,colon,0.8660851949468599,0.6969873910895705,289007,44134,45239
word_0044.nii.gz,11,intestine,0.8281801859742208,0.700589492777368,231789,40580,55597
word_0044.nii.gz,12,adrenal,0.7102486355366889,0.7090269045948335,2928,660,1729
word_0044.nii.gz,13,rectum,0.8236897437894245,0.6058788344169136,10577,4031,497
word_0044.nii.gz,14,bladder,0.9261357211148006,0.751482941558702,45044,1954,5231
word_0044.nii.gz,15,head_of_femur_left,0.8983064917815042,0.7166036120883643,43284,5196,4604
word_0044.nii.gz,16,head_of_femur_right,0.9190373241649921,0.7365714905997647,48249,3450,5051
word_0046.nii.gz,1,liver,0.9602359271523179,0.8297711868093637,463986,20286,18142
word_0046.nii.gz,2,spleen,0.942225177141239,0.8384991591722194,76528,3467,5918
word_0046.nii.gz,3,left_kidney,0.9382027150828683,0.8692975863869382,45060,1965,3971
word_0046.nii.gz,4,right_kidney,0.9413449682253628,0.872786480819695,49623,1849,4335
word_0046.nii.gz,5,stomach,0.9605834338784957,0.8360664544370651,223717,7749,10611
word_0046.nii.gz,6,gallbladder,0.8124428179322964,0.7699554954502723,2220,634,391
word_0046.nii.gz,7,esophagus,0.7993830822161585,0.7661094695718682,3369,1011,680
word_0046.nii.gz,8,pancreas,0.8800515859339388,0.7470670055680725,39579,3591,7198
word_0046.nii.gz,9,duodenum,0.8466119788740308,0.7834518961065811,15068,2645,2815
word_0046.nii.gz,10,colon,0.8240124962073112,0.6339861406929044,183316,38757,39546
word_0046.nii.gz,11,intestine,0.8133246637360662,0.6342278670623659,235159,65523,42425
word_0046.nii.gz,12,adrenal,0.739268680445151,0.8000199210932388,2790,1236,732
word_0046.nii.gz,13,rectum,0.6074256074256075,0.42310526135714926,11125,3017,11363
word_0046.nii.gz,14,bladder,0.8768787773312661,0.6973595227639553,13856,2205,1686
word_0046.nii.gz,15,head_of_femur_left,0.929305198147195,0.8225466628988077,45141,1761,5107
word_0046.nii.gz,16,head_of_femur_right,0.9289701984095108,0.7757481249372965,46259,2439,4635
word_0047.nii.gz,1,liver,0.9614163392626606,0.8000299701935086,482195,11588,27115
word_0047.nii.gz,2,spleen,0.9367947641449752,0.7879548126502653,81444,738,10252
word_0047.nii.gz,3,left_kidney,0.9515345523391958,0.864065557179229,76393,1631,6151
word_0047.nii.gz,4,right_kidney,0.9514333803887501,0.8680794707956494,70094,1233,5923
word_0047.nii.gz,5,stomach,0.9222435312763353,0.6256132140567607,132964,2063,20358
word_0047.nii.gz,6,gallbladder,0.8504273504273504,0.7879691366354975,5373,868,1022
word_0047.nii.gz,7,esophagus,0.8142373878511546,0.7386406346849467,2768,813,450
word_0047.nii.gz,8,pancreas,0.9002792100597142,0.8106735789604366,44174,2108,7678
word_0047.nii.gz,9,duodenum,0.8408578135326694,0.7961443953962903,18448,2260,4723
word_0047.nii.gz,10,colon,0.8957315158841401,0.7678564017296167,181172,23699,18480
word_0047.nii.gz,11,intestine,0.9148330007650206,0.826075650144946,402994,26187,48847
word_0047.nii.gz,12,adrenal,0.6528220155433814,0.7213239688737842,2562,1606,1119
word_0047.nii.gz,13,rectum,0.7817650740663468,0.5429799112308537,14988,270,8098
word_0047.nii.gz,14,bladder,0.954309712685821,0.8328185853929087,71578,2860,3994
word_0047.nii.gz,15,head_of_femur_left,0.9395963690843395,0.8286015569059695,53308,1946,4908
word_0047.nii.gz,16,head_of_femur_right,0.918676720568365,0.7156155346865108,52693,3519,5810
word_0049.nii.gz,1,liver,0.9551114898087054,0.793100543024852,334598,12982,18469
word_0049.nii.gz,2,spleen,0.9496997369596506,0.855843088801805,76542,2599,5509
word_0049.nii.gz,3,left_kidney,0.9444026533543048,0.8745671309647725,48335,2086,3605
word_0049.nii.gz,4,right_kidney,0.9369634483269644,0.833508614215341,44257,2259,3696
word_0049.nii.gz,5,stomach,0.9486657525577471,0.8006236248355987,179886,4899,14569
word_0049.nii.gz,6,gallbladder,0.7489430894308943,0.6733226158426893,2303,1370,174
word_0049.nii.gz,7,esophagus,0.6711582833410245,0.6459881166451139,3636,1976,1587
word_0049.nii.gz,8,pancreas,0.8347939094852567,0.7219362063213542,23767,3600,5807
word_0049.nii.gz,9,duodenum,0.8220783910664186,0.7516617780037624,14797,2786,3619
word_0049.nii.gz,10,colon,0.8763995804031806,0.7297275012472054,276540,39474,38528
word_0049.nii.gz,11,intestine,0.8963503800503289,0.8248094372297339,346936,43226,37010
word_0049.nii.gz,12,adrenal,0.7143351800554016,0.7798170387131368,2063,1207,443
word_0049.nii.gz,13,rectum,0.8446124763705104,0.6583740754310167,16755,4484,1681
word_0049.nii.gz,14,bladder,0.9560071843256497,0.8330070361564519,64139,3273,2630
word_0049.nii.gz,15,head_of_femur_left,0.9319231541602517,0.8041689566750044,48727,2918,4201
word_0049.nii.gz,16,head_of_femur_right,0.9224204040021292,0.7231993892254033,51121,5696,2903
word_0051.nii.gz,1,liver,0.9520656800939756,0.8018518361396489,296230,13534,16295
word_0051.nii.gz,2,spleen,0.9306028196402528,0.8414331217031179,45942,1274,5578
word_0051.nii.gz,3,left_kidney,0.5572689645067946,0.5207170466778497,38035,55373,5062
word_0051.nii.gz,4,right_kidney,0.5485973833919329,0.5403614556741733,36355,55405,4423
word_0051.nii.gz,5,stomach,0.9316817048009115,0.7510298833351301,121018,8903,8845
word_0051.nii.gz,6,gallbladder,0.8681142857142857,0.7788998040611985,7596,494,1814
word_0051.nii.gz,7,esophagus,0.6088794926004228,0.5066058802762601,1440,325,1525
word_0051.nii.gz,8,pancreas,0.8342312916863811,0.6550121158010835,27329,2453,8408
word_0051.nii.gz,9,duodenum,0.7616654100695317,0.6556980016022737,13638,3250,5285
word_0051.nii.gz,10,colon,0.7292794004803332,0.6055996785038968,73181,23802,30530
word_0051.nii.gz,11,intestine,0.8255035267956067,0.6844951755504801,210484,51486,37499
word_0051.nii.gz,12,adrenal,0.6945884304374871,0.7088936827982601,3350,970,1976
word_0051.nii.gz,13,rectum,0.7996901237411277,0.5787845080311913,19097,3879,5688
word_0051.nii.gz,14,bladder,0.9091657554512125,0.7243223914473956,35337,3522,3539
word_0051.nii.gz,15,head_of_femur_left,0.9009943027538335,0.7672264670976926,45625,5362,4665
word_0051.nii.gz,16,head_of_femur_right,0.8855264571713245,0.6876604472513885,45327,6919,4800
word_0053.nii.gz,1,liver,0.9617920513121745,0.7731558895161744,466649,7506,29570
word_0053.nii.gz,2,spleen,0.957056882584436,0.79354460662484,218264,6735,12852
word_0053.nii.gz,3,left_kidney,0.9091484254337268,0.7170992367293707,73286,9565,5082
word_0053.nii.gz,4,right_kidney,0.8483559474648369,0.6396123835913429,27323,3927,5841
word_0053.nii.gz,5,stomach,0.9112915129151291,0.7797784887771612,58653,5470,5949
word_0053.nii.gz,6,gallbladder,0.8841865270207687,0.7640487736995677,12410,1150,2101
word_0053.nii.gz,7,esophagus,0.5809823968022139,0.5548079299119189,3779,1948,3503
word_0053.nii.gz,8,pancreas,0.5439789592335149,0.5317562253434562,7239,10652,1485
word_0053.nii.gz,9,duodenum,0.0070063694267515925,0.0519231251008853,77,17789,4037
word_0053.nii.gz,10,colon,0.7529924794267039,0.5409471426191315,152990,71142,29230
word_0053.nii.gz,11,intestine,0.7501663189577776,0.5817175364666394,232286,41821,112899
word_0053.nii.gz,12,adrenal,0.005834683954619124,0.02179792544786347,9,2749,318
word_0053.nii.gz,13,rectum,0.8234460417088479,0.6062978408361474,20335,5747,2973
word_0053.nii.gz,14,bladder,0.9206666736857622,0.7506912871846928,43722,3823,3712
word_0053.nii.gz,15,head_of_femur_left,0.5337653424417027,0.36700121746541964,33442,51802,6620
word_0053.nii.gz,16,head_of_femur_right,0.6798560402754374,0.33725407209367986,32680,23891,6887
word_0055.nii.gz,1,liver,0.9699813650381962,0.8643717146078566,445042,7708,19838
word_0055.nii.gz,2,spleen,0.9477836000566492,0.8704321763612886,66923,2799,4575
word_0055.nii.gz,3,left_kidney,0.9527390174358457,0.890299213350701,56637,2828,2791
word_0055.nii.gz,4,right_kidney,0.9421299967446558,0.8485994721955631,56435,4699,2234
word_0055.nii.gz,5,stomach,0.9135773059782231,0.8045641625656285,46021,4540,4167
word_0055.nii.gz,6,gallbladder,0.8586137157565729,0.811748043149785,4670,837,701
word_0055.nii.gz,7,esophagus,0.775027808676307,0.7919336902107741,2787,1128,490
word_0055.nii.gz,8,pancreas,0.8857705296996623,0.7920028040812105,24523,2181,4144
word_0055.nii.gz,9,duodenum,0.8121775025799793,0.7575483709077719,8657,2454,1550
word_0055.nii.gz,10,colon,0.8901826248125992,0.7633411123922156,211085,38048,14033
word_0055.nii.gz,11,intestine,0.8907807006802358,0.7601422312470506,250969,34504,27039
word_0055.nii.gz,12,adrenal,0.7002089696190323,0.7946734993096708,2178,937,928
word_0055.nii.gz,13,rectum,0.6147908024504821,0.41531280435107226,22379,2594,25450
word_0055.nii.gz,14,bladder,0.9618101126850219,0.8561858003200631,134475,5133,5546
word_0055.nii.gz,15,head_of_femur_left,0.9553665636957654,0.9129040518713261,37576,1825,1686
word_0055.nii.gz,16,head_of_femur_right,0.9395362744975891,0.821055618098772,37705,2634,2219
word_0056.nii.gz,1,liver,0.9435944044551717,0.7251677966997169,330150,17068,22403
word_0056.nii.gz,2,spleen,0.9332729303517172,0.829113466292662,59743,3129,5414
word_0056.nii.gz,3,left_kidney,0.9423133571171407,0.849722950951994,57581,1615,5435
word_0056.nii.gz,4,right_kidney,0.929241162425019,0.8422659775874806,39890,2162,3913
word_0056.nii.gz,5,stomach,0.9010306882873313,0.613429714432295,135720,4509,25306
word_0056.nii.gz,6,gallbladder,0.7347439435755904,0.6292420233782683,2396,942,788
word_0056.nii.gz,7,esophagus,0.5950349851432953,0.5578303629223603,3104,1145,3080
word_0056.nii.gz,8,pancreas,0.8328383071676646,0.6769723962159103,26498,1396,9241
word_0056.nii.gz,9,duodenum,0.6711530040791869,0.5042901452014461,14561,1791,12478
word_0056.nii.gz,10,colon,0.8315675114721668,0.665037185581366,128209,22089,29848
word_0056.nii.gz,11,intestine,0.8656358543758301,0.705995617408345,284483,41397,46918
word_0056.nii.gz,12,adrenal,0.48637270108575226,0.4824723441709886,2195,602,4034
word_0056.nii.gz,13,rectum,0.7438812758063551,0.4932783579717608,12431,3697,4863
word_0056.nii.gz,14,bladder,0.846192337763878,0.6233417601855956,27057,5628,4208
word_0056.nii.gz,15,head_of_femur_left,0.9254957612876723,0.8258087184991189,37173,3781,2204
word_0056.nii.gz,16,head_of_femur_right,0.9270697902612536,0.8093451315047447,37792,3382,2564
word_0058.nii.gz,1,liver,0.9510751927660358,0.7391618354061859,356346,4774,31888
word_0058.nii.gz,2,spleen,0.941813008698897,0.8897536998376105,40384,1703,3287
word_0058.nii.gz,3,left_kidney,0.934175989398843,0.8731496906511198,36658,2661,2505
word_0058.nii.gz,4,right_kidney,0.9288410089814638,0.8482399699340063,38885,3997,1961
word_0058.nii.gz,5,stomach,0.8994655503778006,0.7295289704157049,85411,7665,11428
word_0058.nii.gz,6,gallbladder,0.8474384375884517,0.7990054076760054,5988,851,1305
word_0058.nii.gz,7,esophagus,0.7272168748720049,0.616592723239829,3551,1312,1352
word_0058.nii.gz,8,pancreas,0.8022786983325964,0.6840412197664295,15421,1704,5897
word_0058.nii.gz,9,duodenum,0.47928625315708334,0.3336772858830978,7306,13701,2174
word_0058.nii.gz,10,colon,0.821178110071232,0.6457388710900057,163816,41536,29810
word_0058.nii.gz,11,intestine,0.7854531424766237,0.687608523730534,211724,41983,73682
word_0058.nii.gz,12,adrenal,0.44186795491143316,0.4391932748504882,686,1504,229
word_0058.nii.gz,13,rectum,0.7179101929315349,0.4938122759710195,10512,5786,2475
word_0058.nii.gz,14,bladder,0.9595381422965504,0.7341600669641174,233518,1523,18171
word_0058.nii.gz,15,head_of_femur_left,0.9194046695351625,0.8044322301112817,32586,2520,3193
word_0058.nii.gz,16,head_of_femur_right,0.9073762396895386,0.7327563079524022,32617,2423,4236
word_0059.nii.gz,1,liver,0.9547437280174368,0.7317378555157669,339040,8514,23628
word_0059.nii.gz,2,spleen,0.9262537609707986,0.7984202006139874,37096,1456,4451
word_0059.nii.gz,3,left_kidney,0.9350750602630092,0.8432501607395854,58769,2912,5249
word_0059.nii.gz,4,right_kidney,0.9317018209533909,0.8318783679242607,56231,2974,5270
word_0059.nii.gz,5,stomach,0.923179875442667,0.7196833485387326,188998,18897,12557
word_0059.nii.gz,6,gallbladder,0.831639327764919,0.7546269779135126,4132,828,845
word_0059.nii.gz,7,esophagus,0.8178421298458665,0.7912667155597641,3502,511,1049
word_0059.nii.gz,8,pancreas,0.7794090881514287,0.6903199138920089,25694,9343,5201
word_0059.nii.gz,9,duodenum,0.6733886820378807,0.5406010494449761,29118,4148,24098
word_0059.nii.gz,10,colon,0.896403408081684,0.7201143987578508,234669,22352,31889
word_0059.nii.gz,11,intestine,0.8898955598277839,0.7269325972455993,318927,29470,49450
word_0059.nii.gz,12,adrenal,0.6120019837989751,0.6648339074809116,1851,1129,1218
word_0059.nii.gz,13,rectum,0.8067189149132066,0.5174252898439451,17962,4052,4555
word_0059.nii.gz,14,bladder,0.9513803755113519,0.7611258835477422,108259,1324,9741
word_0059.nii.gz,15,head_of_femur_left,0.8904702689455483,0.6948431726695805,49052,6030,6037
word_0059.nii.gz,16,head_of_femur_right,0.8765541817303295,0.624146595831651,50795,8345,5962
word_0061.nii.gz,1,liver,0.9351407373389147,0.6112672382990869,301365,3316,38488
word_0061.nii.gz,2,spleen,0.9287290109081995,0.7747414939057131,60620,1601,7703
word_0061.nii.gz,3,left_kidney,0.9307635255677832,0.8295096714108201,46433,1346,5562
word_0061.nii.gz,4,right_kidney,0.9229480552402156,0.7753081692567307,41870,1229,5762
word_0061.nii.gz,5,stomach,0.8740270215769308,0.6533915542414458,43343,2814,9680
word_0061.nii.gz,6,gallbladder,0.7619692863595302,0.6731403322053395,1687,143,911
word_0061.nii.gz,7,esophagus,0.7206175298804781,0.6915990928514462,4341,1812,1554
word_0061.nii.gz,8,pancreas,0.830856983307074,0.647698078960809,20830,708,7773
word_0061.nii.gz,9,duodenum,0.7548419693482288,0.6521583407072923,13446,4848,3886
word_0061.nii.gz,10,colon,0.8414201265158421,0.7266906728045202,121841,29507,16419
word_0061.nii.gz,11,intestine,0.8667541347838995,0.7976900423731454,226264,19584,49983
word_0061.nii.gz,12,adrenal,0.22234452394056137,0.2728176875663593,404,2061,765
word_0061.nii.gz,13,rectum,0.7244318181818182,0.6065959604690271,8415,2363,4039
word_0061.nii.gz,14,bladder,0.7807200444815123,0.5523715761837376,11233,4557,1753
word_0061.nii.gz,15,head_of_femur_left,0.9107067453575953,0.7121792234314159,46370,995,8098
word_0061.nii.gz,16,head_of_femur_right,0.9070101541197971,0.6833976698516689,46404,2863,6652
word_0062.nii.gz,1,liver,0.9547758275663669,0.7764549959606922,416520,15699,23759
word_0062.nii.gz,2,spleen,0.9503096689964814,0.8805348601908671,59688,3731,2511
word_0062.nii.gz,3,left_kidney,0.9473130303229625,0.8911173775181072,50407,2090,3517
word_0062.nii.gz,4,right_kidney,0.9451525103699017,0.8706302503536815,47053,3207,2254
word_0062.nii.gz,5,stomach,0.955012559945193,0.8431055711129223,161007,8425,6744
word_0062.nii.gz,6,gallbladder,0.7968985569674779,0.7526400401434915,1850,619,324
word_0062.nii.gz,7,esophagus,0.6234397332062888,0.6066846163815219,6543,6283,1621
word_0062.nii.gz,8,pancreas,0.8315710860422153,0.7173102270839158,21156,5368,3202
word_0062.nii.gz,9,duodenum,0.7113467062092801,0.6148287005907748,15231,4336,8025
word_0062.nii.gz,10,colon,0.7298272750708945,0.5166503643421022,116071,38446,47490
word_0062.nii.gz,11,intestine,0.8153312345961942,0.6363852136691993,304185,82087,55706
word_0062.nii.gz,12,adrenal,0.6992987762958889,0.7248629359516534,2543,977,1210
word_0062.nii.gz,13,rectum,0.7309800093186306,0.47269015770999306,16473,6394,5731
word_0062.nii.gz,14,bladder,0.9635521321723599,0.8271348258329752,138104,4822,5626
word_0062.nii.gz,15,head_of_femur_left,0.9414069558436124,0.836164317561471,49494,2089,4072
word_0062.nii.gz,16,head_of_femur_right,0.9334303250738805,0.7901193203944809,51327,2691,4630
word_0063.nii.gz,1,liver,0.9593251012458481,0.7819497140235689,347740,9854,19634
word_0063.nii.gz,2,spleen,0.9256427887661961,0.8357192284685786,34327,596,4919
word_0063.nii.gz,3,left_kidney,0.930388289579693,0.8447950061332035,44460,1963,4690
word_0063.nii.gz,4,right_kidney,0.932451111463597,0.858106735112666,41150,2212,3750
word_0063.nii.gz,5,stomach,0.9327508023604928,0.7999165720667369,112618,10486,5753
word_0063.nii.gz,6,gallbladder,0.3267687819110139,0.32209819634597747,896,2431,1261
word_0063.nii.gz,7,esophagus,0.7328202308960967,0.6814279643580123,1333,775,197
word_0063.nii.gz,8,pancreas,0.7926136363636364,0.651052173192611,17019,1076,7830
word_0063.nii.gz,9,duodenum,0.7182046369320798,0.5996240457954226,24178,4304,14669
word_0063.nii.gz,10,colon,0.7965402177730945,0.6733121278230265,145136,38877,35267
word_0063.nii.gz,11,intestine,0.8280871763886377,0.7799844801152056,215171,37025,52315
word_0063.nii.gz,12,adrenal,0.6592592592592592,0.7135077118500854,2136,375,1833
word_0063.nii.gz,13,rectum,0.8994634644864589,0.7916122065444922,21123,1124,3598
word_0063.nii.gz,14,bladder,0.9583013489551769,0.8189201768946816,106738,1453,7836
word_0063.nii.gz,15,head_of_femur_left,0.8692556546692475,0.6861892411865881,32109,5099,4560
word_0063.nii.gz,16,head_of_femur_right,0.859082633761505,0.5733616462537838,33975,6125,5021
word_0064.nii.gz,1,liver,0.9603302542967103,0.8121650102681519,425942,17142,18048
word_0064.nii.gz,2,spleen,0.9131177335537431,0.8250131553940004,49990,5236,4277
word_0064.nii.gz,3,left_kidney,0.9213081532189218,0.8066498395458628,57737,2860,7003
word_0064.nii.gz,4,right_kidney,0.933774282299975,0.8521454207023014,50400,2880,4269
word_0064.nii.gz,5,stomach,0.9280890598780338,0.8130440360978785,68028,4603,5939
word_0064.nii.gz,6,gallbladder,0.8929704381407751,0.7857176142017361,19423,2601,2055
word_0064.nii.gz,7,esophagus,0.7691754554170661,0.6501140521154811,3209,433,1493
word_0064.nii.gz,8,pancreas,0.7134980828972041,0.5841782537632264,25494,12563,7911
word_0064.nii.gz,9,duodenum,0.6859365489392657,0.6078355456948163,23102,2517,18638
word_0064.nii.gz,10,colon,0.8861563699812699,0.7634879099332071,242000,41594,20585
word_0064.nii.gz,11,intestine,0.8766066262666957,0.7948452779015668,313322,36849,51359
word_0064.nii.gz,12,adrenal,0.7825214376938515,0.8471104882389427,4289,1570,814
word_0064.nii.gz,13,rectum,0.7824427480916031,0.661808005160479,22140,2150,10162
word_0064.nii.gz,14,bladder,0.9664915193984933,0.8870081961831441,99235,2824,4057
word_0064.nii.gz,15,head_of_femur_left,0.9133185427919629,0.7182584025735592,58251,4899,6158
word_0064.nii.gz,16,head_of_femur_right,0.8958593955118997,0.6584735770438241,58006,3953,9533
word_0065.nii.gz,1,liver,0.9564638072274666,0.7475131796278688,508943,17721,28611
word_0065.nii.gz,2,spleen,0.9214321975692059,0.7650903339507237,46284,5687,2206
word_0065.nii.gz,3,left_kidney,0.9400063884775096,0.860654225426959,64742,4831,3433
word_0065.nii.gz,4,right_kidney,0.9333204452821677,0.8358818699973851,57934,5019,3259
word_0065.nii.gz,5,stomach,0.9512453707489749,0.7982806280596301,325695,22512,10874
word_0065.nii.gz,6,gallbladder,0.8441516501969902,0.7769275639892125,6535,1684,729
word_0065.nii.gz,7,esophagus,0.7796178343949045,0.7699246515170206,3672,1480,596
word_0065.nii.gz,8,pancreas,0.8197430261441413,0.6734767880205512,22936,3413,6674
word_0065.nii.gz,9,duodenum,0.6947503749732162,0.5282548963550527,24318,7346,14023
word_0065.nii.gz,10,colon,0.874124490359603,0.7287926999640171,212039,35390,25678
word_0065.nii.gz,11,intestine,0.9033805163118512,0.7801739443557929,399137,49701,35677
word_0065.nii.gz,12,adrenal,0.6884566326530612,0.7251563332179976,2159,988,966
word_0065.nii.gz,13,rectum,0.7994425734525606,0.5251192812293785,20652,3238,7124
word_0065.nii.gz,14,bladder,0.9560014253213825,0.783344618426316,174389,4858,11194
word_0065.nii.gz,15,head_of_femur_left,0.93236948988337,0.8185199678929225,50044,5751,1509
word_0065.nii.gz,16,head_of_femur_right,0.9244915741272872,0.7510068313084407,49868,5699,2447
word_0067.nii.gz,1,liver,0.9387915193121142,0.6474827498727789,433226,12244,44248
word_0067.nii.gz,2,spleen,0.9378899851196059,0.7475186224387577,112506,1645,13256
word_0067.nii.gz,3,left_kidney,0.9117218858425743,0.7538506030389119,67007,6212,6764
word_0067.nii.gz,4,right_kidney,0.9333535108958838,0.7910793039782282,61676,2723,6085
word_0067.nii.gz,5,stomach,0.9411977595863852,0.7491101646705289,163839,4118,16354
word_0067.nii.gz,6,gallbladder,0.8109597924773022,0.7471837872378425,2501,536,630
word_0067.nii.gz,7,esophagus,0.818740285693139,0.766793759700875,5531,1288,1161
word_0067.nii.gz,8,pancreas,0.7936068897235624,0.6500139577736037,25249,6500,6633
word_0067.nii.gz,9,duodenum,0.7619144155558935,0.6502047209146938,22550,4700,9393
word_0067.nii.gz,10,colon,0.8585444846637454,0.7131716865276414,252364,18263,64897
word_0067.nii.gz,11,intestine,0.8797207161689968,0.7816405418188347,414403,73624,39694
word_0067.nii.gz,12,adrenal,0.683371298405467,0.7217924117283809,1950,763,1044
word_0067.nii.gz,13,rectum,0.8225611993500026,0.5794995814065557,15692,877,5893
word_0067.nii.gz,14,bladder,0.9352377542003338,0.7378446059479212,80964,1178,10035
word_0067.nii.gz,15,head_of_femur_left,0.8702457913562827,0.6364350667080092,53038,9690,6126
word_0067.nii.gz,16,head_of_femur_right,0.8378237957396274,0.5119463452658336,50796,11685,7980
word_0068.nii.gz,1,liver,0.9633723119785431,0.8421170233973362,356849,14017,13118
word_0068.nii.gz,2,spleen,0.9505802632603786,0.8569007863191588,73227,3159,4455
word_0068.nii.gz,3,left_kidney,0.9113552177800486,0.8163473572439134,35675,5027,1913
word_0068.nii.gz,4,right_kidney,0.9157817442385902,0.8608187911058937,32426,4550,1414
word_0068.nii.gz,5,stomach,0.936720008591988,0.8052992868319624,87218,3365,8419
word_0068.nii.gz,6,gallbladder,0.7984732824427481,0.7342239308562203,1569,592,200
word_0068.nii.gz,7,esophagus,0.6898120672601384,0.7268872197297047,3487,2131,1005
word_0068.nii.gz,8,pancreas,0.8675086107921929,0.772693163947648,28335,1781,6874
word_0068.nii.gz,9,duodenum,0.8205888697152718,0.7523857981220318,15217,4511,2143
word_0068.nii.gz,10,colon,0.663066177000072,0.5894138297330273,59852,18085,42742
word_0068.nii.gz,11,intestine,0.8376342100102246,0.7760112576155109,219964,64083,21192
word_0068.nii.gz,12,adrenal,0.6841249186727391,0.7103824909659835,2103,1248,694
word_0068.nii.gz,13,rectum,0.4608498216023354,0.42790020421721586,3552,3923,4388
word_0068.nii.gz,14,bladder,0.9118130656222011,0.7490240492351602,34105,5104,1493
word_0068.nii.gz,15,head_of_femur_left,0.9311989235609553,0.8176280761262603,47060,4962,1992
word_0068.nii.gz,16,head_of_femur_right,0.9170412912169522,0.7167941353673976,46306,6479,1899
word_0070.nii.gz,1,liver,0.9595694196817567,0.7703855740070435,429486,8870,27322
word_0070.nii.gz,2,spleen,0.9376667358903497,0.8408433527087635,58697,1428,6376
word_0070.nii.gz,3,left_kidney,0.8421812184310896,0.6965308291058092,61275,13574,9391
word_0070.nii.gz,4,right_kidney,0.8264392948004129,0.6957521329561648,50838,13355,7998
word_0070.nii.gz,5,stomach,0.9289790445303729,0.6830969031810626,178743,2772,24558
word_0070.nii.gz,6,gallbladder,0.6540600667408232,0.613084615982451,1764,1572,294
word_0070.nii.gz,7,esophagus,0.7712676612982907,0.7813213499688171,3903,1741,574
word_0070.nii.gz,8,pancreas,0.8503009821522864,0.6687751589871432,32206,1027,10313
word_0070.nii.gz,9,duodenum,0.8051343260218756,0.7216722720873107,20574,2848,7111
word_0070.nii.gz,10,colon,0.7736980419735722,0.6268131560138005,250836,115351,31385
word_0070.nii.gz,11,intestine,0.8074668231542483,0.7225563336987942,355004,31785,137510
word_0070.nii.gz,12,adrenal,0.5659562988939844,0.5539548171682449,3147,333,4494
word_0070.nii.gz,13,rectum,0.6978055085816471,0.5441869702764781,17950,2152,13395
word_0070.nii.gz,14,bladder,0.9570068094042232,0.7725690122309115,155861,1652,12352
word_0070.nii.gz,15,head_of_femur_left,0.9256144144782905,0.7956829864860004,52219,2600,5793
word_0070.nii.gz,16,head_of_femur_right,0.9226942934083463,0.7514443391196205,53794,3516,5498
word_0071.nii.gz,1,liver,0.9656952501630784,0.8466152509450735,360481,10047,15564
word_0071.nii.gz,2,spleen,0.9542414153559841,0.8845785334406137,78963,3674,3899
word_0071.nii.gz,3,left_kidney,0.8824500825701846,0.7652838651423847,20573,4229,1252
word_0071.nii.gz,4,right_kidney,0.943889816360601,0.8632647022096148,56539,4457,2265
word_0071.nii.gz,5,stomach,0.9615095805765904,0.8953865130740841,128687,3977,6326
word_0071.nii.gz,6,gallbladder,0.838226431338786,0.7490413545547228,4868,1317,562
word_0071.nii.gz,7,esophagus,0.7656746265145277,0.7017878102298575,6509,3432,552
word_0071.nii.gz,8,pancreas,0.8610401459854015,0.7178184186807053,28311,4700,4438
word_0071.nii.gz,9,duodenum,0.7964617868431225,0.6408582264209537,17513,4357,4594
word_0071.nii.gz,10,colon,0.8810710303941551,0.7274957040049315,241428,43666,21511
word_0071.nii.gz,11,intestine,0.8767058509365838,0.6993223786650965,315174,35032,53616
word_0071.nii.gz,12,adrenal,0.6998061478814733,0.7137463035583232,2527,1041,1127
word_0071.nii.gz,13,rectum,0.7169284867943279,0.40604415622676876,18757,907,13905
word_0071.nii.gz,14,bladder,0.6383384457115615,0.3442235672051214,50881,2103,55552
word_0071.nii.gz,15,head_of_femur_left,0.9432487903790833,0.8244885616010468,57217,3182,3703
word_0071.nii.gz,16,head_of_femur_right,0.9236040629744806,0.7483279855173615,56876,2973,6436
word_0072.nii.gz,1,liver,0.9634184249462108,0.7611560807888829,593525,19461,25612
word_0072.nii.gz,2,spleen,0.9464698609573859,0.7440072052982527,168032,9567,9440
word_0072.nii.gz,3,left_kidney,0.9155374759042976,0.7535109296311392,64593,8656,3262
word_0072.nii.gz,4,right_kidney,0.9338482656595615,0.8115463843115246,65650,6873,2428
word_0072.nii.gz,5,stomach,0.8771953291154478,0.6244545184619118,65580,11833,6529
word_0072.nii.gz,6,gallbladder,0.7177380376993717,0.5690854112833117,1485,826,342
word_0072.nii.gz,7,esophagus,0.6575075724794461,0.530268556636106,3039,1005,2161
word_0072.nii.gz,8,pancreas,0.7732385630228152,0.6145033813286477,23063,9447,4080
word_0072.nii.gz,9,duodenum,0.7791416277624057,0.5671370048156538,31960,4929,13190
word_0072.nii.gz,10,colon,0.8769017807107787,0.6876495957609305,209683,23831,35039
word_0072.nii.gz,11,intestine,0.8677695488195386,0.6775984245527177,281970,57286,28647
word_0072.nii.gz,12,adrenal,0.5251844722489574,0.5543299923790453,1637,1275,1685
word_0072.nii.gz,13,rectum,0.7302537140485291,0.4790426051043979,21112,3491,12106
word_0072.nii.gz,14,bladder,0.7416343686882472,0.5021108933893148,20379,12076,2123
word_0072.nii.gz,15,head_of_femur_left,0.5237469009378032,0.2442829709654053,36441,60698,5575
word_0072.nii.gz,16,head_of_femur_right,0.6246582001579875,0.32350463817065384,41120,43985,5431
word_0073.nii.gz,1,liver,0.9488798702115773,0.6707222091306325,565577,8239,52701
word_0073.nii.gz,2,spleen,0.9181336247015499,0.7984820579982448,34032,766,5303
word_0073.nii.gz,3,left_kidney,0.9343262776518457,0.8271888052545466,74399,3003,7456
word_0073.nii.gz,4,right_kidney,0.9320435277581678,0.8032794897141149,73274,2878,7807
word_0073.nii.gz,5,stomach,0.9640203747025536,0.7975651697393968,407757,5529,24908
word_0073.nii.gz,6,gallbladder,0.7463828028110789,0.6920764072869521,3611,1762,692
word_0073.nii.gz,7,esophagus,0.792087631606934,0.7349673676916493,7448,2857,1053
word_0073.nii.gz,8,pancreas,0.8589613034623218,0.7062465591718526,30366,2974,6998
word_0073.nii.gz,9,duodenum,0.7516030208036477,0.6327914978287257,21099,5935,8011
word_0073.nii.gz,10,colon,0.9309347312567833,0.8430915338971882,328087,21641,27040
word_0073.nii.gz,11,intestine,0.9272755786897506,0.8765012614379588,434583,17912,50255
word_0073.nii.gz,12,adrenal,0.6989487097801848,0.708591945516572,3291,501,2334
word_0073.nii.gz,13,rectum,0.8484442459431294,0.6600318603761848,17097,2822,3286
word_0073.nii.gz,14,bladder,0.9591986104587016,0.8170441381313669,131709,3602,7603
word_0073.nii.gz,15,head_of_femur_left,0.8774471174704929,0.6456696616165706,49549,6626,7215
word_0073.nii.gz,16,head_of_femur_right,0.862718459628996,0.5777892389670929,51437,9354,7016
word_0078.nii.gz,1,liver,0.942612945498546,0.6274626386066217,398853,5305,43260
word_0078.nii.gz,2,spleen,0.9443177734949204,0.8155637234075995,72271,1797,6726
word_0078.nii.gz,3,left_kidney,0.9271509646018521,0.7998796014788025,49909,1713,6130
word_0078.nii.gz,4,right_kidney,0.9195984123278076,0.7770628331776732,49233,2016,6593
word_0078.nii.gz,5,stomach,0.8941463493973943,0.6662167531567385,137437,18622,13919
word_0078.nii.gz,6,gallbladder,0.1317289423685877,0.20819647059598378,104,1281,90
word_0078.nii.gz,7,esophagus,0.7360843296053478,0.6072843941395512,2863,1288,765
word_0078.nii.gz,8,pancreas,0.7732548288715689,0.5867862509147148,18255,2184,8522
word_0078.nii.gz,9,duodenum,0.5871227638945787,0.5099009842882967,17198,5108,19080
word_0078.nii.gz,10,colon,0.8159540955533262,0.587486906792823,383088,16843,155975
word_0078.nii.gz,11,intestine,0.8030273106872814,0.5579650205332097,341550,125768,41788
word_0078.nii.gz,12,adrenal,0.6298057329167233,0.6398569661177584,2318,1719,1006
word_0078.nii.gz,13,rectum,0.650272609746501,0.34407085739651794,11569,3199,9245
word_0078.nii.gz,14,bladder,0.9361519805982215,0.7327040134907434,57901,2711,5187
word_0078.nii.gz,15,head_of_femur_left,0.900646355890068,0.6451290144406701,52532,2024,9566
word_0078.nii.gz,16,head_of_femur_right,0.8787027319814482,0.5536128783283786,51912,5529,8803
word_0079.nii.gz,1,liver,0.9188964892867921,0.5179053341922042,401929,3214,67736
word_0079.nii.gz,2,spleen,0.8605446436312144,0.580769759346732,44667,4214,10263
word_0079.nii.gz,3,left_kidney,0.8969922609541988,0.7028132149705014,47463,4501,6400
word_0079.nii.gz,4,right_kidney,0.8826350700153069,0.6662576212996257,38922,3267,7084
word_0079.nii.gz,5,stomach,0.863448355989311,0.6384010276910436,74317,9558,13948
word_0079.nii.gz,6,gallbladder,0.6944698122780315,0.5593845149514809,3422,1657,1354
word_0079.nii.gz,7,esophagus,0.5172203596464493,0.43507701300567375,1697,2388,780
word_0079.nii.gz,8,pancreas,0.8447475130137082,0.6640881550416317,30103,1937,9128
word_0079.nii.gz,9,duodenum,0.5562916922796712,0.505018466597911,12217,8272,11217
word_0079.nii.gz,10,colon,0.7449932435298466,0.5501183255916569,122944,22349,61817
word_0079.nii.gz,11,intestine,0.8357128102939211,0.7144128380108293,309510,45534,76155
word_0079.nii.gz,12,adrenal,0.532004078395831,0.5192377633113799,2348,2985,1146
word_0079.nii.gz,13,rectum,0.7790029214965601,0.647602502150462,16532,6688,2692
word_0079.nii.gz,14,bladder,0.8991923037349522,0.7083999826794788,34957,3795,4043
word_0079.nii.gz,15,head_of_femur_left,0.8844013166331809,0.5516631752438874,51722,828,12693
word_0079.nii.gz,16,head_of_femur_right,0.8750851767521481,0.5642014343086901,52653,1455,13577
word_0081.nii.gz,1,liver,0.9573262725753247,0.737339584023425,411814,4874,31840
word_0081.nii.gz,2,spleen,0.9257376105748408,0.7373413453401703,78017,1139,11378
word_0081.nii.gz,3,left_kidney,0.9326766682969552,0.8538560685352696,41000,2746,3173
word_0081.nii.gz,4,right_kidney,0.9402713156567072,0.8738434251915603,33547,1661,2601
word_0081.nii.gz,5,stomach,0.888613525258012,0.6758087560502248,78525,12124,7562
word_0081.nii.gz,6,gallbladder,0.8789581205311542,0.7117616367723401,10326,308,2536
word_0081.nii.gz,7,esophagus,0.7157490396927016,0.7235336788368083,2795,655,1565
word_0081.nii.gz,8,pancreas,0.7703078348604963,0.6875712981151759,14964,5240,3684
word_0081.nii.gz,9,duodenum,0.6698744955430396,0.6179007449454232,15105,2185,12703
word_0081.nii.gz,10,colon,0.7850453930924677,0.6150416269973928,197718,72347,35928
word_0081.nii.gz,11,intestine,0.8022147114100125,0.6450843359242323,209581,43495,59849
word_0081.nii.gz,12,adrenal,0.6716846859176132,0.726075984435434,2454,1178,1221
word_0081.nii.gz,13,rectum,0.8027084048869044,0.5362079538170686,16360,5054,2988
word_0081.nii.gz,14,bladder,0.9508988432081089,0.7892248192019937,83681,2249,6393
word_0081.nii.gz,15,head_of_femur_left,0.8491355079319375,0.7159319652355444,30965,8121,2882
word_0081.nii.gz,16,head_of_femur_right,0.8744277821625888,0.7221959860845064,33237,6736,2810
word_0082.nii.gz,1,liver,0.9626519666644958,0.7757467141972211,458231,4115,31441
word_0082.nii.gz,2,spleen,0.9475931547519765,0.8484101889907831,71015,1579,6276
word_0082.nii.gz,3,left_kidney,0.945628023576561,0.8588579341063758,56393,3033,3452
word_0082.nii.gz,4,right_kidney,0.9263697775826456,0.793076444147679,46419,4911,2468
word_0082.nii.gz,5,stomach,0.8305457262796985,0.6865449775851865,37789,13349,2071
word_0082.nii.gz,6,gallbladder,0.8316372076414926,0.7342263022117261,4658,556,1330
word_0082.nii.gz,7,esophagus,0.6600159616919393,0.6365739359492265,4962,3227,1885
word_0082.nii.gz,8,pancreas,0.7302397308285434,0.6708415762069648,13022,6317,3304
word_0082.nii.gz,9,duodenum,0.5737720025804073,0.4639695972712066,15565,4092,19033
word_0082.nii.gz,10,colon,0.7411809160153531,0.6279497649946908,93172,35677,29394
word_0082.nii.gz,11,intestine,0.8464771715269466,0.6939986349809608,223842,36689,44506
word_0082.nii.gz,12,adrenal,0.7504,0.8408612206365301,2345,778,782
word_0082.nii.gz,13,rectum,0.7845456732697089,0.6160756335343568,19565,2065,8681
word_0082.nii.gz,14,bladder,0.9468195479875499,0.7568099443516942,88521,2739,7205
word_0082.nii.gz,15,head_of_femur_left,0.8393301192590713,0.6296672523296416,33078,8031,4633
word_0082.nii.gz,16,head_of_femur_right,0.8206698564593301,0.5276864863524852,32160,8259,5796
word_0084.nii.gz,1,liver,0.9513737762764835,0.6953124916282772,448098,11527,34279
word_0084.nii.gz,2,spleen,0.9414434043064718,0.8565672116011827,62654,1566,6228
word_0084.nii.gz,3,left_kidney,0.9443496073745306,0.8679578999108849,65001,2429,5232
word_0084.nii.gz,4,right_kidney,0.9437004371204208,0.8713240228733972,60989,2269,5008
word_0084.nii.gz,5,stomach,0.8530411141269516,0.4617138443123962,189669,32562,32789
word_0084.nii.gz,6,gallbladder,0.8721898893073149,0.7843031511964034,7643,318,1922
word_0084.nii.gz,7,esophagus,0.7762154432793136,0.7363752928052896,3257,1209,669
word_0084.nii.gz,8,pancreas,0.8642981281517992,0.7193807557500765,30336,823,8703
word_0084.nii.gz,9,duodenum,0.5070602443216127,0.5396380724723991,21833,2073,40377
word_0084.nii.gz,10,colon,0.8704113382050697,0.8040113238991236,121969,15183,21135
word_0084.nii.gz,11,intestine,0.8875403464857388,0.8143615371052796,323370,49450,32498
word_0084.nii.gz,12,adrenal,0.5748974008207934,0.5731948177946713,3362,119,4853
word_0084.nii.gz,13,rectum,0.7177498976569461,0.4679867045832633,14903,1494,10227
word_0084.nii.gz,14,bladder,0.9061551411881744,0.6935455959764966,35524,3081,4277
word_0084.nii.gz,15,head_of_femur_left,0.9131662706773659,0.7324665522476643,50925,1964,7721
word_0084.nii.gz,16,head_of_femur_right,0.9015926063101318,0.6676091642799541,52337,3871,7554
word_0086.nii.gz,1,liver,0.9641106970105463,0.8208610114153015,425544,14714,16968
word_0086.nii.gz,2,spleen,0.9545178605661704,0.9073676164453253,59749,2288,3406
word_0086.nii.gz,3,left_kidney,0.9524969549330086,0.9077506554368855,47311,2569,2150
word_0086.nii.gz,4,right_kidney,0.9510517333445015,0.8987677943173129,45417,1628,3047
word_0086.nii.gz,5,stomach,0.9322852835112901,0.7606658873519867,105737,3480,11880
word_0086.nii.gz,6,gallbladder,0.8460575719649562,0.7943794249356567,3042,671,436
word_0086.nii.gz,7,esophagus,0.6206657420249653,0.5547573255612965,2685,2512,770
word_0086.nii.gz,8,pancreas,0.8478368403028804,0.8260417478590565,11141,1068,2931
word_0086.nii.gz,9,duodenum,0.6247913962544038,0.5495347873523502,6739,7073,1021
word_0086.nii.gz,10,colon,0.8671062301181477,0.6280322757827866,421819,64866,64431
word_0086.nii.gz,11,intestine,0.8078303481580095,0.5595075075239498,283378,46396,88426
word_0086.nii.gz,12,adrenal,0.6460959003331884,0.7441651891713618,2230,1615,828
word_0086.nii.gz,13,rectum,0.7651810584958217,0.5934470338542286,10988,3442,3302
word_0086.nii.gz,14,bladder,0.9421245109712536,0.7876355567544547,66465,4807,3359
word_0086.nii.gz,15,head_of_femur_left,0.9384442887175893,0.861249129049826,33479,2922,1470
word_0086.nii.gz,16,head_of_femur_right,0.9336984211314997,0.8173502100323237,34270,3952,915
word_0087.nii.gz,1,liver,0.9580062361658039,0.8199472660750547,338888,10775,18935
word_0087.nii.gz,2,spleen,0.9313386345598035,0.8028091700174664,62192,1268,7902
word_0087.nii.gz,3,left_kidney,0.9307501067826125,0.8510810394622529,42492,2409,3914
word_0087.nii.gz,4,right_kidney,0.93407469620778,0.8560366493491517,43930,2070,4131
word_0087.nii.gz,5,stomach,0.9002209571909049,0.7884100484275789,41353,3273,5894
word_0087.nii.gz,6,gallbladder,0.874919683015635,0.7997228138700911,8170,1183,1153
word_0087.nii.gz,7,esophagus,0.698066975224612,0.6696723074303184,2564,1717,501
word_0087.nii.gz,8,pancreas,0.8052460924509478,0.6560708727665746,19371,3975,5395
word_0087.nii.gz,9,duodenum,0.6668653869083104,0.625891163480211,11186,1520,9656
word_0087.nii.gz,10,colon,0.8957750000318906,0.7189912548476519,351112,26408,55297
word_0087.nii.gz,11,intestine,0.8659856660076517,0.8179600798564868,259965,45196,35265
word_0087.nii.gz,12,adrenal,0.7096015291868842,0.7279437321706873,2413,1081,894
word_0087.nii.gz,13,rectum,0.6448637047951568,0.42707078777089313,10066,8580,2507
word_0087.nii.gz,14,bladder,0.9455524744027304,0.8374470385241207,53193,3500,2626
word_0087.nii.gz,15,head_of_femur_left,0.912292142158461,0.7468206468733634,32177,2193,3994
word_0087.nii.gz,16,head_of_femur_right,0.8939162082799124,0.6884709436872516,32421,2666,5029
word_0089.nii.gz,1,liver,0.9469852410451643,0.7472954544976993,408689,17884,27875
word_0089.nii.gz,2,spleen,0.9402473430342498,0.8411195721570104,46491,2924,2985
word_0089.nii.gz,3,left_kidney,0.9149987965414452,0.7781276035093557,49420,4715,4467
word_0089.nii.gz,4,right_kidney,0.9308111100858171,0.8167482683178368,50436,2466,5032
word_0089.nii.gz,5,stomach,0.9394479011233424,0.7684945293141747,133473,5856,11350
word_0089.nii.gz,6,gallbladder,0.8966763848396502,0.7901963520318261,15378,1011,2533
word_0089.nii.gz,7,esophagus,0.6911045005277805,0.5927429716209613,3601,1774,1445
word_0089.nii.gz,8,pancreas,0.8343333333333334,0.7105691829597678,25030,3602,6338
word_0089.nii.gz,9,duodenum,0.7913288482548445,0.6800146079656126,20643,6017,4870
word_0089.nii.gz,10,colon,0.8927393842272211,0.6596935244074609,527563,34634,92137
word_0089.nii.gz,11,intestine,0.8408509517928603,0.6823338071145829,376853,71923,70732
word_0089.nii.gz,12,adrenal,0.6560273582217155,0.6652156357665487,2302,916,1498
word_0089.nii.gz,13,rectum,0.7349677881173944,0.4755082948421423,16428,2121,9727
word_0089.nii.gz,14,bladder,0.9507563066015976,0.7865275757937897,97897,1752,8389
word_0089.nii.gz,15,head_of_femur_left,0.7141644278520173,0.5657436770144376,30703,20831,3746
word_0089.nii.gz,16,head_of_femur_right,0.7803470651645494,0.531079817811661,36919,17301,3483
word_0090.nii.gz,1,liver,0.9532966331044974,0.7927978049309434,242522,8556,15207
word_0090.nii.gz,2,spleen,0.9270423584944723,0.8158508207869316,22389,1523,2001
word_0090.nii.gz,3,left_kidney,0.9412938433060076,0.8726228411716508,39155,995,3889
word_0090.nii.gz,4,right_kidney,0.9187850211835452,0.8139483163296577,26891,2067,2687
word_0090.nii.gz,5,stomach,0.9123502990272248,0.7220474308468688,91303,7302,10241
word_0090.nii.gz,6,gallbladder,0.6836700894335873,0.5916220940775356,2064,1496,414
word_0090.nii.gz,7,esophagus,0.8012958963282938,0.6991196354936718,3339,1353,303
word_0090.nii.gz,8,pancreas,0.7859751343810266,0.6280049338765594,19155,1850,8582
word_0090.nii.gz,9,duodenum,0.7391504370495323,0.6207351891799104,16870,4208,7699
word_0090.nii.gz,10,colon,0.8657604992289208,0.6872870641928155,181050,28363,27782
word_0090.nii.gz,11,intestine,0.8784703336673093,0.6990514092671412,260842,30303,41868
word_0090.nii.gz,12,adrenal,0.5257074051776038,0.4766495301853055,2183,834,3105
word_0090.nii.gz,13,rectum,0.6669254384417235,0.47181856753941237,18900,2663,16215
word_0090.nii.gz,14,bladder,0.951601885374684,0.7452483858860036,139305,1534,12636
word_0090.nii.gz,15,head_of_femur_left,0.9048876283947047,0.6924762001865382,48497,3890,6305
word_0090.nii.gz,16,head_of_femur_right,0.9146069320075704,0.7295871929092315,48567,3622,5447
word_0091.nii.gz,1,liver,0.9653911625556044,0.7959637614578184,498500,16058,19684
word_0091.nii.gz,2,spleen,0.9487890971553693,0.8998176239290427,50264,1696,3730
word_0091.nii.gz,3,left_kidney,0.9474216605800055,0.8808379426241131,63689,1371,5698
word_0091.nii.gz,4,right_kidney,0.9411346964933704,0.8670782330629345,54335,2364,4433
word_0091.nii.gz,5,stomach,0.9398611267218663,0.7783811556930953,150515,8053,11209
word_0091.nii.gz,6,gallbladder,0.6697375767727527,0.6145626611902074,2399,1936,430
word_0091.nii.gz,7,esophagus,0.7792875504957767,0.7099805055949047,3183,1290,513
word_0091.nii.gz,8,pancreas,0.8525727030370616,0.7612728892616836,24465,3811,4650
word_0091.nii.gz,9,duodenum,0.7288007554296506,0.557932507376006,19295,8317,6043
word_0091.nii.gz,10,colon,0.8279043469042137,0.6156966157770656,152281,49049,14260
word_0091.nii.gz,11,intestine,0.8235535016281222,0.6215112891715877,247351,36797,69193
word_0091.nii.gz,12,adrenal,0.5157107231920199,0.5564056165502708,1551,2216,697
word_0091.nii.gz,13,rectum,0.43432152325861656,0.2400409605604009,4505,6356,5379
word_0091.nii.gz,14,bladder,0.9077548234340505,0.7126696890348703,42556,4843,3806
word_0091.nii.gz,15,head_of_femur_left,0.9400914668830725,0.8450381817691455,61976,2246,5653
word_0091.nii.gz,16,head_of_femur_right,0.9289561767118125,0.7324008130801288,62862,6009,3606
word_0093.nii.gz,1,liver,0.9590874877198884,0.7474297171887266,467629,6711,33185
word_0093.nii.gz,2,spleen,0.9176797621351537,0.8242912687493967,26080,450,4229
word_0093.nii.gz,3,left_kidney,0.935768019031698,0.8257936545371634,58216,3542,4450
word_0093.nii.gz,4,right_kidney,0.9361616604545787,0.8437547481012698,51238,3407,3581
word_0093.nii.gz,5,stomach,0.9463477313727492,0.8438426328681872,111211,5720,6890
word_0093.nii.gz,6,gallbladder,0.3835932986712883,0.25413473294747846,664,646,1488
word_0093.nii.gz,7,esophagus,0.8131093621520028,0.8121334354255686,3461,377,1214
word_0093.nii.gz,8,pancreas,0.7440568716450082,0.6335069677138192,17950,8964,3385
word_0093.nii.gz,9,duodenum,0.6758093745408238,0.6213180407817486,13798,2783,10455
word_0093.nii.gz,10,colon,0.7750092373929667,0.5775792131067281,120605,38085,31940
word_0093.nii.gz,11,intestine,0.8448151335137246,0.7303192954965309,244465,32153,57659
word_0093.nii.gz,12,adrenal,0.7581435572211012,0.8041280172845009,2630,860,818
word_0093.nii.gz,13,rectum,0.8535378918132522,0.6255340824040947,16134,2408,3129
word_0093.nii.gz,14,bladder,0.9544597025402536,0.8124525356851515,87020,2848,5456
word_0093.nii.gz,15,head_of_femur_left,0.8615949367088608,0.7292920767506835,34033,8485,2449
word_0093.nii.gz,16,head_of_femur_right,0.8435495411807534,0.6859946910934324,33599,10189,2274
word_0094.nii.gz,1,liver,0.9375627397117713,0.6560998588904979,432433,13864,43732
word_0094.nii.gz,2,spleen,0.9493879712417769,0.8198410392686161,93228,2461,7479
word_0094.nii.gz,3,left_kidney,0.938863547235237,0.8439016394783307,45487,2442,3482
word_0094.nii.gz,4,right_kidney,0.8953430145217827,0.7308550852635816,36654,5589,2980
word_0094.nii.gz,5,stomach,0.8731237172434648,0.5760058314766723,135707,15414,24026
word_0094.nii.gz,6,gallbladder,0.03199015687480775,0.0716771136095702,52,2899,248
word_0094.nii.gz,7,esophagus,0.544339763720652,0.5105451322608047,3640,5024,1070
word_0094.nii.gz,8,pancreas,0.8505065772382684,0.6579780814742616,36013,4486,8174
word_0094.nii.gz,9,duodenum,0.5970867884152421,0.45273816521588567,12277,9078,7491
word_0094.nii.gz,10,colon,0.5452427075437266,0.2910820377440758,58263,16465,80723
word_0094.nii.gz,11,intestine,0.6582495589181151,0.4253756889333072,167330,125812,47937
word_0094.nii.gz,12,adrenal,0.42021449463763405,0.4362017428241707,1293,3120,448
word_0094.nii.gz,13,rectum,0.1513532923380762,0.07886600063728899,1686,49,18858
word_0094.nii.gz,14,bladder,0.5237374957100911,0.24603941606036994,20602,36987,482
word_0094.nii.gz,15,head_of_femur_left,0.9232508452778527,0.7715087321632045,44509,1375,6025
word_0094.nii.gz,16,head_of_femur_right,0.9169446565652506,0.7333006929681813,45629,2101,6165
word_0095.nii.gz,1,liver,0.9286061798800896,0.6627419102132415,380781,23985,34566
word_0095.nii.gz,2,spleen,0.9373130242652954,0.7667509452047174,143811,12701,6535
word_0095.nii.gz,3,left_kidney,0.9012810133815896,0.7774421329024136,37852,3752,4540
word_0095.nii.gz,4,right_kidney,0.9039877014814125,0.7746426200242414,38810,3323,4921
word_0095.nii.gz,5,stomach,0.92156532269643,0.628929656441303,221448,7707,29988
word_0095.nii.gz,6,gallbladder,0.30135922330097087,0.32054266871352366,1940,8119,876
word_0095.nii.gz,7,esophagus,0.7134883720930233,0.7020515823626099,1534,958,274
word_0095.nii.gz,8,pancreas,0.7868518321342196,0.5558395889973929,25865,1806,12207
word_0095.nii.gz,9,duodenum,0.7547092623240419,0.5725615086001777,20293,3476,9715
word_0095.nii.gz,10,colon,0.681391389810281,0.42586434643261645,77650,45941,26675
word_0095.nii.gz,11,intestine,0.8390595314499635,0.5640994676227904,328801,56043,70092
word_0095.nii.gz,12,adrenal,0.5950138504155125,0.5867388798374078,2148,1540,1384
word_0095.nii.gz,13,rectum,0.8296765727271272,0.5302622118695453,25922,4880,5763
word_0095.nii.gz,14,bladder,0.8302773412074741,0.5974783558175122,26150,6022,4669
word_0095.nii.gz,15,head_of_femur_left,0.9110590640037474,0.7395024801596243,53486,2923,7520
word_0095.nii.gz,16,head_of_femur_right,0.9012953906511304,0.7116348577305888,49852,3066,7853
word_0096.nii.gz,1,liver,0.962839741798601,0.8141883515456935,406613,15136,16250
word_0096.nii.gz,2,spleen,0.9397359173932336,0.8635884122563604,39179,2245,2780
word_0096.nii.gz,3,left_kidney,0.9580966935833626,0.9209241014703521,46392,2966,1092
word_0096.nii.gz,4,right_kidney,0.9520696922227356,0.8763672783190665,42240,2921,1332
word_0096.nii.gz,5,stomach,0.9471964206554572,0.8394103249249008,91879,4273,5971
word_0096.nii.gz,6,gallbladder,0.8475814701154465,0.8134260207356273,2900,897,146
word_0096.nii.gz,7,esophagus,0.6529879101899827,0.6001547077183917,4726,3918,1105
word_0096.nii.gz,8,pancreas,0.8591176797421936,0.7857051929669816,19328,2641,3698
word_0096.nii.gz,9,duodenum,0.8369427825061094,0.7955834978103852,14898,3244,2561
word_0096.nii.gz,10,colon,0.9016913090671637,0.8392571028923347,104254,13734,8999
word_0096.nii.gz,11,intestine,0.9090702280269778,0.841163927390239,203799,26773,13997
word_0096.nii.gz,12,adrenal,0.5721953837895867,0.6234096718604987,1599,1275,1116
word_0096.nii.gz,13,rectum,0.8142395666786308,0.6295902109266721,12477,2803,2890
word_0096.nii.gz,14,bladder,0.9007884680501137,0.7725041658620981,18622,2785,1317
word_0096.nii.gz,15,head_of_femur_left,0.943116621017731,0.8588008603886741,49068,1294,4625
word_0096.nii.gz,16,head_of_femur_right,0.9402375828693295,0.8030045143877507,48717,3312,2881
word_0100.nii.gz,1,liver,0.9570715500871976,0.773502520118133,358363,16347,15801
word_0100.nii.gz,2,spleen,0.9448829817971685,0.8745906540146768,40878,2542,2227
word_0100.nii.gz,3,left_kidney,0.9218372547073034,0.7822768411654168,55714,7386,2062
word_0100.nii.gz,4,right_kidney,0.9176873825596771,0.763261102633782,52745,7032,2430
word_0100.nii.gz,5,stomach,0.9288344620039164,0.7411056762582221,144907,14643,7562
word_0100.nii.gz,6,gallbladder,0.7206349206349206,0.6786277942938743,2043,1294,290
word_0100.nii.gz,7,esophagus,0.7728904847396768,0.667824537443133,4305,1627,903
word_0100.nii.gz,8,pancreas,0.7382827384732631,0.6205547468078586,11625,5400,2842
word_0100.nii.gz,9,duodenum,0.8068554697359785,0.6539460610069732,31966,3269,12035
word_0100.nii.gz,10,colon,0.8203003961558064,0.614249349015041,201992,28410,60089
word_0100.nii.gz,11,intestine,0.8502794699491302,0.6902535131865779,311397,68903,40761
word_0100.nii.gz,12,adrenal,0.7145830782417044,0.7599761219883374,2918,796,1535
word_0100.nii.gz,13,rectum,0.7873118063239781,0.5626534958609732,11740,4008,2335
word_0100.nii.gz,14,bladder,0.949411640484766,0.790451106973819,80925,4128,4496
word_0100.nii.gz,15,head_of_femur_left,0.8412661712083678,0.6179430767201697,38204,10284,4133
word_0100.nii.gz,16,head_of_femur_right,0.783422338884866,0.5519439181605755,34621,17390,1752
word_0101.nii.gz,1,liver,0.9644414864963491,0.8100032642181667,555011,11568,29358
word_0101.nii.gz,2,spleen,0.9429294181836219,0.8228929125988819,95052,2445,9061
word_0101.nii.gz,3,left_kidney,0.9308130460574436,0.7817859807858709,80809,3684,8329
word_0101.nii.gz,4,right_kidney,0.9322734499205088,0.8049845753027911,71834,4097,6340
word_0101.nii.gz,5,stomach,0.9340648340648341,0.8200847366750138,121307,8903,8223
word_0101.nii.gz,6,gallbladder,0.9132971705028589,0.8393260500040659,15574,661,2296
word_0101.nii.gz,7,esophagus,0.7368581907090465,0.6907308642751715,2411,1040,682
word_0101.nii.gz,8,pancreas,0.8486405559765632,0.7222381046716123,22957,3974,4215
word_0101.nii.gz,9,duodenum,0.7682252572223646,0.6833991575940547,20981,4396,8264
word_0101.nii.gz,10,colon,0.9155490338206955,0.8233835862435036,258931,15585,32183
word_0101.nii.gz,11,intestine,0.9003834194089176,0.806795712314992,416236,24095,68008
word_0101.nii.gz,12,adrenal,0.687312165163988,0.7070599542897673,2630,512,1881
word_0101.nii.gz,13,rectum,0.769449280674425,0.5657864370719665,16794,4582,5482
word_0101.nii.gz,14,bladder,0.9310619726505673,0.6160592709696148,160003,783,22911
word_0101.nii.gz,15,head_of_femur_left,0.8901012653381574,0.6337762490369031,46498,3905,7577
word_0101.nii.gz,16,head_of_femur_right,0.8557107185794877,0.543996437186336,46264,7452,8150
word_0102.nii.gz,1,liver,0.9612241879942631,0.8216045735229162,409494,12109,20929
word_0102.nii.gz,2,spleen,0.9581570088329341,0.9208887723045063,45397,1687,2278
word_0102.nii.gz,3,left_kidney,0.9442797675737568,0.8969607430862487,44121,3297,1910
word_0102.nii.gz,4,right_kidney,0.9196694850936922,0.8343211728937393,43018,5880,1635
word_0102.nii.gz,5,stomach,0.885888717923264,0.6777561374211373,62468,4546,11547
word_0102.nii.gz,6,gallbladder,0.7387527706224166,0.5804709480663091,6166,899,3462
word_0102.nii.gz,7,esophagus,0.5633371093489705,0.4589804838627851,4227,2397,4156
word_0102.nii.gz,8,pancreas,0.7843637738702969,0.6500181869035988,16594,5476,3648
word_0102.nii.gz,9,duodenum,0.8032020715571415,0.6244859441239062,25435,5141,7323
word_0102.nii.gz,10,colon,0.7021805629986653,0.6097420645978471,105477,63102,26371
word_0102.nii.gz,11,intestine,0.8060821919353429,0.6665102756807011,285844,41470,96060
word_0102.nii.gz,12,adrenal,0.5076990761108667,0.4868222317479333,1154,1749,489
word_0102.nii.gz,13,rectum,0.7291584613364842,0.520580098260452,11108,2295,5957
word_0102.nii.gz,14,bladder,0.962268589188567,0.785098982819539,192268,6835,8243
word_0102.nii.gz,15,head_of_femur_left,0.9106275138917951,0.7473171352680449,39167,3198,4490
word_0102.nii.gz,16,head_of_femur_right,0.9028184375179381,0.7188915014837435,39320,2825,5640
word_0104.nii.gz,1,liver,0.9478879453627874,0.7250409806866895,392082,18358,24753
word_0104.nii.gz,2,spleen,0.9299055937527904,0.7884360433292494,57278,3775,4860
word_0104.nii.gz,3,left_kidney,0.8810092309523279,0.722637583492251,59221,11324,4673
word_0104.nii.gz,4,right_kidney,0.8903702264114275,0.7255703824337963,45814,7480,3802
word_0104.nii.gz,5,stomach,0.8919071636356026,0.6356404988013029,149163,12637,23518
word_0104.nii.gz,6,gallbladder,0.6589485153909017,0.41204441923165014,2419,1140,1364
word_0104.nii.gz,7,esophagus,0.6474681364106097,0.6018315117115226,4699,2822,2295
word_0104.nii.gz,8,pancreas,0.7665844476178112,0.5703934575634877,23620,5341,9043
word_0104.nii.gz,9,duodenum,0.354627400481496,0.28566296003571634,3167,7082,4445
word_0104.nii.gz,10,colon,0.6183480921969207,0.3622721422782115,77893,19715,76438
word_0104.nii.gz,11,intestine,0.5845775827682489,0.32388057118883246,91596,115390,14793
word_0104.nii.gz,12,adrenal,0.4273922347905839,0.29556803451007807,1398,2909,837
word_0104.nii.gz,13,rectum,0.6580358593792319,0.4307072728627613,6074,3651,2662
word_0104.nii.gz,14,bladder,0.716287534121929,0.3830891035256292,15744,10878,1594
word_0104.nii.gz,15,head_of_femur_left,0.7925483855627943,0.6162855675853531,33333,14772,2678
word_0104.nii.gz,16,head_of_femur_right,0.7779263153124575,0.5593442641967638,34333,16817,2785
word_0105.nii.gz,1,liver,0.9389441868485592,0.5943945767750136,392043,6624,44362
word_0105.nii.gz,2,spleen,0.8929610944018628,0.6401064195065843,36815,1393,7433
word_0105.nii.gz,3,left_kidney,0.9095857034788333,0.7750159069310715,46292,3714,5489
word_0105.nii.gz,4,right_kidney,0.9097507911392405,0.7481904587562825,45997,3243,5883
word_0105.nii.gz,5,stomach,0.7354914379544921,0.4012904620821543,78385,9561,46819
word_0105.nii.gz,6,gallbladder,0.4849991428081605,0.4134041788349686,2829,5049,959
word_0105.nii.gz,7,esophagus,0.7272931654676259,0.5176385846781126,9705,1790,5488
word_0105.nii.gz,8,pancreas,0.8164810302819353,0.6559862207828437,18766,1982,6454
word_0105.nii.gz,9,duodenum,0.6470814686492469,0.5234413216362332,13447,6269,8399
word_0105.nii.gz,10,colon,0.7210544338641063,0.5039417210345879,328485,42357,211797
word_0105.nii.gz,11,intestine,0.7755284798782527,0.6372325153849709,290981,100638,67807
word_0105.nii.gz,12,adrenal,0.7028022090407037,0.7326262421659572,1718,428,1025
word_0105.nii.gz,13,rectum,0.8116553497264157,0.4924609230193127,30780,4127,10158
word_0105.nii.gz,14,bladder,0.9442290721821479,0.7316003470070315,107534,3615,9088
word_0105.nii.gz,15,head_of_femur_left,0.8755285577078994,0.5603536578894182,35096,1378,8601
word_0105.nii.gz,16,head_of_femur_right,0.8502683833189445,0.4841235965576532,33978,1552,10415
word_0106.nii.gz,1,liver,0.9514182631093844,0.6954065253504338,422189,10303,32813
word_0106.nii.gz,2,spleen,0.9281297571095634,0.7853487191865275,34448,2073,3262
word_0106.nii.gz,3,left_kidney,0.9381938048378496,0.8775249903625562,38708,934,4166
word_0106.nii.gz,4,right_kidney,0.9413708459214502,0.8710000060859521,39884,1633,3335
word_0106.nii.gz,5,stomach,0.9238807295458985,0.7407630873067302,130057,8554,12877
word_0106.nii.gz,6,gallbladder,0.4320593563972047,0.3472964783630537,2504,5887,696
word_0106.nii.gz,7,esophagus,0.6596560846560846,0.6406240581925903,4987,2274,2872
word_0106.nii.gz,8,pancreas,0.8191738778294045,0.6992243710116482,19217,1429,7055
word_0106.nii.gz,9,duodenum,0.7041827498250604,0.6065685987807307,15598,2837,10268
word_0106.nii.gz,10,colon,0.8174685776117511,0.6345236012018597,138630,11326,50583
word_0106.nii.gz,11,intestine,0.8362166504729818,0.6380083702325442,198808,48937,28941
word_0106.nii.gz,12,adrenal,0.48420243925861906,0.44483295152269103,2521,934,4437
word_0106.nii.gz,13,rectum,0.8754697029777753,0.7474221271880676,23182,1540,5055
word_0106.nii.gz,14,bladder,0.8341860139642652,0.6463771766195828,26822,3331,7332
word_0106.nii.gz,15,head_of_femur_left,0.9057530152631017,0.7865352983471988,33944,2866,4198
word_0106.nii.gz,16,head_of_femur_right,0.8912794113532719,0.7141800163092521,31857,2811,4961
word_0107.nii.gz,1,liver,0.9636654764777689,0.8560337771693214,273535,8686,11941
word_0107.nii.gz,2,spleen,0.9533380565698403,0.8955748437807828,43732,1564,2717
word_0107.nii.gz,3,left_kidney,0.9120623285618791,0.7904672259547689,39568,2877,4753
word_0107.nii.gz,4,right_kidney,0.9288808416034471,0.8101312012589243,40528,2101,4105
word_0107.nii.gz,5,stomach,0.9105578501272911,0.7637950612512711,59194,5549,6080
word_0107.nii.gz,6,gallbladder,0.2628874523454334,0.26964442578687126,793,4397,50
word_0107.nii.gz,7,esophagus,0.7447924948322467,0.6793104093123469,2342,1293,312
word_0107.nii.gz,8,pancreas,0.8364765820521988,0.7508525374755697,18717,3798,3520
word_0107.nii.gz,9,duodenum,0.7277931402512977,0.5336297028268602,15002,4468,6754
word_0107.nii.gz,10,colon,0.8585364035563265,0.5857502025620535,253385,26322,57180
word_0107.nii.gz,11,intestine,0.8552651976861886,0.6572832487591365,281366,61218,34012
word_0107.nii.gz,12,adrenal,0.694888178913738,0.7470841740222942,1740,1212,316
word_0107.nii.gz,13,rectum,0.7542154664008639,0.571921494146318,9080,750,5168
word_0107.nii.gz,14,bladder,0.932210668783592,0.7879374839374992,35816,3535,1674
word_0107.nii.gz,15,head_of_femur_left,0.9374857299420065,0.8307331512663415,51325,2124,4721
word_0107.nii.gz,16,head_of_femur_right,0.9309240909294714,0.7717251370567653,51906,3293,4410
word_0108.nii.gz,1,liver,0.9658427174174313,0.809816951392609,636882,24219,20828
word_0108.nii.gz,2,spleen,0.9427997865474043,0.7799913889494011,111306,1985,11521
word_0108.nii.gz,3,left_kidney,0.9415820551595017,0.8616050228365041,52303,4299,2191
word_0108.nii.gz,4,right_kidney,0.9398059584981084,0.8550390987030246,54778,5243,1774
word_0108.nii.gz,5,stomach,0.8954317588081621,0.7055702251504957,57069,8899,4430
word_0108.nii.gz,6,gallbladder,0.8227584152517129,0.7183211300888012,5524,1969,411
word_0108.nii.gz,7,esophagus,0.7234184982706683,0.6008229168549006,3242,2233,246
word_0108.nii.gz,8,pancreas,0.8665473349244233,0.7713914200152179,21785,2863,3847
word_0108.nii.gz,9,duodenum,0.766003796719883,0.6414450784401207,12307,4680,2839
word_0108.nii.gz,10,colon,0.818780835911294,0.5833771989116968,226031,67022,33032
word_0108.nii.gz,11,intestine,0.8374338207746421,0.5279148390979129,280524,25760,83153
word_0108.nii.gz,12,adrenal,0.6639810426540285,0.7164662859816532,2802,1691,1145
word_0108.nii.gz,13,rectum,0.8125233744724047,0.48755217147911856,22812,1688,8839
word_0108.nii.gz,14,bladder,0.9554620521415597,0.7332519315382787,217767,9491,10811
word_0108.nii.gz,15,head_of_femur_left,0.9373227830608756,0.8471695933787248,45784,1304,4819
word_0108.nii.gz,16,head_of_femur_right,0.920608811315199,0.7465767241925754,45334,3348,4471
word_0109.nii.gz,1,liver,0.937062356842759,0.6597836623795231,372695,6565,43499
word_0109.nii.gz,2,spleen,0.9288569511432783,0.7376831131523442,80981,2093,10312
word_0109.nii.gz,3,left_kidney,0.9116863439423216,0.7186725799619449,53552,1538,8837
word_0109.nii.gz,4,right_kidney,0.9312883630696817,0.7690535215946604,58565,2446,6196
word_0109.nii.gz,5,stomach,0.8510976423165038,0.5794332422518235,73371,14172,11501
word_0109.nii.gz,6,gallbladder,0.779869659666908,0.6729261577319774,3231,1357,467
word_0109.nii.gz,7,esophagus,0.8082093134901585,0.7425355702103313,3367,617,981
word_0109.nii.gz,8,pancreas,0.8256188680146094,0.559775896057232,34586,2810,11800
word_0109.nii.gz,9,duodenum,0.5300493091832251,0.3460609384693837,10857,2238,17014
word_0109.nii.gz,10,colon,0.7842404693823032,0.5657499734844575,198156,74122,34911
word_0109.nii.gz,11,intestine,0.7840362272982364,0.5393853839099866,262649,43765,100929
word_0109.nii.gz,12,adrenal,0.7047221999518961,0.6723335446140174,4395,1234,2449
word_0109.nii.gz,13,rectum,0.21045531197301856,0.19215791247713418,312,506,1835
word_0109.nii.gz,14,bladder,0.9127207850133809,0.6173218816045828,102316,8937,10631
word_0109.nii.gz,15,head_of_femur_left,0.8916232270578252,0.58922022799685,58840,1823,12481
word_0109.nii.gz,16,head_of_femur_right,0.8687518047386739,0.46415019672126906,57163,1611,15661
word_0111.nii.gz,1,liver,0.9562089636047503,0.8006338347050803,388261,18186,17376
word_0111.nii.gz,2,spleen,0.9428738393610805,0.8296292880950767,72606,4220,4578
word_0111.nii.gz,3,left_kidney,0.9397592638083181,0.8742400280593574,49733,2900,3476
word_0111.nii.gz,4,right_kidney,0.9367525205110413,0.8663614748796163,45899,3814,2384
word_0111.nii.gz,5,stomach,0.948412263592733,0.7454892010083314,259662,20032,8216
word_0111.nii.gz,6,gallbladder,0.5205776173285198,0.5580712036747059,721,376,952
word_0111.nii.gz,7,esophagus,0.8600165334802976,0.802524578649697,9363,1727,1321
word_0111.nii.gz,8,pancreas,0.7965079717382458,0.6769785680659252,21532,4941,6061
word_0111.nii.gz,9,duodenum,0.646892589392064,0.5432481614965329,13849,4586,10533
word_0111.nii.gz,10,colon,0.8790594793905366,0.7198270894955209,210035,15761,42032
word_0111.nii.gz,11,intestine,0.8658675486925361,0.7232493448596918,182069,37446,18963
word_0111.nii.gz,12,adrenal,0.588656289139381,0.6608117559434575,1645,1139,1160
word_0111.nii.gz,13,rectum,0.6171032860782648,0.4424457683541366,9446,10192,1530
word_0111.nii.gz,14,bladder,0.9495942750596348,0.8415010107158589,45581,3052,1787
word_0111.nii.gz,15,head_of_femur_left,0.929655286161966,0.7833071280792457,45092,4162,2662
word_0111.nii.gz,16,head_of_femur_right,0.9310275487633219,0.7817629661578217,48615,4482,2721
word_0113.nii.gz,1,liver,0.9603899158700631,0.7687864978003666,603255,26338,23423
word_0113.nii.gz,2,spleen,0.9339918533604888,0.8387859395744633,45859,3385,3097
word_0113.nii.gz,3,left_kidney,0.9539933750460067,0.9132324747638638,58320,1944,3681
word_0113.nii.gz,4,right_kidney,0.9427823727061256,0.8641388801719886,58362,4959,2125
word_0113.nii.gz,5,stomach,0.9363439905109054,0.7437504684091201,259320,11039,24220
word_0113.nii.gz,6,gallbladder,0.3552123552123552,0.36672534092481945,506,498,1339
word_0113.nii.gz,7,esophagus,0.7817787418655098,0.7880221837144622,3604,1082,930
word_0113.nii.gz,8,pancreas,0.8470400079966014,0.7205823372275678,33896,1556,10686
word_0113.nii.gz,9,duodenum,0.8250503747884259,0.7484370519877491,25591,2969,7884
word_0113.nii.gz,10,colon,0.893996667188902,0.8002601859128109,156921,16474,20739
word_0113.nii.gz,11,intestine,0.9175561654976111,0.8759615184460343,324936,30927,27465
word_0113.nii.gz,12,adrenal,0.6604948124501198,0.6978139653711635,2069,1316,811
word_0113.nii.gz,13,rectum,0.7819188910846995,0.677838119844966,14046,2386,5449
word_0113.nii.gz,14,bladder,0.8144181441814418,0.6378369551046392,18098,1931,6317
word_0113.nii.gz,15,head_of_femur_left,0.9184788711307408,0.8142990122468055,49078,3911,4801
word_0113.nii.gz,16,head_of_femur_right,0.918716755319149,0.7791103727108539,49743,4275,4527
word_0114.nii.gz,1,liver,0.8440751483085,0.4984265821173151,369155,13281,123106
word_0114.nii.gz,2,spleen,0.6668741551133327,0.480680426514937,106063,91861,14103
word_0114.nii.gz,3,left_kidney,0.9319100813680872,0.7870476763869849,84466,5756,6587
word_0114.nii.gz,4,right_kidney,0.9103093647101277,0.7491740949572836,70635,7391,6528
word_0114.nii.gz,5,stomach,0.8937907043944076,0.5654121768428831,160843,5350,32876
word_0114.nii.gz,6,gallbladder,0.5682060012768674,0.45295791637878646,1335,952,1077
word_0114.nii.gz,7,esophagus,0.6913973021124968,0.5757500244430571,5433,2640,2210
word_0114.nii.gz,8,pancreas,0.6979146049624845,0.4899714057602941,19394,5155,11634
word_0114.nii.gz,9,duodenum,0.7378919449187952,0.5159891162275757,20309,3447,10981
word_0114.nii.gz,10,colon,0.8448772276935343,0.541766615578016,343326,40245,85827
word_0114.nii.gz,11,intestine,0.856325851803251,0.6613434783236329,366096,44029,78818
word_0114.nii.gz,12,adrenal,0.46013025875726105,0.480321814235025,2614,3267,2867
word_0114.nii.gz,13,rectum,0.8723008906260011,0.6479291416764823,27228,3465,4507
word_0114.nii.gz,14,bladder,0.9411343560155403,0.8221348794223807,44694,1871,3720
word_0114.nii.gz,15,head_of_femur_left,0.9181307751854428,0.7711734924055446,46849,3222,5133
word_0114.nii.gz,16,head_of_femur_right,0.9196135932378816,0.75991283803622,47979,2569,5819
word_0115.nii.gz,1,liver,0.9600529799353377,0.8455257877530669,387066,7938,24273
word_0115.nii.gz,2,spleen,0.9580984883740973,0.9229991683187382,55586,1323,3539
word_0115.nii.gz,3,left_kidney,0.945442736523057,0.8952385915301629,48037,3486,2058
word_0115.nii.gz,4,right_kidney,0.9430340492184133,0.8721327789246129,44854,3686,1733
word_0115.nii.gz,5,stomach,0.9334301250148329,0.8573905459825844,66863,6392,3145
word_0115.nii.gz,6,gallbladder,0.8064732356602509,0.6790225587282289,4211,1160,861
word_0115.nii.gz,7,esophagus,0.742603550295858,0.721850785486153,3012,1332,756
word_0115.nii.gz,8,pancreas,0.8642344497607656,0.7890919403254597,26010,2827,5345
word_0115.nii.gz,9,duodenum,0.7429488513091806,0.6327091800064516,12499,5894,2755
word_0115.nii.gz,10,colon,0.9069415309914496,0.8035661603576961,212934,29245,14452
word_0115.nii.gz,11,intestine,0.8867712158352941,0.7618194291985763,270232,32919,36091
word_0115.nii.gz,12,adrenal,0.6411382399437906,0.7085400633693788,1825,1059,984
word_0115.nii.gz,13,rectum,0.7697976479258145,0.5731458599266389,12535,2487,5010
word_0115.nii.gz,14,bladder,0.9577033223817137,0.8185160263650844,136274,7677,4360
word_0115.nii.gz,15,head_of_femur_left,0.9224912689173458,0.8194421595217243,39621,1515,5143
word_0115.nii.gz,16,head_of_femur_right,0.9114553674154823,0.7667552295640107,39214,2161,5458
word_0116.nii.gz,1,liver,0.9485778260034505,0.7794114326281131,288924,10718,20607
word_0116.nii.gz,2,spleen,0.9382362204724409,0.8694668637667086,29789,1537,2385
word_0116.nii.gz,3,left_kidney,0.9373932602990794,0.8689067362495491,33756,2208,2301
word_0116.nii.gz,4,right_kidney,0.9468643576283033,0.8942993495168691,31835,2309,1264
word_0116.nii.gz,5,stomach,0.9310884029579428,0.7412144784477532,131891,3104,16419
word_0116.nii.gz,6,gallbladder,0.4508338125359402,0.47278017836072067,392,465,490
word_0116.nii.gz,7,esophagus,0.6395637084779375,0.6406480923010582,2580,2205,703
word_0116.nii.gz,8,pancreas,0.7933290201998419,0.6925962212895738,16554,2438,6187
word_0116.nii.gz,9,duodenum,0.6773848312602564,0.5650067112291349,14241,5792,7773
word_0116.nii.gz,10,colon,0.7981248761309998,0.6520673917252029,98663,20070,29841
word_0116.nii.gz,11,intestine,0.8678989069525511,0.7212737960716591,297836,40279,50387
word_0116.nii.gz,12,adrenal,0.591359325605901,0.6086514569576135,1403,843,1096
word_0116.nii.gz,13,rectum,0.8133428775948461,0.5910247463076461,14203,2939,3580
word_0116.nii.gz,14,bladder,0.9338995255845476,0.7944852195986292,44095,2468,3774
word_0116.nii.gz,15,head_of_femur_left,0.9087270796749296,0.8073672373992621,33378,3038,3667
word_0116.nii.gz,16,head_of_femur_right,0.9219256204985408,0.7765720929549494,34433,3678,2154
word_0117.nii.gz,1,liver,0.9527541377329922,0.7463818477058582,547443,20394,33900
word_0117.nii.gz,2,spleen,0.955056943736189,0.7740624346924915,196651,4826,13682
word_0117.nii.gz,3,left_kidney,0.9329136638869964,0.8402369023978408,48609,3929,3062
word_0117.nii.gz,4,right_kidney,0.9337012156110045,0.8417432116998173,46700,4115,2517
word_0117.nii.gz,5,stomach,0.9330419130881975,0.7512479432106403,145144,6389,14443
word_0117.nii.gz,6,gallbladder,0.8645839854754899,0.8198269546971456,6905,1114,1049
word_0117.nii.gz,7,esophagus,0.6859649122807018,0.6690584229364008,2737,1756,750
word_0117.nii.gz,8,pancreas,0.8328328633488301,0.6867804229326582,27319,3484,7483
word_0117.nii.gz,9,duodenum,0.7522610060542642,0.5874818952648954,20129,7780,5478
word_0117.nii.gz,10,colon,0.8446839073510706,0.6572474210956091,261969,52802,43537
word_0117.nii.gz,11,intestine,0.8544743908619092,0.6434029079470921,366734,54392,70525
word_0117.nii.gz,12,adrenal,0.5769177224001114,0.5838173177104454,2072,1707,1332
word_0117.nii.gz,13,rectum,0.8657808406693257,0.655777263800311,18342,3804,1883
word_0117.nii.gz,14,bladder,0.9377098885072249,0.7806848520853608,48865,1783,4709
word_0117.nii.gz,15,head_of_femur_left,0.9130807999252089,0.6942885715709131,53717,7197,3030
word_0117.nii.gz,16,head_of_femur_right,0.9181473721749209,0.7056969849731981,51492,7318,1863
word_0118.nii.gz,1,liver,0.939865494444198,0.6504135808526386,370690,7165,40270
word_0118.nii.gz,2,spleen,0.9317746423727155,0.8339226197748318,33317,1082,3797
word_0118.nii.gz,3,left_kidney,0.9426731250332677,0.8512460409681896,53130,1980,4482
word_0118.nii.gz,4,right_kidney,0.9392575341513435,0.8523829614235172,54043,2992,3998
word_0118.nii.gz,5,stomach,0.9064748201438849,0.7211374946896153,59283,5083,7150
word_0118.nii.gz,6,gallbladder,0.6834955939508216,0.4782051725628872,8881,6073,2152
word_0118.nii.gz,7,esophagus,0.7926283457656867,0.7669107959366613,4516,549,1814
word_0118.nii.gz,8,pancreas,0.768599529354975,0.6905617218526119,19107,6175,5330
word_0118.nii.gz,9,duodenum,0.7583431952662721,0.6418203867574955,20826,3251,10022
word_0118.nii.gz,10,colon,0.8708328004267412,0.6775673265777125,279162,30606,52208
word_0118.nii.gz,11,intestine,0.8350462984387687,0.6929210696711229,198488,46244,32174
word_0118.nii.gz,12,adrenal,0.6432976306394028,0.6752786649963602,2973,1765,1532
word_0118.nii.gz,13,rectum,0.7762309300360272,0.5843961507094884,17452,3082,6980
word_0118.nii.gz,14,bladder,0.9456830437266286,0.7008432347598215,116711,2413,10994
word_0118.nii.gz,15,head_of_femur_left,0.9055793991416309,0.770083774170939,46420,6358,3322
word_0118.nii.gz,16,head_of_femur_right,0.8939176083453154,0.6804322302899617,46317,6483,4510
word_0119.nii.gz,1,liver,0.9506180157057454,0.7802308201703864,344821,17500,18325
word_0119.nii.gz,2,spleen,0.9388390790082923,0.8379009114613556,55760,2502,4763
word_0119.nii.gz,3,left_kidney,0.9214860404346032,0.7969691661489414,53601,3675,5459
word_0119.nii.gz,4,right_kidney,0.9337880229812132,0.8399058775500475,52985,3215,4299
word_0119.nii.gz,5,stomach,0.913669391462307,0.6623753164323569,140833,5656,20958
word_0119.nii.gz,6,gallbladder,0.8053097345132744,0.7627776515232355,1820,545,335
word_0119.nii.gz,7,esophagus,0.5866722026157359,0.6473679538916812,1413,1626,365
word_0119.nii.gz,8,pancreas,0.8478549112245676,0.7261591626042756,27816,2041,7942
word_0119.nii.gz,9,duodenum,0.8113805456048498,0.7045825858454351,23556,3784,7168
word_0119.nii.gz,10,colon,0.8957313052787083,0.7375224662070226,304988,22404,48601
word_0119.nii.gz,11,intestine,0.8835382499556026,0.7698393713877283,320898,30417,54180
word_0119.nii.gz,12,adrenal,0.6100907280371763,0.6190209982095941,2757,833,2691
word_0119.nii.gz,13,rectum,0.8121178085610883,0.6639436285198019,13015,4607,1415
word_0119.nii.gz,14,bladder,0.9467855872692659,0.8042822819178905,67885,4751,2880
word_0119.nii.gz,15,head_of_femur_left,0.9229181182421099,0.8068405492871186,35764,2014,3960
word_0119.nii.gz,16,head_of_femur_right,0.9203371124711548,0.7761879156531803,36692,2253,4099
word_0121.nii.gz,1,liver,0.938970132648863,0.6558569414228406,478125,10873,51280
word_0121.nii.gz,2,spleen,0.933257874777494,0.7632897004272194,96469,2085,11713
word_0121.nii.gz,3,left_kidney,0.9388520908548199,0.8095085456771821,66052,2120,6484
word_0121.nii.gz,4,right_kidney,0.9310947392453526,0.7745600464647728,53017,3469,4378
word_0121.nii.gz,5,stomach,0.9317385158198389,0.7436422412014373,162143,12422,11336
word_0121.nii.gz,6,gallbladder,0.32194557035321364,0.28154522825470135,556,1616,726
word_0121.nii.gz,7,esophagus,0.6725248974809608,0.6442284404490465,2296,1539,697
word_0121.nii.gz,8,pancreas,0.8014693938750266,0.6304100071701337,32072,2193,13696
word_0121.nii.gz,9,duodenum,0.6302780217759892,0.48066021366021133,15427,6074,12025
word_0121.nii.gz,10,colon,0.6528274611088859,0.5177741686483244,70900,35014,40395
word_0121.nii.gz,11,intestine,0.8493395282904747,0.7030624942915411,249251,29263,59164
word_0121.nii.gz,12,adrenal,0.44907232109049605,0.42683179997918813,1186,2373,537
word_0121.nii.gz,13,rectum,0.7554344242477526,0.568944305067974,17185,1939,9188
word_0121.nii.gz,14,bladder,0.8868073929585353,0.6806187861237528,22959,2568,3293
word_0121.nii.gz,15,head_of_femur_left,0.8861235919646314,0.688561447192885,49206,1435,11212
word_0121.nii.gz,16,head_of_femur_right,0.8785833756334618,0.6567153098346532,52791,2581,12010
word_0122.nii.gz,1,liver,0.9488905730775957,0.7167856751105648,406908,12299,31535
word_0122.nii.gz,2,spleen,0.9480235176382287,0.8735211547240903,60628,2018,4630
word_0122.nii.gz,3,left_kidney,0.9379954725421406,0.851141599659124,52002,3514,3361
word_0122.nii.gz,4,right_kidney,0.9408996485286444,0.8717298175767468,47785,3077,2926
word_0122.nii.gz,5,stomach,0.930332112745656,0.6686971852363321,167557,4630,20465
word_0122.nii.gz,6,gallbladder,0.8484202364799379,0.7787705890555009,4377,150,1414
word_0122.nii.gz,7,esophagus,0.5769681006731051,0.42155424539478337,3943,4869,913
word_0122.nii.gz,8,pancreas,0.8672505534091378,0.776304652215118,31538,1772,7883
word_0122.nii.gz,9,duodenum,0.7891604799472756,0.6978356541752185,20356,3320,7557
word_0122.nii.gz,10,colon,0.8987182567160804,0.8232027038676186,158990,22523,13312
word_0122.nii.gz,11,intestine,0.8882359298586907,0.8805227403811943,262996,28418,37766
word_0122.nii.gz,12,adrenal,0.7347687554311094,0.7532763657328571,3805,1076,1671
word_0122.nii.gz,13,rectum,0.8043652704220832,0.6380931672243046,12530,3137,2958
word_0122.nii.gz,14,bladder,0.9352445436865231,0.7915849610241438,38952,874,4520
word_0122.nii.gz,15,head_of_femur_left,0.9085196112750246,0.7555637711355822,54503,2406,8570
word_0122.nii.gz,16,head_of_femur_right,0.9161551433389544,0.745279589592357,54328,3418,6526
word_0123.nii.gz,1,liver,0.9658861145764696,0.8062912812356419,556291,12439,26856
word_0123.nii.gz,2,spleen,0.945681743729496,0.825353546999952,99594,1985,9456
word_0123.nii.gz,3,left_kidney,0.9541149707168326,0.8931191088677527,59137,2997,2691
word_0123.nii.gz,4,right_kidney,0.9506093528578177,0.8772715638309664,50311,2852,2376
word_0123.nii.gz,5,stomach,0.9343646460404125,0.7798467844146407,240270,23721,10035
word_0123.nii.gz,6,gallbladder,0.5955487336914812,0.6242798822755032,776,766,288
word_0123.nii.gz,7,esophagus,0.8070544265358561,0.7736972905503341,3455,1411,241
word_0123.nii.gz,8,pancreas,0.8845479286362262,0.7702538517574349,36565,5217,4328
word_0123.nii.gz,9,duodenum,0.5927027562958557,0.6256907631902329,14945,2304,18236
word_0123.nii.gz,10,colon,0.8998427738235565,0.7886380868421914,249247,42082,13403
word_0123.nii.gz,11,intestine,0.9055846156365207,0.7964818310526975,359494,26435,48526
word_0123.nii.gz,12,adrenal,0.774622892635315,0.8460584441555545,3492,1082,950
word_0123.nii.gz,13,rectum,0.7869511184755592,0.5344129329607138,18997,485,9801
word_0123.nii.gz,14,bladder,0.9725678321562041,0.9074159700620656,116979,4150,2449
word_0123.nii.gz,15,head_of_femur_left,0.9083085218267194,0.7236203519712993,61319,1682,10698
word_0123.nii.gz,16,head_of_femur_right,0.8811251105067451,0.6150043381879781,65283,5275,12340
word_0125.nii.gz,1,liver,0.9645359071592359,0.8609927601906344,282460,5409,15362
word_0125.nii.gz,2,spleen,0.9296745836525666,0.8470329180004363,23055,1920,1568
word_0125.nii.gz,3,left_kidney,0.9442450276568201,0.9044303477697698,32093,2259,1531
word_0125.nii.gz,4,right_kidney,0.9357041126462772,0.8636646328284484,31864,2955,1424
word_0125.nii.gz,5,stomach,0.9585908362254619,0.8668056034475716,177601,6081,9263
word_0125.nii.gz,6,gallbladder,0.6902103349779278,0.6432693205133011,1329,165,1028
word_0125.nii.gz,7,esophagus,0.6823379923761118,0.6318379960333019,1074,809,191
word_0125.nii.gz,8,pancreas,0.8478862263783362,0.7645855834756362,21761,2579,5229
word_0125.nii.gz,9,duodenum,0.748354647118626,0.6048507633419565,13986,6202,3204
word_0125.nii.gz,10,colon,0.8880032899890333,0.8096860197082195,136035,19500,14814
word_0125.nii.gz,11,intestine,0.8833320796483951,0.8246274859603735,205505,32120,22165
word_0125.nii.gz,12,adrenal,0.7264221556886228,0.7712310512454152,1941,931,531
word_0125.nii.gz,13,rectum,0.8220521541950113,0.6655254058822481,14501,2104,4174
word_0125.nii.gz,14,bladder,0.9544354195423427,0.8362889764149622,68800,4462,2107
word_0125.nii.gz,15,head_of_femur_left,0.9298351996334775,0.8023472844825781,34502,2195,3012
word_0125.nii.gz,16,head_of_femur_right,0.9410311405533082,0.8529932603931965,34661,1773,2571
word_0126.nii.gz,1,liver,0.9661471579012686,0.8286200302304804,513813,15113,20894
word_0126.nii.gz,2,spleen,0.9541983223842438,0.9062065650614715,72406,2293,4658
word_0126.nii.gz,3,left_kidney,0.9476835828364122,0.8852249500690065,56816,2852,3421
word_0126.nii.gz,4,right_kidney,0.9546242015924403,0.9041928307942071,54552,1760,3426
word_0126.nii.gz,5,stomach,0.9382348663675926,0.7900482407735104,125799,5570,10993
word_0126.nii.gz,6,gallbladder,0.8469472436277415,0.7840935508177556,3572,800,491
word_0126.nii.gz,7,esophagus,0.6251266464032421,0.5732891213263538,3085,3121,579
word_0126.nii.gz,8,pancreas,0.8458973480008726,0.8085866087123749,13572,981,3964
word_0126.nii.gz,9,duodenum,0.7109590060263373,0.6045931360047424,9556,6653,1117
word_0126.nii.gz,10,colon,0.8556650782291472,0.613173008074499,483648,104344,58821
word_0126.nii.gz,11,intestine,0.7885302865152815,0.5312871927384745,346522,42156,143706
word_0126.nii.gz,12,adrenal,0.6776190476190476,0.762675046693745,2846,1802,906
word_0126.nii.gz,13,rectum,0.7691069032354256,0.5948689889342617,12896,4720,3023
word_0126.nii.gz,14,bladder,0.9413680015986271,0.7727837933093369,80085,6163,3813
word_0126.nii.gz,15,head_of_femur_left,0.9293145334712714,0.8244487770485687,39974,3803,2278
word_0126.nii.gz,16,head_of_femur_right,0.936960237495502,0.8218565475020428,41661,3633,1973
word_0127.nii.gz,1,liver,0.9512976477737332,0.7548460699233241,241866,8215,16550
word_0127.nii.gz,2,spleen,0.9414990127541492,0.8208604954641555,70571,3369,5401
word_0127.nii.gz,3,left_kidney,0.9188267328171784,0.8072183241292447,47411,4974,3403
word_0127.nii.gz,4,right_kidney,0.9280270454612852,0.8212628448011563,46941,3534,3747
word_0127.nii.gz,5,stomach,0.9127506697043287,0.7300779824836161,164061,21819,9546
word_0127.nii.gz,6,gallbladder,0.33925208501479687,0.16424001531222834,1261,347,4565
word_0127.nii.gz,7,esophagus,0.7068189356963465,0.6426569958014542,7458,3645,2542
word_0127.nii.gz,8,pancreas,0.8251447837080943,0.676814190563083,30348,5594,7268
word_0127.nii.gz,9,duodenum,0.5755735231537004,0.45394759481094554,22317,2984,29929
word_0127.nii.gz,10,colon,0.8122741341031114,0.6302661601713025,294332,48253,87794
word_0127.nii.gz,11,intestine,0.8442365971711353,0.7104942093028814,379283,78709,61248
word_0127.nii.gz,12,adrenal,0.5864676231097324,0.5950670886623393,3025,3409,857
word_0127.nii.gz,13,rectum,0.7767755771414154,0.6087105210465054,12315,5729,1349
word_0127.nii.gz,14,bladder,0.9395495505359626,0.8148151471430719,42905,3650,1871
word_0127.nii.gz,15,head_of_femur_left,0.9162281116398282,0.765487666932874,43612,4870,3105
word_0127.nii.gz,16,head_of_femur_right,0.9094095881073713,0.7381770678465869,42027,5106,3267
word_0128.nii.gz,1,liver,0.9384615606423885,0.6266390298264491,325458,5118,37565
word_0128.nii.gz,2,spleen,0.9209753561278811,0.6808018689825904,77938,1417,11958
word_0128.nii.gz,3,left_kidney,0.7298028801960984,0.5365040154388077,57164,37374,4954
word_0128.nii.gz,4,right_kidney,0.6990336585593576,0.5216562636191653,44922,33427,5255
word_0128.nii.gz,5,stomach,0.8244350127002377,0.6120658548009786,101105,30913,12148
word_0128.nii.gz,6,gallbladder,0.6226662299377661,0.4817938243970043,1901,1703,601
word_0128.nii.gz,7,esophagus,0.6910278811821013,0.5950264599514058,9096,4078,4056
word_0128.nii.gz,8,pancreas,0.6713561344203619,0.5418658991599856,13505,6979,6243
word_0128.nii.gz,9,duodenum,0.37218341299437996,0.31776109118564533,14172,3176,44636
word_0128.nii.gz,10,colon,0.8677817425219146,0.566273809509042,428751,19560,111092
word_0128.nii.gz,11,intestine,0.8513689251129496,0.7120248675958116,259576,61616,29017
word_0128.nii.gz,12,adrenal,0.47555129434324067,0.4716417990377962,1736,2754,1075
word_0128.nii.gz,13,rectum,0.8142130793057097,0.5385769148499794,13932,1450,4908
word_0128.nii.gz,14,bladder,0.9288358843463338,0.7204066549681453,53311,3200,4969
word_0128.nii.gz,15,head_of_femur_left,0.5352751014198783,0.24069076850417784,16889,4707,24619
word_0128.nii.gz,16,head_of_femur_right,0.8656577132191836,0.5738947577753245,42670,6516,6728
word_0130.nii.gz,1,liver,0.9700412197802329,0.8766264133037146,405598,7481,17572
word_0130.nii.gz,2,spleen,0.9306440380696913,0.856371441215274,36082,1937,3441
word_0130.nii.gz,3,left_kidney,0.9509056335593415,0.8916782905275334,49507,2974,2138
word_0130.nii.gz,4,right_kidney,0.9407887884096396,0.8533527378328625,49676,3623,2630
word_0130.nii.gz,5,stomach,0.9052971307442746,0.7247925309517339,80504,5946,10897
word_0130.nii.gz,6,gallbladder,0.5839267548321465,0.47915301567724444,861,727,500
word_0130.nii.gz,7,esophagus,0.7419847328244275,0.7014772764108232,1458,811,203
word_0130.nii.gz,8,pancreas,0.8868799880659357,0.788723978997659,29726,1952,5631
word_0130.nii.gz,9,duodenum,0.6915013950682453,0.6114743710257629,9170,6822,1360
word_0130.nii.gz,10,colon,0.8916081669480577,0.7187743715556306,326099,56505,22782
word_0130.nii.gz,11,intestine,0.8748289772773453,0.6910415740500329,322902,18003,74399
word_0130.nii.gz,12,adrenal,0.6028410196536291,0.6653275995833617,1549,1558,483
word_0130.nii.gz,13,rectum,0.7515129939480242,0.4697539120612736,16888,3521,7647
word_0130.nii.gz,14,bladder,0.9618207193233846,0.8163594508662029,154718,7076,5207
word_0130.nii.gz,15,head_of_femur_left,0.9459246878379707,0.8677077129365606,38484,1808,2592
word_0130.nii.gz,16,head_of_femur_right,0.9455125037066324,0.8494718741428472,38263,2332,2078
word_0132.nii.gz,1,liver,0.9637270200355852,0.7910158792245819,369943,11909,15939
word_0132.nii.gz,2,spleen,0.9540444250086818,0.8423238863079016,74176,3422,3724
word_0132.nii.gz,3,left_kidney,0.9337748344370861,0.8506060666662508,53298,5196,2364
word_0132.nii.gz,4,right_kidney,0.9288081015493747,0.8410320855636124,39805,4251,1851
word_0132.nii.gz,5,stomach,0.8782003760672011,0.6595966001411933,89439,21822,2987
word_0132.nii.gz,6,gallbladder,0.8030112923462986,0.7133502531395989,2560,950,306
word_0132.nii.gz,7,esophagus,0.5944309927360775,0.5078012625213246,1473,885,1125
word_0132.nii.gz,8,pancreas,0.7220667998858121,0.6012037428475812,12647,7970,1766
word_0132.nii.gz,9,duodenum,0.6114480749581512,0.4836702483285923,14063,4147,13726
word_0132.nii.gz,10,colon,0.8107203469734113,0.61494314236504,154773,29456,42814
word_0132.nii.gz,11,intestine,0.8475559099871527,0.6805319528266516,280049,56402,44339
word_0132.nii.gz,12,adrenal,0.6729176433817784,0.6964632480091889,2153,1382,711
word_0132.nii.gz,13,rectum,0.83390242051749,0.6832338144399421,10990,2404,1974
word_0132.nii.gz,14,bladder,0.9543881772785477,0.7901895179478751,122605,2333,9386
word_0132.nii.gz,15,head_of_femur_left,0.8212771508707847,0.6770530566967604,37773,14174,2266
word_0132.nii.gz,16,head_of_femur_right,0.7859057832248181,0.5346085854961116,35910,15888,3677
word_0133.nii.gz,1,liver,0.9628777657128942,0.854509057776962,314356,8711,15528
word_0133.nii.gz,2,spleen,0.9536491750279501,0.8800244411244673,66960,2134,4375
word_0133.nii.gz,3,left_kidney,0.9394538467223413,0.8768793305705059,50847,3219,3335
word_0133.nii.gz,4,right_kidney,0.9349033156475296,0.8472108446453033,53038,4209,3177
word_0133.nii.gz,5,stomach,0.9015331590206798,0.7052576028011953,75855,3536,13034
word_0133.nii.gz,6,gallbladder,0.8438133874239351,0.7782033694921039,4160,466,1074
word_0133.nii.gz,7,esophagus,0.6963827304550758,0.7001518867634903,2984,1745,857
word_0133.nii.gz,8,pancreas,0.877510879833976,0.7432447429577109,28330,1781,6128
word_0133.nii.gz,9,duodenum,0.7038006120005321,0.6560843167620198,7935,4830,1849
word_0133.nii.gz,10,colon,0.7492865477345255,0.6873391861567039,53299,13231,22437
word_0133.nii.gz,11,intestine,0.8729275324537227,0.6916906718912045,254485,44907,29184
word_0133.nii.gz,12,adrenal,0.5800623052959502,0.6336537997071464,931,987,361
word_0133.nii.gz,13,rectum,0.7396375554270291,0.5146535956343017,7673,4244,1158
word_0133.nii.gz,14,bladder,0.9406812126325214,0.6070200453965089,218540,2363,25199
word_0133.nii.gz,15,head_of_femur_left,0.9331895151334001,0.8218359458794091,35904,3318,1823
word_0133.nii.gz,16,head_of_femur_right,0.9328638382450372,0.8163152463653812,38017,2949,2523
word_0134.nii.gz,1,liver,0.9475606309364649,0.6855911991935983,447576,11465,38074
word_0134.nii.gz,2,spleen,0.9511835730868307,0.9192692535915128,44864,1589,3016
word_0134.nii.gz,3,left_kidney,0.9325481148685568,0.8451851266537906,38400,3422,2133
word_0134.nii.gz,4,right_kidney,0.9242179488980349,0.8349290563548093,32898,2837,2558
word_0134.nii.gz,5,stomach,0.9474260515907008,0.8077883044896708,127191,5031,9085
word_0134.nii.gz,6,gallbladder,0.8054183716664315,0.7044141043504432,2854,288,1091
word_0134.nii.gz,7,esophagus,0.7625034162339437,0.7381442152760521,2790,1352,386
word_0134.nii.gz,8,pancreas,0.8650251647997831,0.786213682016438,25523,2331,5634
word_0134.nii.gz,9,duodenum,0.8144349738795711,0.7090971563612395,29621,2502,10996
word_0134.nii.gz,10,colon,0.7652511302698624,0.6811946040237074,114591,35114,35190
word_0134.nii.gz,11,intestine,0.7839471891863572,0.7472432643972536,187040,69124,33971
word_0134.nii.gz,12,adrenal,0.7232299590403745,0.8140927947410723,2472,914,978
word_0134.nii.gz,13,rectum,0.7827829738499714,0.580614868785052,8202,1925,2627
word_0134.nii.gz,14,bladder,0.8619068466033463,0.7575075114881602,22641,1122,6133
word_0134.nii.gz,15,head_of_femur_left,0.9272258878006892,0.8221710031404317,42651,3947,2748
word_0134.nii.gz,16,head_of_femur_right,0.9143876086773023,0.7475233047515133,43331,4676,3438
word_0135.nii.gz,1,liver,0.941306266548985,0.6796772940594401,332748,8737,32759
word_0135.nii.gz,2,spleen,0.9161769723622853,0.792930652378418,24166,667,3755
word_0135.nii.gz,3,left_kidney,0.9153526571598146,0.8061296841537579,28532,1698,3579
word_0135.nii.gz,4,right_kidney,0.9267499651632681,0.8327844604048618,39904,1769,4539
word_0135.nii.gz,5,stomach,0.9186243366812948,0.7062544683290862,125073,7219,14940
word_0135.nii.gz,6,gallbladder,0.7712984054669704,0.7332167875625403,1693,560,444
word_0135.nii.gz,7,esophagus,0.8458977873506951,0.8065901781764039,6480,536,1825
word_0135.nii.gz,8,pancreas,0.7959085206986394,0.6953744317422725,20620,5269,5306
word_0135.nii.gz,9,duodenum,0.7095661609409212,0.6454558005363465,18310,1899,13090
word_0135.nii.gz,10,colon,0.9128777421209535,0.761000814888684,360416,21384,47410
word_0135.nii.gz,11,intestine,0.884422525392739,0.8000457599066404,289261,40232,35370
word_0135.nii.gz,12,adrenal,0.5033246928885383,0.42382727129518244,2233,838,3569
word_0135.nii.gz,13,rectum,0.8257474903752744,0.48633396278870644,22950,2096,7590
word_0135.nii.gz,14,bladder,0.9330172156008373,0.7589680528535023,43682,3673,2599
word_0135.nii.gz,15,head_of_femur_left,0.8968795859366075,0.7065605725248234,51032,3135,8600
word_0135.nii.gz,16,head_of_femur_right,0.9072339262687765,0.7163915263147465,53119,3239,7624
word_0136.nii.gz,1,liver,0.9552006606700948,0.7650360119937613,507767,16352,31277
word_0136.nii.gz,2,spleen,0.9382548982911766,0.8017932727831049,65174,3615,4963
word_0136.nii.gz,3,left_kidney,0.932487819032535,0.7749697739436631,77127,6211,4957
word_0136.nii.gz,4,right_kidney,0.9392763576317371,0.818372578977711,80488,4396,6011
word_0136.nii.gz,5,stomach,0.9135102096090008,0.7470041447492101,249592,33762,13500
word_0136.nii.gz,6,gallbladder,0.8308004052684904,0.8462810796002656,820,191,143
word_0136.nii.gz,7,esophagus,0.73149785299318,0.6978250511707724,4344,2513,676
word_0136.nii.gz,8,pancreas,0.7068408573747275,0.6282205233705997,22210,14710,3713
word_0136.nii.gz,9,duodenum,0.5978813884320059,0.5621327151838883,35078,2838,44347
word_0136.nii.gz,10,colon,0.8726978785920151,0.7199998016912078,272064,49308,30065
word_0136.nii.gz,11,intestine,0.880760290065882,0.852761886987293,351799,69250,26005
word_0136.nii.gz,12,adrenal,0.71600775520526,0.7595547592272442,4247,2033,1336
word_0136.nii.gz,13,rectum,0.7808669177149267,0.6056523974832971,14619,6005,2200
word_0136.nii.gz,14,bladder,0.9070706809998839,0.7019811879589063,35144,3863,3338
word_0136.nii.gz,15,head_of_femur_left,0.9286591779546021,0.7742782384878739,57829,5117,3768
word_0136.nii.gz,16,head_of_femur_right,0.9200052118861662,0.7239903763010981,60017,6128,4309
word_0138.nii.gz,1,liver,0.9368579432479311,0.6517561011632167,509335,26374,42282
word_0138.nii.gz,2,spleen,0.8604884972499852,0.6212056988485145,80025,17551,8398
word_0138.nii.gz,3,left_kidney,0.930751711640566,0.778969543756441,66001,3086,6735
word_0138.nii.gz,4,right_kidney,0.9219520878897309,0.7501036232426381,72506,4052,8224
word_0138.nii.gz,5,stomach,0.9054733950367622,0.5212442845502194,231712,4753,43626
word_0138.nii.gz,6,gallbladder,0.806929564622749,0.8001442497020871,1770,347,500
word_0138.nii.gz,7,esophagus,0.5694365070293748,0.4668222364215074,4982,4453,3081
word_0138.nii.gz,8,pancreas,0.7790474953738272,0.5432496110573665,23997,568,13044
word_0138.nii.gz,9,duodenum,0.7990735616634898,0.7061774326374987,19493,3897,5906
word_0138.nii.gz,10,colon,0.8793477345589141,0.6693023594842569,360278,39337,59528
word_0138.nii.gz,11,intestine,0.8505156064250367,0.6916875048468832,307640,27096,81044
word_0138.nii.gz,12,adrenal,0.5164359126815595,0.4183520865182405,3040,520,5173
word_0138.nii.gz,13,rectum,0.8643288344293483,0.59963325444583,28850,2000,7057
word_0138.nii.gz,14,bladder,0.9463901979264845,0.7728931561866186,75309,1387,7145
word_0138.nii.gz,15,head_of_femur_left,0.9139145244979602,0.7560167475750467,57684,2220,8647
word_0138.nii.gz,16,head_of_femur_right,0.8881705920195823,0.6487081838169918,56604,4604,9650
word_0140.nii.gz,1,liver,0.9401618355013828,0.623083844827292,413046,6041,46537
word_0140.nii.gz,2,spleen,0.9277249207144049,0.7543748923582092,66696,1380,9012
word_0140.nii.gz,3,left_kidney,0.9361837761537236,0.7793905129551194,61680,1637,6772
word_0140.nii.gz,4,right_kidney,0.9270727186655006,0.7568027916742888,57771,2456,6633
word_0140.nii.gz,5,stomach,0.9209027547671037,0.6922643230382823,162584,13715,14214
word_0140.nii.gz,6,gallbladder,0.798406374501992,0.7114155636611293,4008,619,1405
word_0140.nii.gz,7,esophagus,0.7835665376600178,0.6962219033632955,2632,456,998
word_0140.nii.gz,8,pancreas,0.7813708044425355,0.6082269637277987,25468,3526,10726
word_0140.nii.gz,9,duodenum,0.33092750550985045,0.2779846256643008,9835,9357,30412
word_0140.nii.gz,10,colon,0.8020485426068746,0.526405508550598,165457,43961,37711
word_0140.nii.gz,11,intestine,0.7992150615198953,0.5373613663269069,233776,39036,78426
word_0140.nii.gz,12,adrenal,0.5767107459237386,0.6029351326195611,2246,1510,1787
word_0140.nii.gz,13,rectum,0.6597769297541641,0.3140583484642693,20142,6477,14296
word_0140.nii.gz,14,bladder,0.9085499598236584,0.714196072706931,41836,3876,4546
word_0140.nii.gz,15,head_of_femur_left,0.8627983242064301,0.5639313808581105,54987,1235,16253
word_0140.nii.gz,16,head_of_femur_right,0.8489184177997527,0.4364668754540768,54942,3274,16282
word_0142.nii.gz,1,liver,0.8976348969890166,0.5645896427209878,517000,9677,108239
word_0142.nii.gz,2,spleen,0.6929579033852752,0.5638292133009021,99524,78986,9210
word_0142.nii.gz,3,left_kidney,0.9402546186166219,0.8025969902813594,82017,3376,7047
word_0142.nii.gz,4,right_kidney,0.9424093718910339,0.792073521421407,84307,2663,7641
word_0142.nii.gz,5,stomach,0.9215601052270388,0.6643791779673685,241716,13907,27241
word_0142.nii.gz,6,gallbladder,0.9049696451996705,0.7942023456199655,14832,783,2332
word_0142.nii.gz,7,esophagus,0.7250746890849719,0.6124280831987474,5218,1696,2261
word_0142.nii.gz,8,pancreas,0.822289116683685,0.6411030894487953,31004,3360,10041
word_0142.nii.gz,9,duodenum,0.5719815937477175,0.5407883861544407,15662,2292,21148
word_0142.nii.gz,10,colon,0.8960641826606583,0.7232497797974698,421962,36286,61602
word_0142.nii.gz,11,intestine,0.8722140851624093,0.7823530394477087,247431,23638,48863
word_0142.nii.gz,12,adrenal,0.6001080302484696,0.5668048782730281,3333,434,4008
word_0142.nii.gz,13,rectum,0.7221014200961048,0.49201423098038205,26899,2920,17784
word_0142.nii.gz,14,bladder,0.9449107492585753,0.7320804932216487,101319,934,10880
word_0142.nii.gz,15,head_of_femur_left,0.9142345110087046,0.7571627836565069,46423,2037,6673
word_0142.nii.gz,16,head_of_femur_right,0.8939720958914669,0.6635256331211902,46390,5646,5358
word_0143.nii.gz,1,liver,0.9566631784885573,0.7278616552224958,504636,13607,32113
word_0143.nii.gz,2,spleen,0.9320182588849039,0.7955570550576899,68604,1167,8841
word_0143.nii.gz,3,left_kidney,0.8509690260113929,0.7140775722271128,80594,19297,8932
word_0143.nii.gz,4,right_kidney,0.8371087451461148,0.7226701358023475,69308,19831,7142
word_0143.nii.gz,5,stomach,0.9384616103862103,0.7199806697063613,200736,5163,21163
word_0143.nii.gz,6,gallbladder,0.6658649716543549,0.6276778877749245,1938,1561,384
word_0143.nii.gz,7,esophagus,0.8086677367576244,0.764422371558696,5038,1557,827
word_0143.nii.gz,8,pancreas,0.834266653412417,0.6071380036581722,37766,3559,11446
word_0143.nii.gz,9,duodenum,0.7746429528264946,0.6936337094202273,18794,6096,4839
word_0143.nii.gz,10,colon,0.8270509591065098,0.6597142880847572,403024,40887,127670
word_0143.nii.gz,11,intestine,0.8178144933468536,0.7010655909452973,395592,102643,73610
word_0143.nii.gz,12,adrenal,0.6887184699251594,0.7181235843757459,3727,1336,2033
word_0143.nii.gz,13,rectum,0.8524382520582647,0.6930493639049079,20863,4988,2235
word_0143.nii.gz,14,bladder,0.9544224487113024,0.7431856696021694,192392,3011,15364
word_0143.nii.gz,15,head_of_femur_left,0.8764934045348195,0.670453715983134,56380,8454,7435
word_0143.nii.gz,16,head_of_femur_right,0.8617585898850678,0.6274918256262821,57397,11492,6923
word_0144.nii.gz,1,liver,0.9622441042452379,0.7819789701343821,392152,6557,24217
word_0144.nii.gz,2,spleen,0.9452705657826727,0.8908633606061079,47549,2189,3317
word_0144.nii.gz,3,left_kidney,0.9310000222079104,0.8490893600347971,41922,2886,3328
word_0144.nii.gz,4,right_kidney,0.9304911379824417,0.8352116438597721,44939,3752,2962
word_0144.nii.gz,5,stomach,0.9395695301699064,0.773545222481636,124368,2379,13619
word_0144.nii.gz,6,gallbladder,0.7617053673391702,0.7210204777396249,2001,787,465
word_0144.nii.gz,7,esophagus,0.6807452101196146,0.6188275419982019,6431,1847,4185
word_0144.nii.gz,8,pancreas,0.8252379019528255,0.6833913141079607,18298,1276,6474
word_0144.nii.gz,9,duodenum,0.8107677423026578,0.6962282340890239,14246,4382,2268
word_0144.nii.gz,10,colon,0.8181128155960371,0.6586620572729706,163832,32728,40120
word_0144.nii.gz,11,intestine,0.8906554774325244,0.7687276769936995,314152,26044,51092
word_0144.nii.gz,12,adrenal,0.5866168024575932,0.5605265872102075,2196,710,2385
word_0144.nii.gz,13,rectum,0.7997227997227997,0.5155190184571656,23080,6743,4817
word_0144.nii.gz,14,bladder,0.9520997279170758,0.7472422923213392,194911,8057,11555
word_0144.nii.gz,15,head_of_femur_left,0.8656222207019224,0.6524473375983796,31632,7445,2376
word_0144.nii.gz,16,head_of_femur_right,0.8220487093407768,0.6737109796019726,32690,12637,1516
word_0145.nii.gz,1,liver,0.9592271503081735,0.7847031947936175,463547,12249,27158
word_0145.nii.gz,2,spleen,0.9410257843356435,0.8377575874006223,101021,1644,11018
word_0145.nii.gz,3,left_kidney,0.8645064054257724,0.6975097346359767,63096,10641,9137
word_0145.nii.gz,4,right_kidney,0.8367390394513669,0.6608195693708782,56979,13873,8362
word_0145.nii.gz,5,stomach,0.9190901713595531,0.6181546075822407,194803,3743,30555
word_0145.nii.gz,6,gallbladder,0.4943820224719101,0.4519816143016859,374,521,244
word_0145.nii.gz,7,esophagus,0.7573544193526771,0.6899696818607984,5651,2807,814
word_0145.nii.gz,8,pancreas,0.8248695031935244,0.6573971178737481,38163,8865,7340
word_0145.nii.gz,9,duodenum,0.7231824179627506,0.635516488500303,16716,3414,9383
word_0145.nii.gz,10,colon,0.771236146400895,0.5816457670310444,255423,103973,47554
word_0145.nii.gz,11,intestine,0.802550336729242,0.7651983114033876,418341,48838,157009
word_0145.nii.gz,12,adrenal,0.6446036620038668,0.6886199306218586,2834,2351,774
word_0145.nii.gz,13,rectum,0.7109978768577495,0.5025267352159749,12558,331,9878
word_0145.nii.gz,14,bladder,0.8305770128052258,0.6078879321829551,32042,4382,8690
word_0145.nii.gz,15,head_of_femur_left,0.8801767152581406,0.6443497039622992,56183,2304,12993
word_0145.nii.gz,16,head_of_femur_right,0.8891949102526775,0.6310649402505643,56499,4421,9660
word_0146.nii.gz,1,liver,0.9590091636517284,0.7983386212036537,363148,9204,21840
word_0146.nii.gz,2,spleen,0.9503039830603635,0.9076668557152469,59241,2422,3774
word_0146.nii.gz,3,left_kidney,0.9525859805723287,0.9238459472908275,45355,1759,2756
word_0146.nii.gz,4,right_kidney,0.9547339248501514,0.927326677844874,44440,1217,2997
word_0146.nii.gz,5,stomach,0.9582318171225186,0.8419795983249894,180918,4584,11188
word_0146.nii.gz,6,gallbladder,0.9077963968216506,0.8671491945713649,11539,1229,1115
word_0146.nii.gz,7,esophagus,0.6963221398459079,0.6825087704982814,2395,1105,984
word_0146.nii.gz,8,pancreas,0.8971893295186627,0.8354196078689227,33868,1704,6058
word_0146.nii.gz,9,duodenum,0.7974447891951086,0.7485523101126493,10923,4364,1185
word_0146.nii.gz,10,colon,0.9112091872288604,0.7904998995180809,339322,37461,28668
word_0146.nii.gz,11,intestine,0.8668903620268271,0.8282390173073274,212109,38126,27012
word_0146.nii.gz,12,adrenal,0.7001283697047497,0.7473237410068521,2727,719,1617
word_0146.nii.gz,13,rectum,0.7145032661403439,0.4965085605226579,17829,1064,13184
word_0146.nii.gz,14,bladder,0.9063221042916474,0.8216414886761388,17676,2189,1465
word_0146.nii.gz,15,head_of_femur_left,0.9153041203400916,0.8137603230576915,50382,1297,8027
word_0146.nii.gz,16,head_of_femur_right,0.9243524439145985,0.7956921218246156,51174,2055,6321
word_0147.nii.gz,1,liver,0.9512318513260631,0.7315287856552801,368531,10362,27426
word_0147.nii.gz,2,spleen,0.9404156212828484,0.8278620220868348,47041,2047,3914
word_0147.nii.gz,3,left_kidney,0.9306061231809241,0.8417592974238651,42813,2168,4217
word_0147.nii.gz,4,right_kidney,0.9304026474034586,0.8624442718632591,36128,1720,3685
word_0147.nii.gz,5,stomach,0.9390593502107495,0.7657961286774011,143477,2573,16049
word_0147.nii.gz,6,gallbladder,0.7934578835089534,0.6954264611589549,6137,1817,1378
word_0147.nii.gz,7,esophagus,0.6437857514300572,0.6078974163641657,1857,1371,684
word_0147.nii.gz,8,pancreas,0.8247200689061154,0.6792015288677049,21065,1829,7125
word_0147.nii.gz,9,duodenum,0.8515275007948206,0.8167739328814814,14731,1863,3274
word_0147.nii.gz,10,colon,0.7950898895163871,0.6093239566205352,259540,68907,64870
word_0147.nii.gz,11,intestine,0.7531806536371949,0.6436734390181131,241359,64772,93416
word_0147.nii.gz,12,adrenal,0.6972715461238631,0.7632166152829155,3220,838,1958
word_0147.nii.gz,13,rectum,0.7443975705352601,0.4721002810647303,24880,313,16773
word_0147.nii.gz,14,bladder,0.9067170473330859,0.7516119167753063,26876,2667,2863
word_0147.nii.gz,15,head_of_femur_left,0.9154258060821259,0.7654198025472134,63937,2950,8864
word_0147.nii.gz,16,head_of_femur_right,0.9069143059916843,0.7323334282398147,67727,2333,11570
word_0148.nii.gz,1,liver,0.9343357910062456,0.5223619479768405,520454,3979,69175
word_0148.nii.gz,2,spleen,0.912257211073111,0.6443604566090877,56549,1323,9555
word_0148.nii.gz,3,left_kidney,0.9106178092545419,0.7295746166634718,48795,2378,7201
word_0148.nii.gz,4,right_kidney,0.9068073778284845,0.7025831790904556,47689,1818,7984
word_0148.nii.gz,5,stomach,0.8887731086398016,0.5488269519501248,123675,8297,22658
word_0148.nii.gz,6,gallbladder,0.7245260663507109,0.44379645446617794,8561,3788,2722
word_0148.nii.gz,7,esophagus,0.7173943962451999,0.5418525919213247,5044,1819,2155
word_0148.nii.gz,8,pancreas,0.8446654545892383,0.6579601136566963,35076,2139,10762
word_0148.nii.gz,9,duodenum,0.687788347691177,0.5871574598905293,16846,5840,9454
word_0148.nii.gz,10,colon,0.8645230705565901,0.6885571224558251,156684,9262,39845
word_0148.nii.gz,11,intestine,0.874213591286762,0.7473080283605216,358786,29828,73420
word_0148.nii.gz,12,adrenal,0.6157155147691425,0.6233799087473463,2147,1519,1161
word_0148.nii.gz,13,rectum,0.762164673092556,0.553920656098056,13126,4128,4064
word_0148.nii.gz,14,bladder,0.9089756391358788,0.7010996200909378,28675,788,4955
word_0148.nii.gz,15,head_of_femur_left,0.8564574678496819,0.4094513795902524,53911,626,17445
word_0148.nii.gz,16,head_of_femur_right,0.8522760692796223,0.40566795807755135,53612,1643,16942
word_0150.nii.gz,1,liver,0.9527972356672174,0.662839030757269,582777,7837,49906
word_0150.nii.gz,2,spleen,0.9399853426899176,0.8015589255410762,93631,1063,10893
word_0150.nii.gz,3,left_kidney,0.8316015839765049,0.6427738769144048,59746,14125,10072
word_0150.nii.gz,4,right_kidney,0.846816097531719,0.6557961581944487,77656,15879,12216
word_0150.nii.gz,5,stomach,0.9181030914831472,0.7363020368223245,116460,8012,12765
word_0150.nii.gz,6,gallbladder,0.7895018746652384,0.7388456424315744,2948,288,1284
word_0150.nii.gz,7,esophagus,0.7695527072979336,0.7102917538777068,2942,1346,416
word_0150.nii.gz,8,pancreas,0.8321683965842871,0.6636488917753256,25776,1481,8916
word_0150.nii.gz,9,duodenum,0.6533944925206097,0.46985940323187625,20726,13255,8734
word_0150.nii.gz,10,colon,0.9028944080364231,0.7955499890136701,253642,14836,39722
word_0150.nii.gz,11,intestine,0.8443462165372821,0.7827716432233762,305628,35328,77356
word_0150.nii.gz,12,adrenal,0.6025965267239926,0.6888626950358117,1787,1562,795
word_0150.nii.gz,13,rectum,0.3872420262664165,0.27432518421225394,1548,1110,3789
word_0150.nii.gz,14,bladder,0.9360453008320359,0.703779165423343,94388,3327,9571
word_0150.nii.gz,15,head_of_femur_left,0.8519960374702376,0.5324660099335442,49023,1106,15926
word_0150.nii.gz,16,head_of_femur_right,0.8691612817598898,0.5445630008935055,52390,2760,13013
