case,pair,rater_a,rater_b,label,class,dsc,nsd,binary_kappa,tp,tn,fp,fn
UKCHLL001,annotation_1_vs_annotation_2,annotation_1.nii.gz,annotation_2.nii.gz,0,background,0.9995208329435183,nan,0.9705176983345856,245645169,3942540,133321,102202
UKCHLL001,annotation_1_vs_annotation_2,annotation_1.nii.gz,annotation_2.nii.gz,1,pancreas,0.9131410574996469,nan,0.9131078766193339,87273,249719356,4197,12406
UKCHLL001,annotation_1_vs_annotation_2,annotation_1.nii.gz,annotation_2.nii.gz,2,kidney,0.9517815834345064,nan,0.9516958309191299,422552,249357866,7155,35659
UKCHLL001,annotation_1_vs_annotation_2,annotation_1.nii.gz,annotation_2.nii.gz,3,liver,0.9749903998218571,nan,0.9746329005820871,3432715,246214411,90850,85256
UKCHLL001,annotation_1_vs_annotation_3,annotation_1.nii.gz,annotation_3.nii.gz,0,background,0.9992258731646266,nan,0.9524099220524296,245569220,3873514,209270,171228
UKCHLL001,annotation_1_vs_annotation_3,annotation_1.nii.gz,annotation_3.nii.gz,1,pancreas,0.8979132128101892,nan,0.8978744303071571,85304,249718531,6166,13231
UKCHLL001,annotation_1_vs_annotation_3,annotation_1.nii.gz,annotation_3.nii.gz,2,kidney,0.9459515543765388,nan,0.9458550692876734,421665,249353382,8042,40143
UKCHLL001,annotation_1_vs_annotation_3,annotation_1.nii.gz,annotation_3.nii.gz,3,liver,0.9555895921746306,nan,0.9549543593265065,3366545,246143771,157020,155896
UKCHLL001,annotation_1_vs_weighted,annotation_1.nii.gz,weighted,0,background,0.9993783333069008,nan,0.96243670171398,245535993,3981766,242497,62976
UKCHLL001,annotation_1_vs_weighted,annotation_1.nii.gz,weighted,1,pancreas,0.6907150341556131,nan,0.690572621634146,85036,249662042,6434,69720
UKCHLL001,annotation_1_vs_weighted,annotation_1.nii.gz,weighted,2,kidney,0.9195714004384138,nan,0.9194223861442294,427260,249321233,2447,72292
UKCHLL001,annotation_1_vs_weighted,annotation_1.nii.gz,weighted,3,liver,0.9782082802332269,nan,0.9778944595658147,3469470,246199182,54095,100485
UKCHLL001,annotation_2_vs_annotation_3,annotation_2.nii.gz,annotation_3.nii.gz,0,background,0.9993363721594085,nan,0.9593585331877664,245580827,3916240,166544,159621
UKCHLL001,annotation_2_vs_annotation_3,annotation_2.nii.gz,annotation_3.nii.gz,1,pancreas,0.917927088903912,nan,0.9178945180461772,90973,249715991,8706,7562
UKCHLL001,annotation_2_vs_annotation_3,annotation_2.nii.gz,annotation_3.nii.gz,2,kidney,0.9825927508018856,nan,0.9825606395013892,452002,249355215,6209,9806
UKCHLL001,annotation_2_vs_annotation_3,annotation_2.nii.gz,annotation_3.nii.gz,3,liver,0.9582578405922835,nan,0.9576612545807075,3373265,246156085,144706,149176
UKCHLL001,annotation_2_vs_weighted,annotation_2.nii.gz,weighted,0,background,0.9993003794431439,nan,0.9578848400714528,245501292,3978184,246079,97677
UKCHLL001,annotation_2_vs_weighted,annotation_2.nii.gz,weighted,1,pancreas,0.6999587320926759,nan,0.6998130308268068,89047,249657844,10632,65709
UKCHLL001,annotation_2_vs_weighted,annotation_2.nii.gz,weighted,2,kidney,0.9391070651090092,nan,0.9389903347092365,449721,249315190,8490,49831
UKCHLL001,annotation_2_vs_weighted,annotation_2.nii.gz,weighted,3,liver,0.9704999741814461,nan,0.970075491455276,3439416,246174722,78555,130539
UKCHLL001,annotation_3_vs_weighted,annotation_3.nii.gz,weighted,0,background,0.9990398877360983,nan,0.9422521209818552,245433838,3917653,306610,165131
UKCHLL001,annotation_3_vs_weighted,annotation_3.nii.gz,weighted,1,pancreas,0.6883623974006182,nan,0.6882121265824342,87178,249657119,11357,67578
UKCHLL001,annotation_3_vs_weighted,annotation_3.nii.gz,weighted,2,kidney,0.9357701589414995,nan,0.9356465285461101,449806,249311678,12002,49746
UKCHLL001,annotation_3_vs_weighted,annotation_3.nii.gz,weighted,3,liver,0.9533193014039261,nan,0.9526471662036914,3380659,246111495,141782,189296
UKCHLL002,annotation_1_vs_annotation_2,annotation_1.nii.gz,annotation_2.nii.gz,0,background,0.9997154590414191,nan,0.9674808564003495,209639492,1791380,95871,23465
UKCHLL002,annotation_1_vs_annotation_2,annotation_1.nii.gz,annotation_2.nii.gz,1,pancreas,0.8689525156121126,nan,0.8689133181496227,55311,211478214,3328,13355
UKCHLL002,annotation_1_vs_annotation_2,annotation_1.nii.gz,annotation_2.nii.gz,2,kidney,0.9500977536183032,nan,0.9500312267214812,267767,211254313,6951,21177
UKCHLL002,annotation_1_vs_annotation_2,annotation_1.nii.gz,annotation_2.nii.gz,3,liver,0.9733126677734497,nan,0.9731214267570346,1465385,210004464,16103,64256
UKCHLL002,annotation_1_vs_annotation_3,annotation_1.nii.gz,annotation_3.nii.gz,0,background,0.9996917641317867,nan,0.964822356409197,209631920,1789016,103443,25829
UKCHLL002,annotation_1_vs_annotation_3,annotation_1.nii.gz,annotation_3.nii.gz,1,pancreas,0.8825158767753486,nan,0.8824813994806928,54960,211480615,3679,10954
UKCHLL002,annotation_1_vs_annotation_3,annotation_1.nii.gz,annotation_3.nii.gz,2,kidney,0.9431077011278661,nan,0.9430316668933475,266493,211251563,8225,23927
UKCHLL002,annotation_1_vs_annotation_3,annotation_1.nii.gz,annotation_3.nii.gz,3,liver,0.9702629197315892,nan,0.9700493776145891,1463939,209996534,17549,72186
UKCHLL002,annotation_1_vs_weighted,annotation_1.nii.gz,weighted,0,background,0.9996117344034247,nan,0.9552509612886353,209633267,1754091,102096,60754
UKCHLL002,annotation_1_vs_weighted,annotation_1.nii.gz,weighted,1,pancreas,0.7414744411220276,nan,0.7414058942213728,41659,211479499,16980,12070
UKCHLL002,annotation_1_vs_weighted,annotation_1.nii.gz,weighted,2,kidney,0.9104098401976105,nan,0.9102843944155191,270897,211225995,3821,49495
UKCHLL002,annotation_1_vs_weighted,annotation_1.nii.gz,weighted,3,liver,0.971544301200518,nan,0.9713435809010253,1439612,210026266,41876,42454
UKCHLL002,annotation_2_vs_annotation_3,annotation_2.nii.gz,annotation_3.nii.gz,0,background,0.9998834925170617,nan,0.986958162490045,209635926,1865428,27031,21823
UKCHLL002,annotation_2_vs_annotation_3,annotation_2.nii.gz,annotation_3.nii.gz,1,pancreas,0.9435280130777233,nan,0.943510052239283,63490,211479118,5176,2424
UKCHLL002,annotation_2_vs_annotation_3,annotation_2.nii.gz,annotation_3.nii.gz,2,kidney,0.9802058809315042,nan,0.9801787392650243,283948,211254792,4996,6472
UKCHLL002,annotation_2_vs_annotation_3,annotation_2.nii.gz,annotation_3.nii.gz,3,liver,0.9895197480825346,nan,0.9894432547379257,1516818,210001260,12823,19307
UKCHLL002,annotation_2_vs_weighted,annotation_2.nii.gz,weighted,0,background,0.9996362335480202,nan,0.9588854837313054,209602215,1795445,60742,91806
UKCHLL002,annotation_2_vs_weighted,annotation_2.nii.gz,weighted,1,pancreas,0.7757016217982761,nan,0.7756376846470485,47471,211475284,21195,6258
UKCHLL002,annotation_2_vs_weighted,annotation_2.nii.gz,weighted,2,kidney,0.9231458505652054,nan,0.923035303655632,281253,211222125,7691,39139
UKCHLL002,annotation_2_vs_weighted,annotation_2.nii.gz,weighted,3,liver,0.9706986768633203,nan,0.9704886621223168,1461730,210000231,67911,20336
UKCHLL002,annotation_3_vs_weighted,annotation_3.nii.gz,weighted,0,background,0.9996122873166841,nan,0.9562398635912492,209594591,1793029,63158,99430
UKCHLL002,annotation_3_vs_weighted,annotation_3.nii.gz,weighted,1,pancreas,0.7885793569201709,nan,0.7885201756051694,47174,211477739,18740,6555
UKCHLL002,annotation_3_vs_weighted,annotation_3.nii.gz,weighted,2,kidney,0.9193237853873205,nan,0.9192074294392427,280767,211220163,9653,39625
UKCHLL002,annotation_3_vs_weighted,annotation_3.nii.gz,weighted,3,liver,0.9670355520906397,nan,0.9667987868887948,1459349,209991366,76776,22717
UKCHLL003,annotation_1_vs_annotation_2,annotation_1.nii.gz,annotation_2.nii.gz,0,background,0.9995643735166433,nan,0.9777645263490572,222472156,4350634,141243,52671
UKCHLL003,annotation_1_vs_annotation_2,annotation_1.nii.gz,annotation_2.nii.gz,1,pancreas,0.9167619007158485,nan,0.9167187831733269,107896,226889215,5482,14111
UKCHLL003,annotation_1_vs_annotation_2,annotation_1.nii.gz,annotation_2.nii.gz,2,kidney,0.969008892713712,nan,0.9689134280172997,675593,226297897,15851,27363
UKCHLL003,annotation_1_vs_annotation_2,annotation_1.nii.gz,annotation_2.nii.gz,3,liver,0.9819444140492254,nan,0.9816508183349314,3567108,223318415,31375,99806
UKCHLL003,annotation_1_vs_annotation_3,annotation_1.nii.gz,annotation_3.nii.gz,0,background,0.999512240160035,nan,0.975186758190069,222445645,4353953,167754,49352
UKCHLL003,annotation_1_vs_annotation_3,annotation_1.nii.gz,annotation_3.nii.gz,1,pancreas,0.9154901195769146,nan,0.9154467177340755,106764,226890229,6614,13097
UKCHLL003,annotation_1_vs_annotation_3,annotation_1.nii.gz,annotation_3.nii.gz,2,kidney,0.9629749856380445,nan,0.962860104797772,676371,226288322,15073,36938
UKCHLL003,annotation_1_vs_annotation_3,annotation_1.nii.gz,annotation_3.nii.gz,3,liver,0.9800283243355995,nan,0.9797026106534124,3570743,223300427,27740,117794
UKCHLL003,annotation_1_vs_weighted,annotation_1.nii.gz,weighted,0,background,0.9993067886652004,nan,0.9645181074178356,222427177,4280935,186222,122370
UKCHLL003,annotation_1_vs_weighted,annotation_1.nii.gz,weighted,1,pancreas,0.8292505004580464,nan,0.8291619126309554,97762,226878682,15616,24644
UKCHLL003,annotation_1_vs_weighted,annotation_1.nii.gz,weighted,2,kidney,0.9376509336472201,nan,0.9374519022966502,678698,226247746,12746,77514
UKCHLL003,annotation_1_vs_weighted,annotation_1.nii.gz,weighted,3,liver,0.9750753510981321,nan,0.9746744669080186,3503944,223333626,94539,84595
UKCHLL003,annotation_2_vs_annotation_3,annotation_2.nii.gz,annotation_3.nii.gz,0,background,0.9997799333991018,nan,0.9889147794453793,222460945,4457825,63882,34052
UKCHLL003,annotation_2_vs_annotation_3,annotation_2.nii.gz,annotation_3.nii.gz,1,pancreas,0.971447235682273,nan,0.971432018439414,117481,226892317,4526,2380
UKCHLL003,annotation_2_vs_annotation_3,annotation_2.nii.gz,annotation_3.nii.gz,2,kidney,0.9817174045817697,nan,0.9816602003586856,695186,226295625,7770,18123
UKCHLL003,annotation_2_vs_annotation_3,annotation_2.nii.gz,annotation_3.nii.gz,3,liver,0.9911348739866529,nan,0.9909888931380774,3645122,223306375,21792,43415
UKCHLL003,annotation_2_vs_weighted,annotation_2.nii.gz,weighted,0,background,0.9992895614340627,nan,0.9639958064860461,222379088,4321418,145739,170459
UKCHLL003,annotation_2_vs_weighted,annotation_2.nii.gz,weighted,1,pancreas,0.8485637016034335,nan,0.8484821374806485,103700,226875991,18307,18706
UKCHLL003,annotation_2_vs_weighted,annotation_2.nii.gz,weighted,2,kidney,0.9385225004934319,nan,0.9383245525927084,684731,226242267,18225,71481
UKCHLL003,annotation_2_vs_weighted,annotation_2.nii.gz,weighted,3,liver,0.9737272090384984,nan,0.9733006025027102,3532416,223293667,134498,56123
UKCHLL003,annotation_3_vs_weighted,annotation_3.nii.gz,weighted,0,background,0.999293792038938,nan,0.9643289998813419,222365125,4337285,129872,184422
UKCHLL003,annotation_3_vs_weighted,annotation_3.nii.gz,weighted,1,pancreas,0.8457941032001882,nan,0.845711785870227,102454,226876891,17407,19952
UKCHLL003,annotation_3_vs_weighted,annotation_3.nii.gz,weighted,2,kidney,0.9397606430939061,nan,0.9395652070368832,690499,226237682,22810,65713
UKCHLL003,annotation_3_vs_weighted,annotation_3.nii.gz,weighted,3,liver,0.9739384335136805,nan,0.9735140061661607,3543712,223283340,144825,44827
UKCHLL005,annotation_1_vs_annotation_2,annotation_1.nii.gz,annotation_2.nii.gz,0,background,0.9997171802546598,nan,0.9761943471578188,238239867,2797817,83459,51337
UKCHLL005,annotation_1_vs_annotation_2,annotation_1.nii.gz,annotation_2.nii.gz,1,pancreas,0.8886895615752405,nan,0.8886008483469953,170907,240958760,14408,28405
UKCHLL005,annotation_1_vs_annotation_2,annotation_1.nii.gz,annotation_2.nii.gz,2,kidney,0.9636767158064037,nan,0.9636193157499198,366692,240778145,14358,13285
UKCHLL005,annotation_1_vs_annotation_2,annotation_1.nii.gz,annotation_2.nii.gz,3,liver,0.9856642941770765,nan,0.9855267254999105,2259525,238847229,23264,42462
UKCHLL005,annotation_1_vs_annotation_3,annotation_1.nii.gz,annotation_3.nii.gz,0,background,0.9999263382894608,nan,0.9937737680166409,238301646,2835724,21680,13430
UKCHLL005,annotation_1_vs_annotation_3,annotation_1.nii.gz,annotation_3.nii.gz,1,pancreas,0.9856550433253191,nan,0.9856439764350363,183252,240983894,2063,3271
UKCHLL005,annotation_1_vs_annotation_3,annotation_1.nii.gz,annotation_3.nii.gz,2,kidney,0.9886376255681514,nan,0.9886195665865738,378362,240785421,2688,6009
UKCHLL005,annotation_1_vs_annotation_3,annotation_1.nii.gz,annotation_3.nii.gz,3,liver,0.9952892117587402,nan,0.9952441592637186,2273887,238877068,8902,12623
UKCHLL005,annotation_1_vs_weighted,annotation_1.nii.gz,weighted,0,background,0.9992374138243859,nan,0.9347458524108506,238172280,2636669,151046,212485
UKCHLL005,annotation_1_vs_weighted,annotation_1.nii.gz,weighted,1,pancreas,0.6195746535165811,nan,0.6193587362139952,90996,240969739,94319,17426
UKCHLL005,annotation_1_vs_weighted,annotation_1.nii.gz,weighted,2,kidney,0.8910048976998196,nan,0.8908175061913406,371578,240709993,9472,81437
UKCHLL005,annotation_1_vs_weighted,annotation_1.nii.gz,weighted,3,liver,0.963833538068962,nan,0.9634923097387945,2172995,238836408,109794,53283
UKCHLL005,annotation_2_vs_annotation_3,annotation_2.nii.gz,annotation_3.nii.gz,0,background,0.999673231330481,nan,0.9725345919290962,238225270,2791470,65934,89806
UKCHLL005,annotation_2_vs_annotation_3,annotation_2.nii.gz,annotation_3.nii.gz,1,pancreas,0.8810035377816943,nan,0.8809083792635864,169961,240956606,29351,16562
UKCHLL005,annotation_2_vs_annotation_3,annotation_2.nii.gz,annotation_3.nii.gz,2,kidney,0.9564203739657852,nan,0.9563512081883105,365519,240773651,14458,18852
UKCHLL005,annotation_2_vs_annotation_3,annotation_2.nii.gz,annotation_3.nii.gz,3,liver,0.9828643235464685,nan,0.9826997499552165,2254935,238838918,47052,31575
UKCHLL005,annotation_2_vs_weighted,annotation_2.nii.gz,weighted,0,background,0.9991838376060447,nan,0.9305572116764781,238143462,2639973,147742,241303
UKCHLL005,annotation_2_vs_weighted,annotation_2.nii.gz,weighted,1,pancreas,0.5779146925591583,nan,0.577668751611599,88922,240953668,110390,19500
UKCHLL005,annotation_2_vs_weighted,annotation_2.nii.gz,weighted,2,kidney,0.885775613691368,nan,0.8855795329121445,368922,240708410,11055,84093
UKCHLL005,annotation_2_vs_weighted,annotation_2.nii.gz,weighted,3,liver,0.9631234037760599,nan,0.9627740231844807,2180639,238824854,121348,45639
UKCHLL005,annotation_3_vs_weighted,annotation_3.nii.gz,weighted,0,background,0.9992219527507668,nan,0.9335201805273395,238164473,2637112,150603,220292
UKCHLL005,annotation_3_vs_weighted,annotation_3.nii.gz,weighted,1,pancreas,0.6162369255284884,nan,0.6160185916089217,90878,240968413,95645,17544
UKCHLL005,annotation_3_vs_weighted,annotation_3.nii.gz,weighted,2,kidney,0.8900769776423298,nan,0.8898870981970294,372669,240707763,11702,80346
UKCHLL005,annotation_3_vs_weighted,annotation_3.nii.gz,weighted,3,liver,0.9627285837491147,nan,0.9623766447966758,2172295,238831987,114215,53983
UKCHLL007,annotation_1_vs_annotation_2,annotation_1.nii.gz,annotation_2.nii.gz,0,background,0.9996260983717615,nan,0.9635841723419615,254427662,2545269,124009,66324
UKCHLL007,annotation_1_vs_annotation_2,annotation_1.nii.gz,annotation_2.nii.gz,1,pancreas,0.8831103230185582,nan,0.8830671230951821,83918,257057131,9779,12436
UKCHLL007,annotation_1_vs_annotation_2,annotation_1.nii.gz,annotation_2.nii.gz,2,kidney,0.9618654123230782,nan,0.9617953365972721,453962,256673306,6789,29207
UKCHLL007,annotation_1_vs_annotation_2,annotation_1.nii.gz,annotation_2.nii.gz,3,liver,0.9681395741397189,nan,0.9678806187518504,2007389,255023753,49756,82366
UKCHLL007,annotation_1_vs_annotation_3,annotation_1.nii.gz,annotation_3.nii.gz,0,background,0.999581877746187,nan,0.9602027051477974,254355066,2595406,196605,16187
UKCHLL007,annotation_1_vs_annotation_3,annotation_1.nii.gz,annotation_3.nii.gz,1,pancreas,0.8952279689121795,nan,0.8951878257840666,88406,257054165,5291,15402
UKCHLL007,annotation_1_vs_annotation_3,annotation_1.nii.gz,annotation_3.nii.gz,2,kidney,0.938478428737923,nan,0.9383617802938615,458183,256645009,2568,57504
UKCHLL007,annotation_1_vs_annotation_3,annotation_1.nii.gz,annotation_3.nii.gz,3,liver,0.968785441670148,nan,0.9685268085272055,2048817,254982420,8328,123699
UKCHLL007,annotation_1_vs_weighted,annotation_1.nii.gz,weighted,0,background,0.9993686982446752,nan,0.9396453596141298,254312744,2529221,238927,82372
UKCHLL007,annotation_1_vs_weighted,annotation_1.nii.gz,weighted,1,pancreas,0.4549657715070179,nan,0.45473937130910413,49546,256995009,44151,74558
UKCHLL007,annotation_1_vs_weighted,annotation_1.nii.gz,weighted,2,kidney,0.9108746288560844,nan,0.9107015892623649,456948,256616895,3803,85618
UKCHLL007,annotation_1_vs_weighted,annotation_1.nii.gz,weighted,3,liver,0.9727830582382678,nan,0.9725612253260096,2022719,255027360,34426,78759
UKCHLL007,annotation_2_vs_annotation_3,annotation_2.nii.gz,annotation_3.nii.gz,0,background,0.9996640741263131,nan,0.9683637595839993,254347149,2645174,146837,24104
UKCHLL007,annotation_2_vs_annotation_3,annotation_2.nii.gz,annotation_3.nii.gz,1,pancreas,0.9005305702381071,nan,0.9004918980764066,90126,257053228,6228,13682
UKCHLL007,annotation_2_vs_annotation_3,annotation_2.nii.gz,annotation_3.nii.gz,2,kidney,0.960693032829557,nan,0.9606166287904487,479797,256644205,3372,35890
UKCHLL007,annotation_2_vs_annotation_3,annotation_2.nii.gz,annotation_3.nii.gz,3,liver,0.9737771249176789,nan,0.9735580809308929,2075251,254976244,14504,97265
UKCHLL007,annotation_2_vs_weighted,annotation_2.nii.gz,weighted,0,background,0.9993690491725248,nan,0.9403185253446148,254284009,2558171,209977,111107
UKCHLL007,annotation_2_vs_weighted,annotation_2.nii.gz,weighted,1,pancreas,0.4507162361991853,nan,0.4504844269630293,49682,256992488,46672,74422
UKCHLL007,annotation_2_vs_weighted,annotation_2.nii.gz,weighted,2,kidney,0.9338766835488699,nan,0.9337449925061253,478955,256616484,4214,63611
UKCHLL007,annotation_2_vs_weighted,annotation_2.nii.gz,weighted,3,liver,0.9684663200542657,nan,0.9682072437683764,2029534,255001565,60221,71944
UKCHLL007,annotation_3_vs_weighted,annotation_3.nii.gz,weighted,0,background,0.9993957128089966,nan,0.9441021614131323,254229464,2626359,141789,165652
UKCHLL007,annotation_3_vs_weighted,annotation_3.nii.gz,weighted,1,pancreas,0.47901821755765384,nan,0.4787890864902459,54587,256989939,49221,69517
UKCHLL007,annotation_3_vs_weighted,annotation_3.nii.gz,weighted,2,kidney,0.9433358563594906,nan,0.9432191021434381,499144,256604155,16543,43422
UKCHLL007,annotation_3_vs_weighted,annotation_3.nii.gz,weighted,3,liver,0.9698605098650115,nan,0.9696080258423796,2072589,254961859,99927,28889
UKCHLL008,annotation_1_vs_annotation_2,annotation_1.nii.gz,annotation_2.nii.gz,0,background,0.999741710936488,nan,0.9762604347834315,270889996,2910512,104338,35634
UKCHLL008,annotation_1_vs_annotation_2,annotation_1.nii.gz,annotation_2.nii.gz,1,pancreas,0.6941211374321056,nan,0.6940747734112802,30415,273883259,3361,23445
UKCHLL008,annotation_1_vs_annotation_2,annotation_1.nii.gz,annotation_2.nii.gz,2,kidney,0.9717300801599549,nan,0.9716790996842434,479198,273433400,10919,16963
UKCHLL008,annotation_1_vs_annotation_2,annotation_1.nii.gz,annotation_2.nii.gz,3,liver,0.9825490957589825,nan,0.9823920452427319,2400899,271454297,21354,63930
UKCHLL008,annotation_1_vs_annotation_3,annotation_1.nii.gz,annotation_3.nii.gz,0,background,0.9997153970729737,nan,0.9738882148859292,270877583,2908668,116751,37478
UKCHLL008,annotation_1_vs_annotation_3,annotation_1.nii.gz,annotation_3.nii.gz,1,pancreas,0.7031993964802928,nan,0.7031567733930325,28430,273888051,5346,18653
UKCHLL008,annotation_1_vs_annotation_3,annotation_1.nii.gz,annotation_3.nii.gz,2,kidney,0.9655696518514642,nan,0.9655071163096376,479639,273426635,10478,23728
UKCHLL008,annotation_1_vs_annotation_3,annotation_1.nii.gz,annotation_3.nii.gz,3,liver,0.9803884733018026,nan,0.9802116157567838,2400590,271443848,21663,74379
UKCHLL008,annotation_1_vs_weighted,annotation_1.nii.gz,weighted,0,background,0.9988861249050275,nan,0.899309119003375,270608328,2728632,386006,217514
UKCHLL008,annotation_1_vs_weighted,annotation_1.nii.gz,weighted,1,pancreas,0.38831755544961294,nan,0.3882245338598188,17105,273869487,16671,37217
UKCHLL008,annotation_1_vs_weighted,annotation_1.nii.gz,weighted,2,kidney,0.7563440541177348,nan,0.7558100216793514,476690,273156659,13427,293704
UKCHLL008,annotation_1_vs_weighted,annotation_1.nii.gz,weighted,3,liver,0.9485352305464038,nan,0.9480891112290798,2234832,271463137,187421,55090
UKCHLL008,annotation_2_vs_annotation_3,annotation_2.nii.gz,annotation_3.nii.gz,0,background,0.999880309838155,nan,0.9891435367305533,270887919,2987708,37711,27142
UKCHLL008,annotation_2_vs_annotation_3,annotation_2.nii.gz,annotation_3.nii.gz,1,pancreas,0.8842812280197735,nan,0.8842599998999839,44631,273884168,9229,2452
UKCHLL008,annotation_2_vs_annotation_3,annotation_2.nii.gz,annotation_3.nii.gz,2,kidney,0.9824157002104994,nan,0.9823835632905242,490976,273431928,5185,12391
UKCHLL008,annotation_2_vs_annotation_3,annotation_2.nii.gz,annotation_3.nii.gz,3,liver,0.9927920129527563,nan,0.9927264333815327,2452096,271452778,12733,22873
UKCHLL008,annotation_2_vs_weighted,annotation_2.nii.gz,weighted,0,background,0.9988829158179011,nan,0.9001503357530467,270573145,2762153,352485,252697
UKCHLL008,annotation_2_vs_weighted,annotation_2.nii.gz,weighted,1,pancreas,0.5029487345399419,nan,0.5028505715401939,27205,273859503,26655,27117
UKCHLL008,annotation_2_vs_weighted,annotation_2.nii.gz,weighted,2,kidney,0.7559955943484491,nan,0.7554567778618376,478755,273152680,17406,291639
UKCHLL008,annotation_2_vs_weighted,annotation_2.nii.gz,weighted,3,liver,0.9490133132103027,nan,0.9485675639986706,2256161,271441890,208668,33761
UKCHLL008,annotation_3_vs_weighted,annotation_3.nii.gz,weighted,0,background,0.9988733230283703,nan,0.8994661802585635,270565268,2764845,349793,260574
UKCHLL008,annotation_3_vs_weighted,annotation_3.nii.gz,weighted,1,pancreas,0.5018884670381145,nan,0.5017967265873311,25447,273864522,21636,28875
UKCHLL008,annotation_3_vs_weighted,annotation_3.nii.gz,weighted,2,kidney,0.7565909146221308,nan,0.7560486807556541,481858,273148577,21509,288536
UKCHLL008,annotation_3_vs_weighted,annotation_3.nii.gz,weighted,3,liver,0.9475230388271211,nan,0.9470633459722991,2257422,271433011,217547,32500
UKCHLL009,annotation_1_vs_annotation_2,annotation_1.nii.gz,annotation_2.nii.gz,0,background,0.9995703303565185,nan,0.9652278477343458,149841456,1811100,102152,26668
UKCHLL009,annotation_1_vs_annotation_2,annotation_1.nii.gz,annotation_2.nii.gz,1,pancreas,0.9031490560300449,nan,0.9030894628616487,84649,151678572,3019,15136
UKCHLL009,annotation_1_vs_annotation_2,annotation_1.nii.gz,annotation_2.nii.gz,2,kidney,0.9415702533512503,nan,0.9414762274242756,229826,151523026,6740,21784
UKCHLL009,annotation_1_vs_annotation_2,annotation_1.nii.gz,annotation_2.nii.gz,3,liver,0.9732726667926127,nan,0.9729991894047684,1496597,150202582,16937,65260
UKCHLL009,annotation_1_vs_annotation_3,annotation_1.nii.gz,annotation_3.nii.gz,0,background,0.9995313002401377,nan,0.9621486493995994,149831674,1809184,111934,28584
UKCHLL009,annotation_1_vs_annotation_3,annotation_1.nii.gz,annotation_3.nii.gz,1,pancreas,0.9118663061749618,nan,0.9118130182130206,83811,151681364,3857,12344
UKCHLL009,annotation_1_vs_annotation_3,annotation_1.nii.gz,annotation_3.nii.gz,2,kidney,0.9351752370506435,nan,0.9350704533280846,229355,151520224,7211,24586
UKCHLL009,annotation_1_vs_annotation_3,annotation_1.nii.gz,annotation_3.nii.gz,3,liver,0.9699833622732088,nan,0.969675334900072,1495984,150192804,17550,75038
UKCHLL009,annotation_1_vs_weighted,annotation_1.nii.gz,weighted,0,background,0.9994599492880779,nan,0.9557384734131403,149848469,1770968,95139,66800
UKCHLL009,annotation_1_vs_weighted,annotation_1.nii.gz,weighted,1,pancreas,0.8397713718867724,nan,0.8396820417576061,71111,151683129,16557,10579
UKCHLL009,annotation_1_vs_weighted,annotation_1.nii.gz,weighted,2,kidney,0.913759851846318,nan,0.9136158094873781,232397,151505112,4169,39698
UKCHLL009,annotation_1_vs_weighted,annotation_1.nii.gz,weighted,3,liver,0.9699443727659215,nan,0.9696417677065313,1467456,150222976,46078,44866
UKCHLL009,annotation_2_vs_annotation_3,annotation_2.nii.gz,annotation_3.nii.gz,0,background,0.9998383336283448,nan,0.9872010562247914,149839963,1892957,28161,20295
UKCHLL009,annotation_2_vs_annotation_3,annotation_2.nii.gz,annotation_3.nii.gz,1,pancreas,0.9531489231397366,nan,0.953118673135805,93380,151678816,6405,2775
UKCHLL009,annotation_2_vs_annotation_3,annotation_2.nii.gz,annotation_3.nii.gz,2,kidney,0.9803007016107178,nan,0.9802678405274454,247796,151523621,3814,6145
UKCHLL009,annotation_2_vs_annotation_3,annotation_2.nii.gz,annotation_3.nii.gz,3,liver,0.9906421537505917,nan,0.9905445710894789,1551781,150200278,10076,19241
UKCHLL009,annotation_2_vs_weighted,annotation_2.nii.gz,weighted,0,background,0.9994889143175453,nan,0.9589490514359116,149815089,1813072,53035,100180
UKCHLL009,annotation_2_vs_weighted,annotation_2.nii.gz,weighted,1,pancreas,0.8277283372365339,nan,0.8276263138273191,75106,151675007,24679,6584
UKCHLL009,annotation_2_vs_weighted,annotation_2.nii.gz,weighted,2,kidney,0.9309095769564927,nan,0.9307903595027097,243761,151501432,7849,28334
UKCHLL009,annotation_2_vs_weighted,annotation_2.nii.gz,weighted,3,liver,0.9720657125040539,nan,0.971780002885219,1494152,150201349,67705,18170
UKCHLL009,annotation_3_vs_weighted,annotation_3.nii.gz,weighted,0,background,0.9994660037742173,nan,0.9571979663809077,149807724,1813573,52534,107545
UKCHLL009,annotation_3_vs_weighted,annotation_3.nii.gz,weighted,1,pancreas,0.8430149849588124,nan,0.8429235690790593,74963,151678494,21192,6727
UKCHLL009,annotation_3_vs_weighted,annotation_3.nii.gz,weighted,2,kidney,0.9275981111558905,nan,0.9274725799620871,243975,151499315,9966,28120
UKCHLL009,annotation_3_vs_weighted,annotation_3.nii.gz,weighted,3,liver,0.9694383759969695,nan,0.9691248853083568,1494556,150192588,76466,17766
UKCHLL010,annotation_1_vs_annotation_2,annotation_1.nii.gz,annotation_2.nii.gz,0,background,0.9992649443435009,nan,0.9734781307712255,198659221,5520833,140497,151769
UKCHLL010,annotation_1_vs_annotation_2,annotation_1.nii.gz,annotation_2.nii.gz,1,pancreas,0.8792377215721993,nan,0.8791324744146563,156867,204272362,13473,29618
UKCHLL010,annotation_1_vs_annotation_2,annotation_1.nii.gz,annotation_2.nii.gz,2,kidney,0.9592981086302111,nan,0.9591450821271558,734701,203675274,30645,31700
UKCHLL010,annotation_1_vs_annotation_2,annotation_1.nii.gz,annotation_2.nii.gz,3,liver,0.9802199175044678,nan,0.9797522614370431,4629265,199656225,107651,79179
UKCHLL010,annotation_1_vs_annotation_3,annotation_1.nii.gz,annotation_3.nii.gz,0,background,0.9992777775645543,nan,0.973964624756157,198656671,5528493,143047,144109
UKCHLL010,annotation_1_vs_annotation_3,annotation_1.nii.gz,annotation_3.nii.gz,1,pancreas,0.8878748981613359,nan,0.8877812623750251,151483,204282577,18857,19403
UKCHLL010,annotation_1_vs_annotation_3,annotation_1.nii.gz,annotation_3.nii.gz,2,kidney,0.9553841219466905,nan,0.9552154557288892,735748,203667854,29598,39120
UKCHLL010,annotation_1_vs_annotation_3,annotation_1.nii.gz,annotation_3.nii.gz,3,liver,0.9809591383095442,nan,0.9805081097956329,4641262,199650880,95654,84524
UKCHLL010,annotation_1_vs_weighted,annotation_1.nii.gz,weighted,0,background,0.9990020433170377,nan,0.9638717639510218,198625843,5449641,173875,222961
UKCHLL010,annotation_1_vs_weighted,annotation_1.nii.gz,weighted,1,pancreas,0.858462959221956,nan,0.8583429633106372,148733,204274543,21607,27437
UKCHLL010,annotation_1_vs_weighted,annotation_1.nii.gz,weighted,2,kidney,0.9448898493925031,nan,0.9446747049514713,752455,203632092,12891,74882
UKCHLL010,annotation_1_vs_weighted,annotation_1.nii.gz,weighted,3,liver,0.9722110629293278,nan,0.9715604486840794,4548453,199663848,188463,71556
UKCHLL010,annotation_2_vs_annotation_3,annotation_2.nii.gz,annotation_3.nii.gz,0,background,0.99964704264162,nan,0.9872635954953265,198735715,5596265,75275,65065
UKCHLL010,annotation_2_vs_annotation_3,annotation_2.nii.gz,annotation_3.nii.gz,1,pancreas,0.942230902899228,nan,0.9421804714906498,168363,204283312,18122,2523
UKCHLL010,annotation_2_vs_annotation_3,annotation_2.nii.gz,annotation_3.nii.gz,2,kidney,0.9832624934388481,nan,0.9831991748205692,757736,203688787,8665,17132
UKCHLL010,annotation_2_vs_annotation_3,annotation_2.nii.gz,annotation_3.nii.gz,3,liver,0.9900470944634592,nan,0.9898120626022672,4670166,199708256,38278,55620
UKCHLL010,annotation_2_vs_weighted,annotation_2.nii.gz,weighted,0,background,0.9989902574862773,nan,0.9634085695815308,198629130,5441656,181860,219674
UKCHLL010,annotation_2_vs_weighted,annotation_2.nii.gz,weighted,1,pancreas,0.8571231611311025,nan,0.8569964471639036,155420,204265085,31065,20750
UKCHLL010,annotation_2_vs_weighted,annotation_2.nii.gz,weighted,2,kidney,0.9456146493338303,nan,0.9454021819157628,753531,203632113,12870,73806
UKCHLL010,annotation_2_vs_weighted,annotation_2.nii.gz,weighted,3,liver,0.9718020769360151,nan,0.9711438983729372,4532705,199676572,175739,87304
UKCHLL010,annotation_3_vs_weighted,annotation_3.nii.gz,weighted,0,background,0.9990050788032511,nan,0.9639782678622825,198626977,5449713,173803,221827
UKCHLL010,annotation_3_vs_weighted,annotation_3.nii.gz,weighted,1,pancreas,0.8700267392005901,nan,0.8699163676846351,150974,204276238,19912,25196
UKCHLL010,annotation_3_vs_weighted,annotation_3.nii.gz,weighted,2,kidney,0.9469162810002465,nan,0.9467077109545504,758577,203628692,16291,68760
UKCHLL010,annotation_3_vs_weighted,annotation_3.nii.gz,weighted,3,liver,0.9715946048463507,nan,0.9709303481770134,4540162,199666687,185624,79847
UKCHLL011,annotation_1_vs_annotation_2,annotation_1.nii.gz,annotation_2.nii.gz,0,background,0.9995663153328247,nan,0.9701282644423791,238859160,3416771,174272,32997
UKCHLL011,annotation_1_vs_annotation_2,annotation_1.nii.gz,annotation_2.nii.gz,1,pancreas,0.9031981582435543,nan,0.9031580912048596,90626,242373148,8493,10933
UKCHLL011,annotation_1_vs_annotation_2,annotation_1.nii.gz,annotation_2.nii.gz,2,kidney,0.9626370011254437,nan,0.9625478809360657,555971,241884071,3876,39282
UKCHLL011,annotation_1_vs_annotation_2,annotation_1.nii.gz,annotation_2.nii.gz,3,liver,0.9745498399041835,nan,0.9742480619666396,2770174,239568341,20628,124057
UKCHLL011,annotation_1_vs_annotation_3,annotation_1.nii.gz,annotation_3.nii.gz,0,background,0.9995260960939524,nan,0.9674147161590684,238843429,3413286,190003,36482
UKCHLL011,annotation_1_vs_annotation_3,annotation_1.nii.gz,annotation_3.nii.gz,1,pancreas,0.8899664979828366,nan,0.8899213756839615,88460,242372866,10659,11215
UKCHLL011,annotation_1_vs_annotation_3,annotation_1.nii.gz,annotation_3.nii.gz,2,kidney,0.956282608358426,nan,0.9561778855242383,554817,241877655,5030,45698
UKCHLL011,annotation_1_vs_annotation_3,annotation_1.nii.gz,annotation_3.nii.gz,3,liver,0.9729723084402064,nan,0.9726513377405837,2770004,239559303,20798,133095
UKCHLL011,annotation_1_vs_weighted,annotation_1.nii.gz,weighted,0,background,0.9993282038980477,nan,0.953565805775382,238814497,3347618,218935,102150
UKCHLL011,annotation_1_vs_weighted,annotation_1.nii.gz,weighted,1,pancreas,0.7455136838631028,nan,0.7454153735631347,70022,242365373,29097,18708
UKCHLL011,annotation_1_vs_weighted,annotation_1.nii.gz,weighted,2,kidney,0.9388143635899853,nan,0.9386650688392107,555749,241855011,4098,68342
UKCHLL011,annotation_1_vs_weighted,annotation_1.nii.gz,weighted,3,liver,0.9644183204494826,nan,0.963999360338699,2721846,239560512,68956,131886
UKCHLL011,annotation_2_vs_annotation_3,annotation_2.nii.gz,annotation_3.nii.gz,0,background,0.9998233425399828,nan,0.9880916075766586,238843833,3554965,48324,36078
UKCHLL011,annotation_2_vs_annotation_3,annotation_2.nii.gz,annotation_3.nii.gz,1,pancreas,0.9380124631026566,nan,0.9379867333121382,94380,242376346,7179,5295
UKCHLL011,annotation_2_vs_annotation_3,annotation_2.nii.gz,annotation_3.nii.gz,2,kidney,0.9850288684761592,nan,0.9849918640544438,588933,241876365,6320,11582
UKCHLL011,annotation_2_vs_annotation_3,annotation_2.nii.gz,annotation_3.nii.gz,3,liver,0.9906719127598395,nan,0.9905590551583827,2871626,239557496,22605,31473
UKCHLL011,annotation_2_vs_weighted,annotation_2.nii.gz,weighted,0,background,0.999413945499422,nan,0.9602915990919378,238764391,3438787,127766,152256
UKCHLL011,annotation_2_vs_weighted,annotation_2.nii.gz,weighted,1,pancreas,0.7453294725391378,nan,0.7452299613519472,70914,242363825,30645,17816
UKCHLL011,annotation_2_vs_weighted,annotation_2.nii.gz,weighted,2,kidney,0.9544837223949927,nan,0.9543690573492819,581922,241845778,13331,42169
UKCHLL011,annotation_2_vs_weighted,annotation_2.nii.gz,weighted,3,liver,0.9693688007386269,nan,0.9690014147179175,2785948,239521185,108283,67784
UKCHLL011,annotation_3_vs_weighted,annotation_3.nii.gz,weighted,0,background,0.9993825614792311,nan,0.9582366224139685,238750774,3437416,129137,165873
UKCHLL011,annotation_3_vs_weighted,annotation_3.nii.gz,weighted,1,pancreas,0.7578142830604283,nan,0.7577204773336973,71388,242366183,28287,17342
UKCHLL011,annotation_3_vs_weighted,annotation_3.nii.gz,weighted,2,kidney,0.9523830521816813,nan,0.9522625533256533,583147,241841741,17368,40944
UKCHLL011,annotation_3_vs_weighted,annotation_3.nii.gz,weighted,3,liver,0.9668044797563103,nan,0.9664057256609461,2782865,239509234,120234,70867
UKCHLL013,annotation_1_vs_annotation_2,annotation_1.nii.gz,annotation_2.nii.gz,0,background,0.9997381835245295,nan,0.9829336764941514,220636886,3380671,60978,54585
UKCHLL013,annotation_1_vs_annotation_2,annotation_1.nii.gz,annotation_2.nii.gz,1,pancreas,0.9200945320340574,nan,0.9200394945599952,142104,223966334,7182,17500
UKCHLL013,annotation_1_vs_annotation_2,annotation_1.nii.gz,annotation_2.nii.gz,2,kidney,0.9686588395998283,nan,0.968595655443021,436823,223668030,16314,11953
UKCHLL013,annotation_1_vs_annotation_2,annotation_1.nii.gz,annotation_2.nii.gz,3,liver,0.9889493694254003,nan,0.9888079008756883,2801744,221268762,31089,31525
UKCHLL013,annotation_1_vs_annotation_3,annotation_1.nii.gz,annotation_3.nii.gz,0,background,0.9999111624435048,nan,0.9942087119903353,220675343,3418565,22521,16691
UKCHLL013,annotation_1_vs_annotation_3,annotation_1.nii.gz,annotation_3.nii.gz,1,pancreas,0.9882698337671675,nan,0.9882619673940362,148449,223981147,837,2687
UKCHLL013,annotation_1_vs_annotation_3,annotation_1.nii.gz,annotation_3.nii.gz,2,kidney,0.989696247439439,nan,0.9896752779945026,450532,223673207,2605,6776
UKCHLL013,annotation_1_vs_annotation_3,annotation_1.nii.gz,annotation_3.nii.gz,3,liver,0.9953566117580609,nan,0.9952971744455882,2819584,221287229,13249,13058
UKCHLL013,annotation_1_vs_weighted,annotation_1.nii.gz,weighted,0,background,0.9990870944462562,nan,0.9398295089021272,220531074,3199030,166790,236226
UKCHLL013,annotation_1_vs_weighted,annotation_1.nii.gz,weighted,1,pancreas,0.7701410205080297,nan,0.7700041988704746,103872,223967244,45414,16590
UKCHLL013,annotation_1_vs_weighted,annotation_1.nii.gz,weighted,2,kidney,0.9036694867398902,nan,0.9034591028242644,444079,223594364,9058,85619
UKCHLL013,annotation_1_vs_weighted,annotation_1.nii.gz,weighted,3,liver,0.9556032602005625,nan,0.9550470959907377,2651079,221235706,181754,64581
UKCHLL013,annotation_2_vs_annotation_3,annotation_2.nii.gz,annotation_3.nii.gz,0,background,0.9997346457249235,nan,0.9827177185894767,220633191,3382806,58280,58843
UKCHLL013,annotation_2_vs_annotation_3,annotation_2.nii.gz,annotation_3.nii.gz,1,pancreas,0.91633519984553,nan,0.9162772059601052,142371,223964751,17233,8765
UKCHLL013,annotation_2_vs_annotation_3,annotation_2.nii.gz,annotation_3.nii.gz,2,kidney,0.966510831225361,nan,0.9664430082339328,437870,223664906,10906,19438
UKCHLL013,annotation_2_vs_annotation_3,annotation_2.nii.gz,annotation_3.nii.gz,3,liver,0.9892725106342122,nan,0.9891351835802912,2802565,221269774,30704,30077
UKCHLL013,annotation_2_vs_weighted,annotation_2.nii.gz,weighted,0,background,0.9990404336082384,nan,0.9368134624696134,220517581,3191930,173890,249719
UKCHLL013,annotation_2_vs_weighted,annotation_2.nii.gz,weighted,1,pancreas,0.7488949033442117,nan,0.7487409890138874,104870,223957924,54734,15592
UKCHLL013,annotation_2_vs_weighted,annotation_2.nii.gz,weighted,2,kidney,0.8964428283224695,nan,0.8962178424125457,438573,223593219,10203,91125
UKCHLL013,annotation_2_vs_weighted,annotation_2.nii.gz,weighted,3,liver,0.9545939405604217,nan,0.9540250890798664,2648487,221232678,184782,67173
UKCHLL013,annotation_3_vs_weighted,annotation_3.nii.gz,weighted,0,background,0.9990797838697414,nan,0.9393996263424561,220526548,3200334,165486,240752
UKCHLL013,annotation_3_vs_weighted,annotation_3.nii.gz,weighted,1,pancreas,0.769298742995162,nan,0.7691606647688097,104470,223965992,46666,15992
UKCHLL013,annotation_3_vs_weighted,annotation_3.nii.gz,weighted,2,kidney,0.9036095018672632,nan,0.9033979447382765,445934,223592048,11374,83764
UKCHLL013,annotation_3_vs_weighted,annotation_3.nii.gz,weighted,3,liver,0.9552219760207717,nan,0.9546610541538677,2649930,221234748,182712,65730
UKCHLL015,annotation_1_vs_annotation_2,annotation_1.nii.gz,annotation_2.nii.gz,0,background,0.9995599439295237,nan,0.9660710566217897,261216470,3318969,187499,42502
UKCHLL015,annotation_1_vs_annotation_2,annotation_1.nii.gz,annotation_2.nii.gz,1,pancreas,0.8769942726231386,nan,0.876943602261461,95702,264642892,10058,16788
UKCHLL015,annotation_1_vs_annotation_2,annotation_1.nii.gz,annotation_2.nii.gz,2,kidney,0.9394522773734499,nan,0.9393102964862,583390,264106851,6252,68947
UKCHLL015,annotation_1_vs_annotation_2,annotation_1.nii.gz,annotation_2.nii.gz,3,liver,0.9763356393001844,nan,0.976091527310128,2639870,261997600,26199,101771
UKCHLL015,annotation_1_vs_annotation_3,annotation_1.nii.gz,annotation_3.nii.gz,0,background,0.9994926361175099,nan,0.9609968755194436,261188736,3311534,215233,49937
UKCHLL015,annotation_1_vs_annotation_3,annotation_1.nii.gz,annotation_3.nii.gz,1,pancreas,0.8749599713677548,nan,0.8749098095190244,92898,264645990,12862,13690
UKCHLL015,annotation_1_vs_annotation_3,annotation_1.nii.gz,annotation_3.nii.gz,2,kidney,0.933762026978871,nan,0.9336059391715237,583020,264099705,6622,76093
UKCHLL015,annotation_1_vs_annotation_3,annotation_1.nii.gz,annotation_3.nii.gz,3,liver,0.9712660547415902,nan,0.9709686046144613,2635596,261973901,30473,125470
UKCHLL015,annotation_1_vs_weighted,annotation_1.nii.gz,weighted,0,background,0.9993064442651369,nan,0.9466813356348707,261140223,3262735,263746,98736
UKCHLL015,annotation_1_vs_weighted,annotation_1.nii.gz,weighted,1,pancreas,0.6479265019882857,nan,0.6477908589551413,66152,264627396,39608,32284
UKCHLL015,annotation_1_vs_weighted,annotation_1.nii.gz,weighted,2,kidney,0.902594760761838,nan,0.9023578253666137,584584,264054683,5058,121115
UKCHLL015,annotation_1_vs_weighted,annotation_1.nii.gz,weighted,3,liver,0.9694761817714486,nan,0.9691624180796052,2611970,261988995,54099,110376
UKCHLL015,annotation_2_vs_annotation_3,annotation_2.nii.gz,annotation_3.nii.gz,0,background,0.9998163800336364,nan,0.9861752903931449,261200852,3468647,58120,37821
UKCHLL015,annotation_2_vs_annotation_3,annotation_2.nii.gz,annotation_3.nii.gz,1,pancreas,0.9185860743662074,nan,0.9185524022476547,100621,264646983,11869,5967
UKCHLL015,annotation_2_vs_annotation_3,annotation_2.nii.gz,annotation_3.nii.gz,2,kidney,0.9816813450760609,nan,0.9816358651945954,643713,264097703,8624,15400
UKCHLL015,annotation_2_vs_annotation_3,annotation_2.nii.gz,annotation_3.nii.gz,3,liver,0.9901653858728077,nan,0.990062116008076,2724295,261987028,17346,36771
UKCHLL015,annotation_2_vs_weighted,annotation_2.nii.gz,weighted,0,background,0.9993645659048552,nan,0.9521563516371976,261082959,3350468,176013,156000
UKCHLL015,annotation_2_vs_weighted,annotation_2.nii.gz,weighted,1,pancreas,0.6475351545091643,nan,0.6473953263881556,68291,264622805,44199,30145
UKCHLL015,annotation_2_vs_weighted,annotation_2.nii.gz,weighted,2,kidney,0.9266263928202197,nan,0.9264380269134218,629196,264036600,23141,76503
UKCHLL015,annotation_2_vs_weighted,annotation_2.nii.gz,weighted,3,liver,0.9710649018747666,nan,0.9707632247224405,2652943,261954396,88698,69403
UKCHLL015,annotation_3_vs_weighted,annotation_3.nii.gz,weighted,0,background,0.9993313015168466,nan,0.949796675768235,261064126,3351934,174547,174833
UKCHLL015,annotation_3_vs_weighted,annotation_3.nii.gz,weighted,1,pancreas,0.6550647729046356,nan,0.6549313803053652,67152,264627568,39436,31284
UKCHLL015,annotation_3_vs_weighted,annotation_3.nii.gz,weighted,2,kidney,0.9247823143407297,nan,0.9245881744856386,631077,264031705,28036,74622
UKCHLL015,annotation_3_vs_weighted,annotation_3.nii.gz,weighted,3,liver,0.9678849592188221,nan,0.9675489378883182,2653656,261935684,107410,68690
UKCHLL017,annotation_1_vs_annotation_2,annotation_1.nii.gz,annotation_2.nii.gz,0,background,0.9996047681579725,nan,0.9644852723203997,248500137,2699451,89520,106988
UKCHLL017,annotation_1_vs_annotation_2,annotation_1.nii.gz,annotation_2.nii.gz,1,pancreas,0.8072089296257767,nan,0.8071557834315064,57420,251311248,2238,25190
UKCHLL017,annotation_1_vs_annotation_2,annotation_1.nii.gz,annotation_2.nii.gz,2,kidney,0.9622260074015866,nan,0.9621574654270315,438369,250923309,6776,27642
UKCHLL017,annotation_1_vs_annotation_2,annotation_1.nii.gz,annotation_2.nii.gz,3,liver,0.9703499746586626,nan,0.9700797384280297,2203658,249057768,97978,36692
UKCHLL017,annotation_1_vs_annotation_3,annotation_1.nii.gz,annotation_3.nii.gz,0,background,0.9995156568873195,nan,0.956635313975721,248467834,2687458,121823,118981
UKCHLL017,annotation_1_vs_annotation_3,annotation_1.nii.gz,annotation_3.nii.gz,1,pancreas,0.8678058118370677,nan,0.8677724274993794,55307,251323939,4351,12499
UKCHLL017,annotation_1_vs_annotation_3,annotation_1.nii.gz,annotation_3.nii.gz,2,kidney,0.9532579336632295,nan,0.9531724016664178,438155,250914972,6990,35979
UKCHLL017,annotation_1_vs_annotation_3,annotation_1.nii.gz,annotation_3.nii.gz,3,liver,0.9603729675154854,nan,0.9600095868053793,2193961,249021080,107675,73380
UKCHLL017,annotation_1_vs_weighted,annotation_1.nii.gz,weighted,0,background,0.9995523532398611,nan,0.9602597690297655,248453023,2720535,136634,85904
UKCHLL017,annotation_1_vs_weighted,annotation_1.nii.gz,weighted,1,pancreas,0.7104772164843829,nan,0.7104037823909495,45505,251313504,14153,22934
UKCHLL017,annotation_1_vs_weighted,annotation_1.nii.gz,weighted,2,kidney,0.9206540335770184,nan,0.9205037241957024,439639,250880677,5506,70274
UKCHLL017,annotation_1_vs_weighted,annotation_1.nii.gz,weighted,3,liver,0.9760466923249731,nan,0.9758264762133093,2235368,249051011,66268,43449
UKCHLL017,annotation_2_vs_annotation_3,annotation_2.nii.gz,annotation_3.nii.gz,0,background,0.9996256068607755,nan,0.9663748757213114,248503897,2706053,103228,82918
UKCHLL017,annotation_2_vs_annotation_3,annotation_2.nii.gz,annotation_3.nii.gz,1,pancreas,0.8860493564514413,nan,0.8860155870280335,66638,251312318,15972,1168
UKCHLL017,annotation_2_vs_annotation_3,annotation_2.nii.gz,annotation_3.nii.gz,2,kidney,0.9778406522398141,nan,0.9777991431098314,459656,250915607,6355,14478
UKCHLL017,annotation_2_vs_annotation_3,annotation_2.nii.gz,annotation_3.nii.gz,3,liver,0.9671195297104438,nan,0.9668220899192622,2179738,249068143,60612,87603
UKCHLL017,annotation_2_vs_weighted,annotation_2.nii.gz,weighted,0,background,0.9994965584077493,nan,0.9551682951014139,248447884,2697928,159241,91043
UKCHLL017,annotation_2_vs_weighted,annotation_2.nii.gz,weighted,1,pancreas,0.7646260485008176,nan,0.7645559388780986,57748,251302795,24862,10691
UKCHLL017,annotation_2_vs_weighted,annotation_2.nii.gz,weighted,2,kidney,0.9354171021513971,nan,0.9352917570609702,456448,250876620,9563,53465
UKCHLL017,annotation_2_vs_weighted,annotation_2.nii.gz,weighted,3,liver,0.9664179261355024,nan,0.9661133704062258,2183702,249060631,56648,95115
UKCHLL017,annotation_3_vs_weighted,annotation_3.nii.gz,weighted,0,background,0.9994528024259907,nan,0.951446418178283,248426858,2697212,159957,112069
UKCHLL017,annotation_3_vs_weighted,annotation_3.nii.gz,weighted,1,pancreas,0.7657235127894602,nan,0.7656600134694652,52163,251312014,15643,16276
UKCHLL017,annotation_3_vs_weighted,annotation_3.nii.gz,weighted,2,kidney,0.9382417709723214,nan,0.9381208233499811,461637,250873686,12497,48276
UKCHLL017,annotation_3_vs_weighted,annotation_3.nii.gz,weighted,3,liver,0.9605209497778124,nan,0.9601607324682104,2183340,249033278,84001,95477
UKCHLL018,annotation_1_vs_annotation_2,annotation_1.nii.gz,annotation_2.nii.gz,0,background,0.9993752586929631,nan,0.9745485569950969,176840293,4342258,113562,107535
UKCHLL018,annotation_1_vs_annotation_2,annotation_1.nii.gz,annotation_2.nii.gz,1,pancreas,0.9220049969781944,nan,0.9219120545330585,199089,181170876,14825,18858
UKCHLL018,annotation_1_vs_annotation_2,annotation_1.nii.gz,annotation_2.nii.gz,2,kidney,0.9621664627821012,nan,0.9620087925352988,724393,180622287,24633,32335
UKCHLL018,annotation_1_vs_annotation_2,annotation_1.nii.gz,annotation_2.nii.gz,3,liver,0.9812792713201123,nan,0.9809126847416108,3418776,177854426,68077,62369
UKCHLL018,annotation_1_vs_annotation_3,annotation_1.nii.gz,annotation_3.nii.gz,0,background,0.9993622028833951,nan,0.9741326982593178,176818026,4359930,135829,89863
UKCHLL018,annotation_1_vs_annotation_3,annotation_1.nii.gz,annotation_3.nii.gz,1,pancreas,0.9288607257964842,nan,0.9287781580109057,195397,181178321,18517,11413
UKCHLL018,annotation_1_vs_annotation_3,annotation_1.nii.gz,annotation_3.nii.gz,2,kidney,0.9581677079916606,nan,0.9579922908286725,725916,180614347,23110,40275
UKCHLL018,annotation_1_vs_annotation_3,annotation_1.nii.gz,annotation_3.nii.gz,3,liver,0.9811149292022053,nan,0.9807428822105632,3438617,177832654,48236,84141
UKCHLL018,annotation_1_vs_weighted,annotation_1.nii.gz,weighted,0,background,0.9981706335496665,nan,0.9276243826369319,176495126,4261590,458729,188203
UKCHLL018,annotation_1_vs_weighted,annotation_1.nii.gz,weighted,1,pancreas,0.8759576059182177,nan,0.875817338450083,179803,181172922,34111,16812
UKCHLL018,annotation_1_vs_weighted,annotation_1.nii.gz,weighted,2,kidney,0.84745796278218,nan,0.8467445293555266,727463,180414299,21563,240323
UKCHLL018,annotation_1_vs_weighted,annotation_1.nii.gz,weighted,3,liver,0.9525580201315647,nan,0.951618943274027,3354324,177715201,132529,201594
UKCHLL018,annotation_2_vs_annotation_3,annotation_2.nii.gz,annotation_3.nii.gz,0,background,0.9996524826529791,nan,0.9859151368162581,176866373,4414304,81455,41516
UKCHLL018,annotation_2_vs_annotation_3,annotation_2.nii.gz,annotation_3.nii.gz,1,pancreas,0.9439703171460387,nan,0.9439046886537102,200479,181179370,17468,6331
UKCHLL018,annotation_2_vs_annotation_3,annotation_2.nii.gz,annotation_3.nii.gz,2,kidney,0.9829846498730399,nan,0.9829129279915475,748503,180629232,8225,17688
UKCHLL018,annotation_2_vs_annotation_3,annotation_2.nii.gz,annotation_3.nii.gz,3,liver,0.9895402606232554,nan,0.9893343706163692,3465322,177865067,15823,57436
UKCHLL018,annotation_2_vs_weighted,annotation_2.nii.gz,weighted,0,background,0.9981761872865744,nan,0.927891426497352,176493100,4265591,454728,190229
UKCHLL018,annotation_2_vs_weighted,annotation_2.nii.gz,weighted,1,pancreas,0.8746291266445068,nan,0.874486087831399,181294,181170380,36653,15321
UKCHLL018,annotation_2_vs_weighted,annotation_2.nii.gz,weighted,2,kidney,0.8453720874402876,nan,0.8446447056035445,728928,180408062,27800,238858
UKCHLL018,annotation_2_vs_weighted,annotation_2.nii.gz,weighted,3,liver,0.9536276710894872,nan,0.9527105414426243,3355369,177721954,125776,200549
UKCHLL018,annotation_3_vs_weighted,annotation_3.nii.gz,weighted,0,background,0.9981430364596895,nan,0.926898459898063,176467306,4279736,440583,216023
UKCHLL018,annotation_3_vs_weighted,annotation_3.nii.gz,weighted,1,pancreas,0.8732428580281341,nan,0.8731018432372655,176144,181176367,30666,20471
UKCHLL018,annotation_3_vs_weighted,annotation_3.nii.gz,weighted,2,kidney,0.8463872358168534,nan,0.8456595619861218,733808,180403479,32383,233978
UKCHLL018,annotation_3_vs_weighted,annotation_3.nii.gz,weighted,3,liver,0.9520944312184934,nan,0.9511411753056572,3369784,177694756,152974,186134
UKCHLL020,annotation_1_vs_annotation_2,annotation_1.nii.gz,annotation_2.nii.gz,0,background,0.9997425343234094,nan,0.9661546964958396,255661450,1894420,89073,42609
UKCHLL020,annotation_1_vs_annotation_2,annotation_1.nii.gz,annotation_2.nii.gz,1,pancreas,0.8841712470374666,nan,0.8841314654630005,78903,257587976,2065,18608
UKCHLL020,annotation_1_vs_annotation_2,annotation_1.nii.gz,annotation_2.nii.gz,2,kidney,0.9451898446316169,nan,0.9451403187957247,220285,257441719,2814,22734
UKCHLL020,annotation_1_vs_annotation_2,annotation_1.nii.gz,annotation_2.nii.gz,3,liver,0.9739124064195609,nan,0.9737455242961238,1595232,256006859,37730,47731
UKCHLL020,annotation_1_vs_annotation_3,annotation_1.nii.gz,annotation_3.nii.gz,0,background,0.9996251162646972,nan,0.9509199785579148,255623418,1872404,127105,64625
UKCHLL020,annotation_1_vs_annotation_3,annotation_1.nii.gz,annotation_3.nii.gz,1,pancreas,0.9111064429973291,nan,0.9110777180908509,75902,257596839,5066,9745
UKCHLL020,annotation_1_vs_annotation_3,annotation_1.nii.gz,annotation_3.nii.gz,2,kidney,0.9340710865381964,nan,0.934010907342508,220133,257436344,2966,28109
UKCHLL020,annotation_1_vs_annotation_3,annotation_1.nii.gz,annotation_3.nii.gz,3,liver,0.9557858497984891,nan,0.955501068900125,1576369,255965339,56593,89251
UKCHLL020,annotation_1_vs_weighted,annotation_1.nii.gz,weighted,0,background,0.9994684959885606,nan,0.9320922231935242,255534805,1880967,215718,56062
UKCHLL020,annotation_1_vs_weighted,annotation_1.nii.gz,weighted,1,pancreas,0.8405304805039304,nan,0.840483054082475,64583,257598463,16385,8121
UKCHLL020,annotation_1_vs_weighted,annotation_1.nii.gz,weighted,2,kidney,0.7175894663032794,nan,0.7172767821657646,221564,257291593,1535,172860
UKCHLL020,annotation_1_vs_weighted,annotation_1.nii.gz,weighted,3,liver,0.977648252776459,nan,0.9775058565100945,1594798,256019831,38164,34759
UKCHLL020,annotation_2_vs_annotation_3,annotation_2.nii.gz,annotation_3.nii.gz,0,background,0.9996680316349509,nan,0.9570454122001275,255611168,1906618,92891,76875
UKCHLL020,annotation_2_vs_annotation_3,annotation_2.nii.gz,annotation_3.nii.gz,1,pancreas,0.9224057917208094,nan,0.9223783216703332,84473,257588867,13038,1174
UKCHLL020,annotation_2_vs_annotation_3,annotation_2.nii.gz,annotation_3.nii.gz,2,kidney,0.968780342832018,nan,0.9687505589012874,237962,257434253,5057,10280
UKCHLL020,annotation_2_vs_annotation_3,annotation_2.nii.gz,annotation_3.nii.gz,3,liver,0.9576202259396243,nan,0.9573464131118411,1584183,255963152,58780,81437
UKCHLL020,annotation_2_vs_weighted,annotation_2.nii.gz,weighted,0,background,0.9994155740947056,nan,0.9261804970531998,255498056,1890682,206003,92811
UKCHLL020,annotation_2_vs_weighted,annotation_2.nii.gz,weighted,1,pancreas,0.8148518050700585,nan,0.8147919348937932,69350,257586687,28161,3354
UKCHLL020,annotation_2_vs_weighted,annotation_2.nii.gz,weighted,2,kidney,0.7364297670536817,nan,0.7361218014078755,234716,257284825,8303,159708
UKCHLL020,annotation_2_vs_weighted,annotation_2.nii.gz,weighted,3,liver,0.9696215760331488,nan,0.9694274502385997,1586553,256001585,56410,43004
UKCHLL020,annotation_3_vs_weighted,annotation_3.nii.gz,weighted,0,background,0.9993261055888263,nan,0.9152123077570821,255467181,1875823,220862,123686
UKCHLL020,annotation_3_vs_weighted,annotation_3.nii.gz,weighted,1,pancreas,0.8443394737008292,nan,0.8442919514209862,66851,257596052,18796,5853
UKCHLL020,annotation_3_vs_weighted,annotation_3.nii.gz,weighted,2,kidney,0.7406055400472407,nan,0.7402984509722308,237981,257282867,10261,156443
UKCHLL020,annotation_3_vs_weighted,annotation_3.nii.gz,weighted,3,liver,0.9535068981119982,nan,0.9532077562711112,1570987,255963362,94633,58570
UKCHLL021,annotation_1_vs_annotation_2,annotation_1.nii.gz,annotation_2.nii.gz,0,background,0.9997013474358636,nan,0.9676191716452442,231346948,2085130,106671,31555
UKCHLL021,annotation_1_vs_annotation_2,annotation_1.nii.gz,annotation_2.nii.gz,1,pancreas,0.9125914189925167,nan,0.9125518923897261,96768,233454999,2265,16272
UKCHLL021,annotation_1_vs_annotation_2,annotation_1.nii.gz,annotation_2.nii.gz,2,kidney,0.9491927491787032,nan,0.9491230818859274,304100,233233649,3092,29463
UKCHLL021,annotation_1_vs_annotation_2,annotation_1.nii.gz,annotation_2.nii.gz,3,liver,0.97446738074196,nan,0.9742771157409648,1683713,231798359,26747,61485
UKCHLL021,annotation_1_vs_annotation_3,annotation_1.nii.gz,annotation_3.nii.gz,0,background,0.9996719015387517,nan,0.9645146237012868,231334791,2083662,118828,33023
UKCHLL021,annotation_1_vs_annotation_3,annotation_1.nii.gz,annotation_3.nii.gz,1,pancreas,0.9084059627565843,nan,0.9083649070720098,95369,233455703,3664,15568
UKCHLL021,annotation_1_vs_annotation_3,annotation_1.nii.gz,annotation_3.nii.gz,2,kidney,0.9412435788835611,nan,0.9411627079078585,302791,233229710,4401,33402
UKCHLL021,annotation_1_vs_annotation_3,annotation_1.nii.gz,annotation_3.nii.gz,3,liver,0.9721837833470867,nan,0.9719759012250879,1684707,231789191,25753,70653
UKCHLL021,annotation_1_vs_weighted,annotation_1.nii.gz,weighted,0,background,0.9994541062060324,nan,0.9399748304312481,231319774,1997840,133845,118845
UKCHLL021,annotation_1_vs_weighted,annotation_1.nii.gz,weighted,1,pancreas,0.779108512937368,nan,0.7790050193936129,86162,233435285,12871,35986
UKCHLL021,annotation_1_vs_weighted,annotation_1.nii.gz,weighted,2,kidney,0.9255808636942092,nan,0.9254766136763982,303653,233217822,3539,45290
UKCHLL021,annotation_1_vs_weighted,annotation_1.nii.gz,weighted,3,liver,0.9538559750155293,nan,0.9535206366697769,1607750,231807000,102710,52844
UKCHLL021,annotation_2_vs_annotation_3,annotation_2.nii.gz,annotation_3.nii.gz,0,background,0.999859220921687,nan,0.9850343046143977,231340586,2164573,37917,27228
UKCHLL021,annotation_2_vs_annotation_3,annotation_2.nii.gz,annotation_3.nii.gz,1,pancreas,0.9631346075713131,nan,0.9631169250319883,107860,233454187,5180,3077
UKCHLL021,annotation_2_vs_annotation_3,annotation_2.nii.gz,annotation_3.nii.gz,2,kidney,0.979906115062799,nan,0.9798772648310534,328149,233228697,5414,8044
UKCHLL021,annotation_2_vs_annotation_3,annotation_2.nii.gz,annotation_3.nii.gz,3,liver,0.9873425893814644,nan,0.9872470246782217,1728125,231797871,17073,27235
UKCHLL021,annotation_2_vs_weighted,annotation_2.nii.gz,weighted,0,background,0.9994961552005848,nan,0.945561072512548,231291967,2045149,86536,146652
UKCHLL021,annotation_2_vs_weighted,annotation_2.nii.gz,weighted,1,pancreas,0.81158052281579,nan,0.8114857552135539,95437,233430553,17603,26711
UKCHLL021,annotation_2_vs_weighted,annotation_2.nii.gz,weighted,2,kidney,0.9412898934221824,nan,0.9412040344303375,321218,233209016,12345,27725
UKCHLL021,annotation_2_vs_weighted,annotation_2.nii.gz,weighted,3,liver,0.9555427929832474,nan,0.9552164903749351,1627190,231791702,118008,33404
UKCHLL021,annotation_3_vs_weighted,annotation_3.nii.gz,weighted,0,background,0.9994746637413313,nan,0.9433790084774241,231281652,2045523,86162,156967
UKCHLL021,annotation_3_vs_weighted,annotation_3.nii.gz,weighted,1,pancreas,0.8098333226076324,nan,0.8097386091941744,94380,233431599,16557,27768
UKCHLL021,annotation_3_vs_weighted,annotation_3.nii.gz,weighted,2,kidney,0.9374635108941874,nan,0.9373716883243521,321145,233206313,15048,27798
UKCHLL021,annotation_3_vs_weighted,annotation_3.nii.gz,weighted,3,liver,0.9533822762250311,nan,0.9530391404054929,1628355,231782705,127005,32239
UKCHLL023,annotation_1_vs_annotation_2,annotation_1.nii.gz,annotation_2.nii.gz,0,background,0.9995550833778223,nan,0.9746864121797147,262827784,4587263,129966,104011
UKCHLL023,annotation_1_vs_annotation_2,annotation_1.nii.gz,annotation_2.nii.gz,1,pancreas,0.9242974875196234,nan,0.9242354897468184,202832,267412967,6916,26309
UKCHLL023,annotation_1_vs_annotation_2,annotation_1.nii.gz,annotation_2.nii.gz,2,kidney,0.9649566855848791,nan,0.9648529539061516,762296,266831361,21388,33979
UKCHLL023,annotation_1_vs_annotation_2,annotation_1.nii.gz,annotation_2.nii.gz,3,liver,0.9803090942675944,nan,0.9800334614045514,3622073,263881442,75769,69740
UKCHLL023,annotation_1_vs_annotation_3,annotation_1.nii.gz,annotation_3.nii.gz,0,background,0.999500480899997,nan,0.9716754718815828,262797547,4588801,160203,102473
UKCHLL023,annotation_1_vs_annotation_3,annotation_1.nii.gz,annotation_3.nii.gz,1,pancreas,0.9318846054897453,nan,0.9318297013533262,201035,267418600,8713,20676
UKCHLL023,annotation_1_vs_annotation_3,annotation_1.nii.gz,annotation_3.nii.gz,2,kidney,0.960116923328913,nan,0.9599983217625206,762028,266823687,21656,41653
UKCHLL023,annotation_1_vs_annotation_3,annotation_1.nii.gz,annotation_3.nii.gz,3,liver,0.9770610988089395,nan,0.9767386031339302,3625607,263853177,72235,98005
UKCHLL023,annotation_1_vs_weighted,annotation_1.nii.gz,weighted,0,background,0.9939675093507968,nan,0.5134908501814486,262742887,1716910,214863,2974364
UKCHLL023,annotation_1_vs_weighted,annotation_1.nii.gz,weighted,1,pancreas,0.7789097503733732,nan,0.7787393150238071,160633,267397201,49115,42075
UKCHLL023,annotation_1_vs_weighted,annotation_1.nii.gz,weighted,2,kidney,0.9092516328006204,nan,0.9089675672263643,762698,266734083,20986,131257
UKCHLL023,annotation_1_vs_weighted,annotation_1.nii.gz,weighted,3,liver,0.3500654760959304,nan,0.3467399424113176,793415,263909487,2904427,41695
UKCHLL023,annotation_2_vs_annotation_3,annotation_2.nii.gz,annotation_3.nii.gz,0,background,0.9998018282708893,nan,0.9887937558430437,262863805,4681014,67990,36215
UKCHLL023,annotation_2_vs_annotation_3,annotation_2.nii.gz,annotation_3.nii.gz,1,pancreas,0.9635800661857993,nan,0.9635493741733959,217216,267415388,11925,4495
UKCHLL023,annotation_2_vs_annotation_3,annotation_2.nii.gz,annotation_3.nii.gz,2,kidney,0.9845445749758118,nan,0.9844982426599348,787614,266836682,8661,16067
UKCHLL023,annotation_2_vs_annotation_3,annotation_2.nii.gz,annotation_3.nii.gz,3,liver,0.9914851812269695,nan,0.991365571639822,3676142,263909741,15671,47470
UKCHLL023,annotation_2_vs_weighted,annotation_2.nii.gz,weighted,0,background,0.9939882044164324,nan,0.5170681782511122,262735458,1735436,196337,2981793
UKCHLL023,annotation_2_vs_weighted,annotation_2.nii.gz,weighted,1,pancreas,0.7916563428420582,nan,0.7914887576729048,170938,267388113,58203,31770
UKCHLL023,annotation_2_vs_weighted,annotation_2.nii.gz,weighted,2,kidney,0.913094667589618,nan,0.9128203127845079,771670,266730464,24605,122285
UKCHLL023,annotation_2_vs_weighted,annotation_2.nii.gz,weighted,3,liver,0.35022331946003943,nan,0.3468995985157324,792717,263914818,2899096,42393
UKCHLL023,annotation_3_vs_weighted,annotation_3.nii.gz,weighted,0,background,0.9939295645904086,nan,0.5146963062047056,262704167,1735920,195853,3013084
UKCHLL023,annotation_3_vs_weighted,annotation_3.nii.gz,weighted,1,pancreas,0.7983761330194925,nan,0.7982164666810959,169423,267394028,52288,33285
UKCHLL023,annotation_3_vs_weighted,annotation_3.nii.gz,weighted,2,kidney,0.9120341463069822,nan,0.9117550790828033,774151,266725539,29530,119804
UKCHLL023,annotation_3_vs_weighted,annotation_3.nii.gz,weighted,3,liver,0.347548720891513,nan,0.3442060259057789,792189,263882491,2931423,42921
UKCHLL025,annotation_1_vs_annotation_2,annotation_1.nii.gz,annotation_2.nii.gz,0,background,0.9997110256708073,nan,0.9810290269557088,254205162,3859718,73968,72992
UKCHLL025,annotation_1_vs_annotation_2,annotation_1.nii.gz,annotation_2.nii.gz,1,pancreas,0.9535264416354822,nan,0.9534977980262505,151738,258045311,3724,11067
UKCHLL025,annotation_1_vs_annotation_2,annotation_1.nii.gz,annotation_2.nii.gz,2,kidney,0.9712927420068725,nan,0.9712373746479628,482783,257700519,13798,14740
UKCHLL025,annotation_1_vs_annotation_2,annotation_1.nii.gz,annotation_2.nii.gz,3,liver,0.9841393647415138,nan,0.9839354874014153,3225037,254882852,55630,48321
UKCHLL025,annotation_1_vs_annotation_3,annotation_1.nii.gz,annotation_3.nii.gz,0,background,0.9997730403228848,nan,0.9851418357252908,254209925,3886498,69205,46212
UKCHLL025,annotation_1_vs_annotation_3,annotation_1.nii.gz,annotation_3.nii.gz,1,pancreas,0.9641262744948192,nan,0.9641044479580415,151390,258049184,4072,7194
UKCHLL025,annotation_1_vs_annotation_3,annotation_1.nii.gz,annotation_3.nii.gz,2,kidney,0.9748769811078667,nan,0.9748283562864357,486274,257700503,10307,14756
UKCHLL025,annotation_1_vs_annotation_3,annotation_1.nii.gz,annotation_3.nii.gz,3,liver,0.9879366058281621,nan,0.9877809952823594,3248709,254883793,31958,47380
UKCHLL025,annotation_1_vs_weighted,annotation_1.nii.gz,weighted,0,background,0.9992943396875482,nan,0.9537878587006134,254089513,3763472,189617,169238
UKCHLL025,annotation_1_vs_weighted,annotation_1.nii.gz,weighted,1,pancreas,0.7510417715148465,nan,0.7508982725776991,111924,258025714,43538,30664
UKCHLL025,annotation_1_vs_weighted,annotation_1.nii.gz,weighted,2,kidney,0.9037952749171242,nan,0.9035956479060472,486109,257622243,10472,93016
UKCHLL025,annotation_1_vs_weighted,annotation_1.nii.gz,weighted,3,liver,0.9720734337902867,nan,0.9717168064169903,3165092,254864889,115575,66284
UKCHLL025,annotation_2_vs_annotation_3,annotation_2.nii.gz,annotation_3.nii.gz,0,background,0.9998810876649418,nan,0.9922162364856801,254236910,3914459,41244,19227
UKCHLL025,annotation_2_vs_annotation_3,annotation_2.nii.gz,annotation_3.nii.gz,1,pancreas,0.980942098204979,nan,0.9809302324509378,157632,258048083,5173,952
UKCHLL025,annotation_2_vs_annotation_3,annotation_2.nii.gz,annotation_3.nii.gz,2,kidney,0.9907335915069105,nan,0.9907156395577946,494650,257707937,2873,6380
UKCHLL025,annotation_2_vs_annotation_3,annotation_2.nii.gz,annotation_3.nii.gz,3,liver,0.9931027680107626,nan,0.9930138985896652,3262068,254904461,11290,34021
UKCHLL025,annotation_2_vs_weighted,annotation_2.nii.gz,weighted,0,background,0.9992535192701502,nan,0.9511206685404137,254078646,3753581,199508,180105
UKCHLL025,annotation_2_vs_weighted,annotation_2.nii.gz,weighted,1,pancreas,0.7430425713752443,nan,0.7428911934901746,113460,258019907,49345,29128
UKCHLL025,annotation_2_vs_weighted,annotation_2.nii.gz,weighted,2,kidney,0.9000936239142227,nan,0.8998861039213051,484542,257619734,12981,94583
UKCHLL025,annotation_2_vs_weighted,annotation_2.nii.gz,weighted,3,liver,0.9701442057430788,nan,0.9697633691243079,3155265,254862371,118093,76111
UKCHLL025,annotation_3_vs_weighted,annotation_3.nii.gz,weighted,0,background,0.9992628927709979,nan,0.951868802832451,254070029,3766981,186108,188722
UKCHLL025,annotation_3_vs_weighted,annotation_3.nii.gz,weighted,1,pancreas,0.7484427503220751,nan,0.7482963739201293,112705,258023373,45879,29883
UKCHLL025,annotation_3_vs_weighted,annotation_3.nii.gz,weighted,2,kidney,0.9026741532465248,nan,0.9024712277749781,487514,257619199,13516,91611
UKCHLL025,annotation_3_vs_weighted,annotation_3.nii.gz,weighted,3,liver,0.970222283842196,nan,0.9698411206848756,3166546,254850921,129543,64830
UKCHLL026,annotation_1_vs_annotation_2,annotation_1.nii.gz,annotation_2.nii.gz,0,background,0.9997418767674959,nan,0.9869443984977803,255610331,5090957,76876,55116
UKCHLL026,annotation_1_vs_annotation_2,annotation_1.nii.gz,annotation_2.nii.gz,1,pancreas,0.9246702064581133,nan,0.9246056541234726,207410,260592076,2051,31743
UKCHLL026,annotation_1_vs_annotation_2,annotation_1.nii.gz,annotation_2.nii.gz,2,kidney,0.9854230388062345,nan,0.9853863486571047,645323,260168865,10374,8718
UKCHLL026,annotation_1_vs_annotation_2,annotation_1.nii.gz,annotation_2.nii.gz,3,liver,0.9907538424747246,nan,0.9905996731901116,4238224,256515950,42691,36415
UKCHLL026,annotation_1_vs_annotation_3,annotation_1.nii.gz,annotation_3.nii.gz,0,background,0.9998900707640342,nan,0.994437964695565,255650010,5127057,37197,19016
UKCHLL026,annotation_1_vs_annotation_3,annotation_1.nii.gz,annotation_3.nii.gz,1,pancreas,0.9783298457231565,nan,0.9783121483442961,208283,260615770,1178,8049
UKCHLL026,annotation_1_vs_annotation_3,annotation_1.nii.gz,annotation_3.nii.gz,2,kidney,0.9909816203278126,nan,0.9909588263058379,651671,260169748,4026,7835
UKCHLL026,annotation_1_vs_annotation_3,annotation_1.nii.gz,annotation_3.nii.gz,3,liver,0.9959010802593574,nan,0.9958326235017442,4267103,256531052,13812,21313
UKCHLL026,annotation_1_vs_weighted,annotation_1.nii.gz,weighted,0,background,0.9986942875138893,nan,0.9353350578351562,255232903,4932984,454304,213089
UKCHLL026,annotation_1_vs_weighted,annotation_1.nii.gz,weighted,1,pancreas,0.8663926572892512,nan,0.8662820002860865,187185,260588363,22276,35456
UKCHLL026,annotation_1_vs_weighted,annotation_1.nii.gz,weighted,2,kidney,0.8582639779736772,nan,0.8578622621538693,642617,259978416,13080,199167
UKCHLL026,annotation_1_vs_weighted,annotation_1.nii.gz,weighted,3,liver,0.9538093614223891,nan,0.9530347887800709,4103182,256332684,177733,219681
UKCHLL026,annotation_2_vs_annotation_3,annotation_2.nii.gz,annotation_3.nii.gz,0,background,0.9997489334148609,nan,0.9873236606038157,255603047,5101854,62400,65979
UKCHLL026,annotation_2_vs_annotation_3,annotation_2.nii.gz,annotation_3.nii.gz,1,pancreas,0.9312710627133715,nan,0.9312111515778373,212090,260589885,27063,4242
UKCHLL026,annotation_2_vs_annotation_3,annotation_2.nii.gz,annotation_3.nii.gz,2,kidney,0.9876707875698395,nan,0.9876396650077311,648676,260168409,5365,10830
UKCHLL026,annotation_2_vs_annotation_3,annotation_2.nii.gz,annotation_3.nii.gz,3,liver,0.9905548895808797,nan,0.9903972629298028,4241088,256511313,33551,47328
UKCHLL026,annotation_2_vs_weighted,annotation_2.nii.gz,weighted,0,background,0.9986730467208346,nan,0.9344184711030507,255216609,4938450,448838,229383
UKCHLL026,annotation_2_vs_weighted,annotation_2.nii.gz,weighted,1,pancreas,0.880288613537638,nan,0.8801826834643045,203256,260574742,35897,19385
UKCHLL026,annotation_2_vs_weighted,annotation_2.nii.gz,weighted,2,kidney,0.8537068173081744,nan,0.853292776312096,638498,259975953,15543,203286
UKCHLL026,annotation_2_vs_weighted,annotation_2.nii.gz,weighted,3,liver,0.952996812329907,nan,0.9522092047619214,4096696,256332474,177943,226167
UKCHLL026,annotation_3_vs_weighted,annotation_3.nii.gz,weighted,0,background,0.9986613189284139,nan,0.933816430977667,255215399,4933661,453627,230593
UKCHLL026,annotation_3_vs_weighted,annotation_3.nii.gz,weighted,1,pancreas,0.8702220865520203,nan,0.870112811402317,191002,260585309,25330,31639
UKCHLL026,annotation_3_vs_weighted,annotation_3.nii.gz,weighted,2,kidney,0.8561397198409368,nan,0.855730651481023,642657,259974647,16849,199127
UKCHLL026,annotation_3_vs_weighted,annotation_3.nii.gz,weighted,3,liver,0.9522399634247131,nan,0.9514383571969763,4100002,256322003,188414,222861
UKCHLL027,annotation_1_vs_annotation_2,annotation_1.nii.gz,annotation_2.nii.gz,0,background,0.9997418631137801,nan,0.9802469815059064,242097767,3143996,83345,41676
UKCHLL027,annotation_1_vs_annotation_2,annotation_1.nii.gz,annotation_2.nii.gz,1,pancreas,0.9307401060141086,nan,0.9307047735977572,116766,245232640,2093,15285
UKCHLL027,annotation_1_vs_annotation_2,annotation_1.nii.gz,annotation_2.nii.gz,2,kidney,0.966656110991858,nan,0.9665920653589074,454832,244880574,7760,23618
UKCHLL027,annotation_1_vs_annotation_2,annotation_1.nii.gz,annotation_2.nii.gz,3,liver,0.9853832391538808,nan,0.985226055665703,2572373,242718096,31848,44467
UKCHLL027,annotation_1_vs_annotation_3,annotation_1.nii.gz,annotation_3.nii.gz,0,background,0.9996926607116111,nan,0.9765620443918178,242074899,3143041,106213,42631
UKCHLL027,annotation_1_vs_annotation_3,annotation_1.nii.gz,annotation_3.nii.gz,1,pancreas,0.9403926982791369,nan,0.9403629713651633,115113,245237078,3746,10847
UKCHLL027,annotation_1_vs_annotation_3,annotation_1.nii.gz,annotation_3.nii.gz,2,kidney,0.957561588886039,nan,0.9574792227019057,455468,244870944,7124,33248
UKCHLL027,annotation_1_vs_annotation_3,annotation_1.nii.gz,annotation_3.nii.gz,3,liver,0.9820605829694936,nan,0.9818670117587183,2572409,242700394,31812,62169
UKCHLL027,annotation_1_vs_weighted,annotation_1.nii.gz,weighted,0,background,0.9994823821636848,nan,0.96012631996896,242056212,3059857,124900,125815
UKCHLL027,annotation_1_vs_weighted,annotation_1.nii.gz,weighted,1,pancreas,0.8315648560306171,nan,0.8314812770193117,101253,245224513,17606,23412
UKCHLL027,annotation_1_vs_weighted,annotation_1.nii.gz,weighted,2,kidney,0.9263934929622284,nan,0.9262457682322502,457058,244837095,5534,67097
UKCHLL027,annotation_1_vs_weighted,annotation_1.nii.gz,weighted,3,liver,0.9732875915487422,nan,0.9730048827855098,2501426,242728052,102795,34511
UKCHLL027,annotation_2_vs_annotation_3,annotation_2.nii.gz,annotation_3.nii.gz,0,background,0.9998376874172548,nan,0.9877015282464112,242089186,3198997,50257,28344
UKCHLL027,annotation_2_vs_annotation_3,annotation_2.nii.gz,annotation_3.nii.gz,1,pancreas,0.960307893849487,nan,0.9602870257564561,123885,245232658,8166,2075
UKCHLL027,annotation_2_vs_annotation_3,annotation_2.nii.gz,annotation_3.nii.gz,2,kidney,0.9786841142058343,nan,0.978642025421113,473275,244872893,5175,15441
UKCHLL027,annotation_2_vs_annotation_3,annotation_2.nii.gz,annotation_3.nii.gz,3,liver,0.9909041710258067,nan,0.9908057833731752,2601826,242717192,15014,32752
UKCHLL027,annotation_2_vs_weighted,annotation_2.nii.gz,weighted,0,background,0.9995052996514897,nan,0.9621393925424172,242040938,3086252,98505,141089
UKCHLL027,annotation_2_vs_weighted,annotation_2.nii.gz,weighted,1,pancreas,0.8384440393275059,nan,0.8383595508328222,107621,245217689,24430,17044
UKCHLL027,annotation_2_vs_weighted,annotation_2.nii.gz,weighted,2,kidney,0.9347330204816453,nan,0.934599680460102,468584,244832763,9866,55571
UKCHLL027,annotation_2_vs_weighted,annotation_2.nii.gz,weighted,3,liver,0.9742063357292582,nan,0.973932692515681,2509934,242723941,106906,26003
UKCHLL027,annotation_3_vs_weighted,annotation_3.nii.gz,weighted,0,background,0.9994915233837391,nan,0.9612176275385117,242026651,3093878,90879,155376
UKCHLL027,annotation_3_vs_weighted,annotation_3.nii.gz,weighted,1,pancreas,0.838040897755611,nan,0.8379581427561257,105017,245221176,20943,19648
UKCHLL027,annotation_3_vs_weighted,annotation_3.nii.gz,weighted,2,kidney,0.9357223180444498,nan,0.9355895380051349,473883,244827796,14833,50272
UKCHLL027,annotation_3_vs_weighted,annotation_3.nii.gz,weighted,3,liver,0.9727638349371388,nan,0.9724739174905086,2514845,242711114,119733,21092
UKCHLL028,annotation_1_vs_annotation_2,annotation_1.nii.gz,annotation_2.nii.gz,0,background,0.9992885233391287,nan,0.9243700895116543,241847694,2126131,48541,295842
UKCHLL028,annotation_1_vs_annotation_2,annotation_1.nii.gz,annotation_2.nii.gz,1,pancreas,0.9368330018161377,nan,0.9368030926037394,108326,244195274,6891,7717
UKCHLL028,annotation_1_vs_annotation_2,annotation_1.nii.gz,annotation_2.nii.gz,2,kidney,0.4839586553560666,nan,0.4835643830350987,118038,243948444,244160,7566
UKCHLL028,annotation_1_vs_annotation_2,annotation_1.nii.gz,annotation_2.nii.gz,3,liver,0.979871739689389,nan,0.9797107352914917,1899767,242340392,44791,33258
UKCHLL028,annotation_1_vs_annotation_3,annotation_1.nii.gz,annotation_3.nii.gz,0,background,0.999660878983262,nan,0.9658987666089336,241806547,2347602,89688,74371
UKCHLL028,annotation_1_vs_annotation_3,annotation_1.nii.gz,annotation_3.nii.gz,1,pancreas,0.9422315150552718,nan,0.942204708787769,106801,244198311,8416,4680
UKCHLL028,annotation_1_vs_annotation_3,annotation_1.nii.gz,annotation_3.nii.gz,2,kidney,0.9099147411746772,nan,0.9097791135464333,334259,243917763,27939,38247
UKCHLL028,annotation_1_vs_annotation_3,annotation_1.nii.gz,annotation_3.nii.gz,3,liver,0.9782503788616372,nan,0.97807548753316,1906542,242326889,38016,46761
UKCHLL028,annotation_1_vs_weighted,annotation_1.nii.gz,weighted,0,background,0.9992582190950108,nan,0.9267229069122193,241665600,2293816,230635,128157
UKCHLL028,annotation_1_vs_weighted,annotation_1.nii.gz,weighted,1,pancreas,0.7639460482441648,nan,0.7638518012658084,76293,244194767,38924,8224
UKCHLL028,annotation_1_vs_weighted,annotation_1.nii.gz,weighted,2,kidney,0.8002663025693685,nan,0.7999155198433825,354602,243786600,7596,169410
UKCHLL028,annotation_1_vs_weighted,annotation_1.nii.gz,weighted,3,liver,0.9651240260278514,nan,0.9648463089984712,1862921,242320649,81637,53001
UKCHLL028,annotation_2_vs_annotation_3,annotation_2.nii.gz,annotation_3.nii.gz,0,background,0.9993231457681682,nan,0.9282896502501987,241848420,2142174,295116,32498
UKCHLL028,annotation_2_vs_annotation_3,annotation_2.nii.gz,annotation_3.nii.gz,1,pancreas,0.9430653469524094,nan,0.9430388347616062,107285,244197969,8758,4196
UKCHLL028,annotation_2_vs_annotation_3,annotation_2.nii.gz,annotation_3.nii.gz,2,kidney,0.48092589990162815,nan,0.48052646218298667,119777,243939875,5827,252729
UKCHLL028,annotation_2_vs_annotation_3,annotation_2.nii.gz,annotation_3.nii.gz,3,liver,0.9855637506664389,nan,0.985448015854417,1915112,242346992,17913,38191
UKCHLL028,annotation_2_vs_weighted,annotation_2.nii.gz,weighted,0,background,0.9988144352413031,nan,0.8767261573128741,241681777,2062692,461759,111980
UKCHLL028,annotation_2_vs_weighted,annotation_2.nii.gz,weighted,1,pancreas,0.7673115277223773,nan,0.7672183436651694,76946,244194594,39097,7571
UKCHLL028,annotation_2_vs_weighted,annotation_2.nii.gz,weighted,2,kidney,0.3795411443067905,nan,0.3790261107925031,123278,243791870,2326,400734
UKCHLL028,annotation_2_vs_weighted,annotation_2.nii.gz,weighted,3,liver,0.9677805384173905,nan,0.9675247386290857,1862468,242331729,70557,53454
UKCHLL028,annotation_3_vs_weighted,annotation_3.nii.gz,weighted,0,background,0.9992144120425573,nan,0.9226348838422292,241647353,2290886,233565,146404
UKCHLL028,annotation_3_vs_weighted,annotation_3.nii.gz,weighted,1,pancreas,0.769558873049725,nan,0.7694681540237838,75416,244197626,36065,9101
UKCHLL028,annotation_3_vs_weighted,annotation_3.nii.gz,weighted,2,kidney,0.785499008385777,nan,0.7851160128548471,352107,243773797,20399,171905
UKCHLL028,annotation_3_vs_weighted,annotation_3.nii.gz,weighted,3,liver,0.9631711776906228,nan,0.9628772518720743,1863363,242312346,89940,52559
UKCHLL030,annotation_1_vs_annotation_2,annotation_1.nii.gz,annotation_2.nii.gz,0,background,0.9996036498012599,nan,0.9745182055279603,261833731,4034791,140301,67337
UKCHLL030,annotation_1_vs_annotation_2,annotation_1.nii.gz,annotation_2.nii.gz,1,pancreas,0.8998604210631262,nan,0.899815131288295,108309,265943745,8968,15138
UKCHLL030,annotation_1_vs_annotation_2,annotation_1.nii.gz,annotation_2.nii.gz,2,kidney,0.9620495267809317,nan,0.961974961375935,501996,265534559,15528,24077
UKCHLL030,annotation_1_vs_annotation_2,annotation_1.nii.gz,annotation_2.nii.gz,3,liver,0.979418121154045,nan,0.9791440769755237,3424486,262507747,42841,101086
UKCHLL030,annotation_1_vs_annotation_3,annotation_1.nii.gz,annotation_3.nii.gz,0,background,0.9995779501124503,nan,0.9728925443479234,261822941,4032121,151091,70007
UKCHLL030,annotation_1_vs_annotation_3,annotation_1.nii.gz,annotation_3.nii.gz,1,pancreas,0.8619769244015842,nan,0.8619110681971971,110121,265930773,7156,28110
UKCHLL030,annotation_1_vs_annotation_3,annotation_1.nii.gz,annotation_3.nii.gz,2,kidney,0.9566246837950687,nan,0.9565389511603378,502205,265528413,15319,30223
UKCHLL030,annotation_1_vs_annotation_3,annotation_1.nii.gz,annotation_3.nii.gz,3,liver,0.9799008005868296,nan,0.9796336806446015,3419795,262516075,47532,92758
UKCHLL030,annotation_1_vs_weighted,annotation_1.nii.gz,weighted,0,background,0.9983523257693058,nan,0.9001774818897185,261253446,3960372,720586,141756
UKCHLL030,annotation_1_vs_weighted,annotation_1.nii.gz,weighted,1,pancreas,0.8534738743119107,nan,0.8534104425608101,98298,265944110,18979,14773
UKCHLL030,annotation_1_vs_weighted,annotation_1.nii.gz,weighted,2,kidney,0.9329074244687763,nan,0.9327700971318258,508317,265494729,9207,63907
UKCHLL030,annotation_1_vs_weighted,annotation_1.nii.gz,weighted,3,liver,0.8987703319983009,nan,0.897337796452399,3353757,261966927,113570,641906
UKCHLL030,annotation_2_vs_annotation_3,annotation_2.nii.gz,annotation_3.nii.gz,0,background,0.9995674482848617,nan,0.9724605140870431,261783724,4065868,117344,109224
UKCHLL030,annotation_2_vs_annotation_3,annotation_2.nii.gz,annotation_3.nii.gz,1,pancreas,0.8582532731066426,nan,0.8581837596671815,112293,265926775,11154,25938
UKCHLL030,annotation_2_vs_annotation_3,annotation_2.nii.gz,annotation_3.nii.gz,2,kidney,0.956465794552863,nan,0.9563790314725271,506210,265523869,19863,26218
UKCHLL030,annotation_2_vs_annotation_3,annotation_2.nii.gz,annotation_3.nii.gz,3,liver,0.9796259657224048,nan,0.979352892733454,3447365,262485400,78207,65188
UKCHLL030,annotation_2_vs_weighted,annotation_2.nii.gz,weighted,0,background,0.9983356579247163,nan,0.8999966584006498,261212663,3992553,688405,182539
UKCHLL030,annotation_2_vs_weighted,annotation_2.nii.gz,weighted,1,pancreas,0.8441302564709663,nan,0.8440610819558249,99826,265939468,23621,13245
UKCHLL030,annotation_2_vs_weighted,annotation_2.nii.gz,weighted,2,kidney,0.9357924131632882,nan,0.9356598574856159,513889,265491752,12184,58335
UKCHLL030,annotation_2_vs_weighted,annotation_2.nii.gz,weighted,3,liver,0.8984795715065411,nan,0.8970299174524217,3378838,261933763,146734,616825
UKCHLL030,annotation_3_vs_weighted,annotation_3.nii.gz,weighted,0,background,0.9982899517216279,nan,0.897344302258691,261196651,3984661,696297,198551
UKCHLL030,annotation_3_vs_weighted,annotation_3.nii.gz,weighted,1,pancreas,0.8157197316376312,nan,0.8156335396914973,102496,265927354,35735,10575
UKCHLL030,annotation_3_vs_weighted,annotation_3.nii.gz,weighted,2,kidney,0.9370896897846561,nan,0.9369589979026999,517579,265489087,14849,54645
UKCHLL030,annotation_3_vs_weighted,annotation_3.nii.gz,weighted,3,liver,0.8962411310489735,nan,0.8947624664608685,3364586,261932530,147967,631077
UKCHLL031,annotation_1_vs_annotation_2,annotation_1.nii.gz,annotation_2.nii.gz,0,background,0.9993712848575969,nan,0.9688399313887218,155812807,3112554,131465,64582
UKCHLL031,annotation_1_vs_annotation_2,annotation_1.nii.gz,annotation_2.nii.gz,1,pancreas,0.9296111630682372,nan,0.9295339928490091,162021,158934851,10035,14501
UKCHLL031,annotation_1_vs_annotation_2,annotation_1.nii.gz,annotation_2.nii.gz,2,kidney,0.9571795989925868,nan,0.9570279182399013,537777,158535515,14113,34003
UKCHLL031,annotation_1_vs_annotation_2,annotation_1.nii.gz,annotation_2.nii.gz,3,liver,0.9750633826822771,nan,0.9746695041561049,2412749,156585250,40441,82968
UKCHLL031,annotation_1_vs_annotation_3,annotation_1.nii.gz,annotation_3.nii.gz,0,background,0.9992516886140348,nan,0.9630410721797988,155783011,3105074,161261,72062
UKCHLL031,annotation_1_vs_annotation_3,annotation_1.nii.gz,annotation_3.nii.gz,1,pancreas,0.9230968944905679,nan,0.9230149202182021,156440,158938902,15616,10450
UKCHLL031,annotation_1_vs_annotation_3,annotation_1.nii.gz,annotation_3.nii.gz,2,kidney,0.9514440714457711,nan,0.9512712017238216,537368,158529192,14522,40326
UKCHLL031,annotation_1_vs_annotation_3,annotation_1.nii.gz,annotation_3.nii.gz,3,liver,0.9693501892786266,nan,0.9688635400156594,2411230,156557697,41960,110521
UKCHLL031,annotation_1_vs_weighted,annotation_1.nii.gz,weighted,0,background,0.9991750036223654,nan,0.9588144038121672,155805373,3058745,138899,118391
UKCHLL031,annotation_1_vs_weighted,annotation_1.nii.gz,weighted,1,pancreas,0.8744545276756969,nan,0.8743192331699519,149791,158928606,22265,20746
UKCHLL031,annotation_1_vs_weighted,annotation_1.nii.gz,weighted,2,kidney,0.93609767038332,nan,0.9358662323919984,538405,158509495,13485,60023
UKCHLL031,annotation_1_vs_weighted,annotation_1.nii.gz,weighted,3,liver,0.9711604305646054,nan,0.9707111486840654,2370539,156610078,82651,58140
UKCHLL031,annotation_2_vs_annotation_3,annotation_2.nii.gz,annotation_3.nii.gz,0,background,0.9996913314725625,nan,0.9849114937101968,155818120,3207066,59269,36953
UKCHLL031,annotation_2_vs_annotation_3,annotation_2.nii.gz,annotation_3.nii.gz,1,pancreas,0.9528088709771353,nan,0.9527579327338417,163603,158941599,12919,3287
UKCHLL031,annotation_2_vs_annotation_3,annotation_2.nii.gz,annotation_3.nii.gz,2,kidney,0.9830948764391365,nan,0.9830335964272805,565021,158536955,6759,12673
UKCHLL031,annotation_2_vs_annotation_3,annotation_2.nii.gz,annotation_3.nii.gz,3,liver,0.9879253838788807,nan,0.9877319693190525,2478442,156582382,17275,43309
UKCHLL031,annotation_2_vs_weighted,annotation_2.nii.gz,weighted,0,background,0.9992340150198226,nan,0.9621574497009049,155781159,3101414,96230,142605
UKCHLL031,annotation_2_vs_weighted,annotation_2.nii.gz,weighted,1,pancreas,0.889416496906866,nan,0.8892958045940588,154340,158928689,22182,16197
UKCHLL031,annotation_2_vs_weighted,annotation_2.nii.gz,weighted,2,kidney,0.9420154365719599,nan,0.9418015464982242,551177,158502377,20603,47251
UKCHLL031,annotation_2_vs_weighted,annotation_2.nii.gz,weighted,3,liver,0.9730655292547553,nan,0.9726422824094261,2395880,156592892,99837,32799
UKCHLL031,annotation_3_vs_weighted,annotation_3.nii.gz,weighted,0,background,0.999155673930492,nan,0.9584311649402489,155757797,3100368,97276,165967
UKCHLL031,annotation_3_vs_weighted,annotation_3.nii.gz,weighted,1,pancreas,0.8824249393202085,nan,0.8823001589235675,148877,158932858,18013,21660
UKCHLL031,annotation_3_vs_weighted,annotation_3.nii.gz,weighted,2,kidney,0.940092949540949,nan,0.9398708006278805,552832,158498118,24862,45596
UKCHLL031,annotation_3_vs_weighted,annotation_3.nii.gz,weighted,3,liver,0.9690624854810592,nan,0.9685738077587935,2398638,156569616,123113,30041
UKCHLL032,annotation_1_vs_annotation_2,annotation_1.nii.gz,annotation_2.nii.gz,0,background,0.9997379772143181,nan,0.9838330537080905,273555270,4436121,82950,60443
UKCHLL032,annotation_1_vs_annotation_2,annotation_1.nii.gz,annotation_2.nii.gz,1,pancreas,0.86966472844241,nan,0.8696122209044486,98413,278006873,3310,26188
UKCHLL032,annotation_1_vs_annotation_2,annotation_1.nii.gz,annotation_2.nii.gz,2,kidney,0.9781037206896069,nan,0.9780416110353402,769483,277330849,16727,17725
UKCHLL032,annotation_1_vs_annotation_2,annotation_1.nii.gz,annotation_2.nii.gz,3,liver,0.9889905518277502,nan,0.988845861061219,3568225,274487116,40406,39037
UKCHLL032,annotation_1_vs_annotation_3,annotation_1.nii.gz,annotation_3.nii.gz,0,background,0.9997835632259816,nan,0.9866380365329476,273570340,4445997,67880,50567
UKCHLL032,annotation_1_vs_annotation_3,annotation_1.nii.gz,annotation_3.nii.gz,1,pancreas,0.9547988159620796,nan,0.9547821480669401,97896,278027619,3827,5442
UKCHLL032,annotation_1_vs_annotation_3,annotation_1.nii.gz,annotation_3.nii.gz,2,kidney,0.9752925580834829,nan,0.9752223323423204,768828,277327002,17382,21572
UKCHLL032,annotation_1_vs_annotation_3,annotation_1.nii.gz,annotation_3.nii.gz,3,liver,0.9902854842525077,nan,0.9901575815175231,3579273,274485287,29358,40866
UKCHLL032,annotation_1_vs_weighted,annotation_1.nii.gz,weighted,0,background,0.9992997934152619,nan,0.9572494170258025,273387699,4363961,250521,132603
UKCHLL032,annotation_1_vs_weighted,annotation_1.nii.gz,weighted,1,pancreas,0.8077855076995232,nan,0.8077147559718686,82672,278012768,19051,20293
UKCHLL032,annotation_1_vs_weighted,annotation_1.nii.gz,weighted,2,kidney,0.9204751451364933,nan,0.9202327919610785,782223,277217400,3987,131174
UKCHLL032,annotation_1_vs_weighted,annotation_1.nii.gz,weighted,3,liver,0.9709917825660968,nan,0.9706110346024988,3498848,274426881,109783,99272
UKCHLL032,annotation_2_vs_annotation_3,annotation_2.nii.gz,annotation_3.nii.gz,0,background,0.9998102868188902,nan,0.9883170290890709,273566401,4464565,49312,54506
UKCHLL032,annotation_2_vs_annotation_3,annotation_2.nii.gz,annotation_3.nii.gz,1,pancreas,0.8727949144288604,nan,0.8727432229984295,99472,278006317,25129,3866
UKCHLL032,annotation_2_vs_annotation_3,annotation_2.nii.gz,annotation_3.nii.gz,2,kidney,0.9846729986156256,nan,0.9846294070324242,776714,277333890,10494,13686
UKCHLL032,annotation_2_vs_annotation_3,annotation_2.nii.gz,annotation_3.nii.gz,3,liver,0.9929929168175392,nan,0.9929006782971399,3588379,274495762,18883,31760
UKCHLL032,annotation_2_vs_weighted,annotation_2.nii.gz,weighted,0,background,0.9992882300025525,nan,0.9566504658433405,273373290,4372059,242423,147012
UKCHLL032,annotation_2_vs_weighted,annotation_2.nii.gz,weighted,1,pancreas,0.762240404981412,nan,0.7621439793225641,86730,277993948,37871,16235
UKCHLL032,annotation_2_vs_weighted,annotation_2.nii.gz,weighted,2,kidney,0.9199878866638638,nan,0.9197438818086252,782268,277216447,4940,131129
UKCHLL032,annotation_2_vs_weighted,annotation_2.nii.gz,weighted,3,liver,0.9722965416684362,nan,0.9719329891375355,3502884,274432286,104378,95236
UKCHLL032,annotation_3_vs_weighted,annotation_3.nii.gz,weighted,0,background,0.9993036002521243,nan,0.9575624488619146,273380090,4373665,240817,140212
UKCHLL032,annotation_3_vs_weighted,annotation_3.nii.gz,weighted,1,pancreas,0.8031099887059325,nan,0.8030369415011273,82842,278011323,20496,20123
UKCHLL032,annotation_3_vs_weighted,annotation_3.nii.gz,weighted,2,kidney,0.920515765669267,nan,0.9202728421100059,784186,277215173,6214,129211
UKCHLL032,annotation_3_vs_weighted,annotation_3.nii.gz,weighted,3,liver,0.9715556064142337,nan,0.9711816576393856,3506470,274422995,113669,91650
UKCHLL034,annotation_1_vs_annotation_2,annotation_1.nii.gz,annotation_2.nii.gz,0,background,0.9996548824816331,nan,0.9705141217059889,241634242,2779268,106447,60395
UKCHLL034,annotation_1_vs_annotation_2,annotation_1.nii.gz,annotation_2.nii.gz,1,pancreas,0.9043702285565719,nan,0.9043206041032682,114789,244441287,9062,15214
UKCHLL034,annotation_1_vs_annotation_2,annotation_1.nii.gz,annotation_2.nii.gz,2,kidney,0.9619574388693409,nan,0.9618831044494549,458884,244085173,12875,23420
UKCHLL034,annotation_1_vs_annotation_2,annotation_1.nii.gz,annotation_2.nii.gz,3,liver,0.9762452846853575,nan,0.97602387145398,2205075,242267966,38978,68333
UKCHLL034,annotation_1_vs_annotation_3,annotation_1.nii.gz,annotation_3.nii.gz,0,background,0.9995881956905414,nan,0.9647530510476101,241623280,2757987,117409,81676
UKCHLL034,annotation_1_vs_annotation_3,annotation_1.nii.gz,annotation_3.nii.gz,1,pancreas,0.8975832835537481,nan,0.8975303522310962,113446,244441017,10405,15484
UKCHLL034,annotation_1_vs_annotation_3,annotation_1.nii.gz,annotation_3.nii.gz,2,kidney,0.9579029254182074,nan,0.9578202557138209,459302,244080680,12457,27913
UKCHLL034,annotation_1_vs_annotation_3,annotation_1.nii.gz,annotation_3.nii.gz,3,liver,0.970232078491703,nan,0.9699554862865984,2184625,242261673,59428,74626
UKCHLL034,annotation_1_vs_weighted,annotation_1.nii.gz,weighted,0,background,0.9994638687109382,nan,0.9540267363585108,241598506,2722650,142183,117013
UKCHLL034,annotation_1_vs_weighted,annotation_1.nii.gz,weighted,1,pancreas,0.8142127550999412,nan,0.8141204531925715,98924,244436283,24927,20218
UKCHLL034,annotation_1_vs_weighted,annotation_1.nii.gz,weighted,2,kidney,0.9363267143914286,nan,0.936197807341069,463735,244053546,8024,55047
UKCHLL034,annotation_1_vs_weighted,annotation_1.nii.gz,weighted,3,liver,0.9658834049584855,nan,0.965568705216973,2159214,242268604,84839,67695
UKCHLL034,annotation_2_vs_annotation_3,annotation_2.nii.gz,annotation_3.nii.gz,0,background,0.9998039199838549,nan,0.9833513648546972,241652404,2833163,42233,52552
UKCHLL034,annotation_2_vs_annotation_3,annotation_2.nii.gz,annotation_3.nii.gz,1,pancreas,0.9707530519478011,nan,0.9707375623947735,125680,244447099,4323,3250
UKCHLL034,annotation_2_vs_annotation_3,annotation_2.nii.gz,annotation_3.nii.gz,2,kidney,0.9845315047977399,nan,0.9845007860651916,477261,244088094,5043,9954
UKCHLL034,annotation_2_vs_annotation_3,annotation_2.nii.gz,annotation_3.nii.gz,3,liver,0.9839994581546946,nan,0.9838498087758891,2230067,242277760,43341,29184
UKCHLL034,annotation_2_vs_weighted,annotation_2.nii.gz,weighted,0,background,0.9994852156147087,nan,0.9562107380344672,241580652,2750848,113985,134867
UKCHLL034,annotation_2_vs_weighted,annotation_2.nii.gz,weighted,1,pancreas,0.8310501916554617,nan,0.8309642600246481,103526,244434733,26477,15616
UKCHLL034,annotation_2_vs_weighted,annotation_2.nii.gz,weighted,2,kidney,0.9413596833838451,nan,0.9412395876335103,471191,244050457,11113,47591
UKCHLL034,annotation_2_vs_weighted,annotation_2.nii.gz,weighted,3,liver,0.9669176638001279,nan,0.9666105106632832,2175718,242255753,97690,51191
UKCHLL034,annotation_3_vs_weighted,annotation_3.nii.gz,weighted,0,background,0.9994658128619811,nan,0.9544785850887817,241581119,2740996,123837,134400
UKCHLL034,annotation_3_vs_weighted,annotation_3.nii.gz,weighted,1,pancreas,0.825792511851398,nan,0.8257042574589537,102428,244434708,26502,16714
UKCHLL034,annotation_3_vs_weighted,annotation_3.nii.gz,weighted,2,kidney,0.942418317350847,nan,0.9422997691835193,474035,244048390,13180,44747
UKCHLL034,annotation_3_vs_weighted,annotation_3.nii.gz,weighted,3,liver,0.9647863651764538,nan,0.9644604439671447,2164093,242258285,95158,62816
UKCHLL035,annotation_1_vs_annotation_2,annotation_1.nii.gz,annotation_2.nii.gz,0,background,0.9994977722354021,nan,0.9550457538919431,261676022,2826444,207684,55290
UKCHLL035,annotation_1_vs_annotation_2,annotation_1.nii.gz,annotation_2.nii.gz,1,pancreas,0.8398293936558309,nan,0.8397412694887129,123853,264594345,6957,40285
UKCHLL035,annotation_1_vs_annotation_2,annotation_1.nii.gz,annotation_2.nii.gz,2,kidney,0.9467052747698602,nan,0.9466055241261456,469003,264243632,6805,46000
UKCHLL035,annotation_1_vs_annotation_2,annotation_1.nii.gz,annotation_2.nii.gz,3,liver,0.9645733583032602,nan,0.9642609568632702,2233037,262368374,42079,121950
UKCHLL035,annotation_1_vs_annotation_3,annotation_1.nii.gz,annotation_3.nii.gz,0,background,0.9994766862203524,nan,0.9527607300638828,261695374,2796025,188332,85709
UKCHLL035,annotation_1_vs_annotation_3,annotation_1.nii.gz,annotation_3.nii.gz,1,pancreas,0.8667096783547305,nan,0.8666403818620632,119560,264609106,11250,25524
UKCHLL035,annotation_1_vs_annotation_3,annotation_1.nii.gz,annotation_3.nii.gz,2,kidney,0.9320954939233155,nan,0.9319682003823282,462544,264235502,13264,54130
UKCHLL035,annotation_1_vs_annotation_3,annotation_1.nii.gz,annotation_3.nii.gz,3,liver,0.9624763605399639,nan,0.9621477388230596,2212596,262380321,62520,110003
UKCHLL035,annotation_1_vs_weighted,annotation_1.nii.gz,weighted,0,background,0.9993970323065388,nan,0.9453687791864381,261685333,2764341,198373,117393
UKCHLL035,annotation_1_vs_weighted,annotation_1.nii.gz,weighted,1,pancreas,0.7122732046499837,nan,0.7121235026329699,98340,264587650,32470,46980
UKCHLL035,annotation_1_vs_weighted,annotation_1.nii.gz,weighted,2,kidney,0.9204857161972302,nan,0.920333423159308,467789,264216833,8019,72799
UKCHLL035,annotation_1_vs_weighted,annotation_1.nii.gz,weighted,3,liver,0.9649400846499566,nan,0.9646360915558,2196166,262409684,78950,80640
UKCHLL035,annotation_2_vs_annotation_3,annotation_2.nii.gz,annotation_3.nii.gz,0,background,0.9995301868640569,nan,0.9586639548461353,261633221,2886266,98091,147862
UKCHLL035,annotation_2_vs_annotation_3,annotation_2.nii.gz,annotation_3.nii.gz,1,pancreas,0.9180006597202011,nan,0.9179529298723618,141933,264598151,22205,3151
UKCHLL035,annotation_2_vs_annotation_3,annotation_2.nii.gz,annotation_3.nii.gz,2,kidney,0.9553009323654593,nan,0.9552136760772352,492781,264226544,22222,23893
UKCHLL035,annotation_2_vs_annotation_3,annotation_2.nii.gz,annotation_3.nii.gz,3,liver,0.9621732235388083,nan,0.961836120878894,2250324,262338178,104663,72275
UKCHLL035,annotation_2_vs_weighted,annotation_2.nii.gz,weighted,0,background,0.9993044234499229,nan,0.9385795616512675,261584940,2816342,146372,217786
UKCHLL035,annotation_2_vs_weighted,annotation_2.nii.gz,weighted,1,pancreas,0.7584163279023325,nan,0.758275586450307,117349,264573331,46789,27971
UKCHLL035,annotation_2_vs_weighted,annotation_2.nii.gz,weighted,2,kidney,0.928730919456494,nan,0.9285886484401973,490180,264200029,24823,50408
UKCHLL035,annotation_2_vs_weighted,annotation_2.nii.gz,weighted,3,liver,0.9529661623479287,nan,0.9525512475758605,2206971,262340618,148016,69835
UKCHLL035,annotation_3_vs_weighted,annotation_3.nii.gz,weighted,0,background,0.999308296028688,nan,0.9384102598526777,261610822,2792453,170261,191904
UKCHLL035,annotation_3_vs_weighted,annotation_3.nii.gz,weighted,1,pancreas,0.7763736036693709,nan,0.7762508958266912,112731,264587767,32353,32589
UKCHLL035,annotation_3_vs_weighted,annotation_3.nii.gz,weighted,2,kidney,0.9139796947208922,nan,0.9138076910958084,483158,264191336,33516,57430
UKCHLL035,annotation_3_vs_weighted,annotation_3.nii.gz,weighted,3,liver,0.9540768860319976,nan,0.9536745518436784,2194093,262360128,128506,82713
UKCHLL037,annotation_1_vs_annotation_2,annotation_1.nii.gz,annotation_2.nii.gz,0,background,0.9996412513022951,nan,0.9671000431767484,282519845,3014335,169770,33010
UKCHLL037,annotation_1_vs_annotation_2,annotation_1.nii.gz,annotation_2.nii.gz,1,pancreas,0.901244759335695,nan,0.9011916697357694,138652,285567922,8189,22197
UKCHLL037,annotation_1_vs_annotation_2,annotation_1.nii.gz,annotation_2.nii.gz,2,kidney,0.9460522776183644,nan,0.9459680632722972,422015,285266815,6026,42104
UKCHLL037,annotation_1_vs_annotation_2,annotation_1.nii.gz,annotation_2.nii.gz,3,liver,0.9747789967405994,nan,0.9745550304069531,2452349,283157709,20114,106788
UKCHLL037,annotation_1_vs_annotation_3,annotation_1.nii.gz,annotation_3.nii.gz,0,background,0.999584211809477,nan,0.9621053360090236,282484319,3017636,205296,29709
UKCHLL037,annotation_1_vs_annotation_3,annotation_1.nii.gz,annotation_3.nii.gz,1,pancreas,0.9012731062422327,nan,0.9012202085117126,138153,285568540,8688,21579
UKCHLL037,annotation_1_vs_annotation_3,annotation_1.nii.gz,annotation_3.nii.gz,2,kidney,0.9374527670837076,nan,0.9373544948819388,421138,285259625,6903,49294
UKCHLL037,annotation_1_vs_annotation_3,annotation_1.nii.gz,annotation_3.nii.gz,3,liver,0.9700355225655058,nan,0.9697677113228678,2456727,283128456,15736,136041
UKCHLL037,annotation_1_vs_weighted,annotation_1.nii.gz,weighted,0,background,0.999459993994099,nan,0.9504380186484243,282471090,2960633,218525,86712
UKCHLL037,annotation_1_vs_weighted,annotation_1.nii.gz,weighted,1,pancreas,0.7636109186266118,nan,0.7634890802421649,112402,285554966,34439,35153
UKCHLL037,annotation_1_vs_weighted,annotation_1.nii.gz,weighted,2,kidney,0.9031286520061688,nan,0.9029707495146296,423109,285223084,4932,85835
UKCHLL037,annotation_1_vs_weighted,annotation_1.nii.gz,weighted,3,liver,0.9703218459929507,nan,0.9700601753032709,2423438,283165276,49025,99221
UKCHLL037,annotation_2_vs_annotation_3,annotation_2.nii.gz,annotation_3.nii.gz,0,background,0.9998157368567643,nan,0.9835647059742411,282481381,3151458,71474,32647
UKCHLL037,annotation_2_vs_annotation_3,annotation_2.nii.gz,annotation_3.nii.gz,1,pancreas,0.9523147036162467,nan,0.9522879387997867,152647,285569026,8202,7085
UKCHLL037,annotation_2_vs_annotation_3,annotation_2.nii.gz,annotation_3.nii.gz,2,kidney,0.977618128919663,nan,0.9775814687957688,456817,285259226,7302,13615
UKCHLL037,annotation_2_vs_annotation_3,annotation_2.nii.gz,annotation_3.nii.gz,3,liver,0.9865480826995063,nan,0.9864257141210669,2541301,283126356,17836,51467
UKCHLL037,annotation_2_vs_weighted,annotation_2.nii.gz,weighted,0,background,0.9994778491675127,nan,0.9531065145284734,282407792,3034095,145063,150010
UKCHLL037,annotation_2_vs_weighted,annotation_2.nii.gz,weighted,1,pancreas,0.7803400734102022,nan,0.780221687312886,120330,285548886,40519,27225
UKCHLL037,annotation_2_vs_weighted,annotation_2.nii.gz,weighted,2,kidney,0.928229724077475,nan,0.9281075708006433,451613,285215510,12506,57331
UKCHLL037,annotation_2_vs_weighted,annotation_2.nii.gz,weighted,3,liver,0.967676388426454,nan,0.9673863888778741,2458767,283113931,100370,63892
UKCHLL037,annotation_3_vs_weighted,annotation_3.nii.gz,weighted,0,background,0.9994744668124759,nan,0.9530890144173257,282387433,3052563,126595,170369
UKCHLL037,annotation_3_vs_weighted,annotation_3.nii.gz,weighted,1,pancreas,0.7902319330137624,nan,0.7901192553471695,121414,285551087,38318,26141
UKCHLL037,annotation_3_vs_weighted,annotation_3.nii.gz,weighted,2,kidney,0.9292345330087729,nan,0.9291132371098146,455035,285212619,15397,53909
UKCHLL037,annotation_3_vs_weighted,annotation_3.nii.gz,weighted,3,liver,0.9663983084892034,nan,0.9660948709604544,2471770,283093303,120998,50889
UKCHLL038,annotation_1_vs_annotation_2,annotation_1.nii.gz,annotation_2.nii.gz,0,background,0.9996359152154999,nan,0.9726329418010775,248995524,3267771,121955,59422
UKCHLL038,annotation_1_vs_annotation_2,annotation_1.nii.gz,annotation_2.nii.gz,1,pancreas,0.9282290227885305,nan,0.9281887802982207,131382,252292973,6959,13358
UKCHLL038,annotation_1_vs_annotation_2,annotation_1.nii.gz,annotation_2.nii.gz,2,kidney,0.9631402108689964,nan,0.9630667024764464,484016,251923609,11487,25560
UKCHLL038,annotation_1_vs_annotation_2,annotation_1.nii.gz,annotation_2.nii.gz,3,liver,0.9771562893103194,nan,0.9769080105101678,2652373,249668286,40976,83037
UKCHLL038,annotation_1_vs_annotation_3,annotation_1.nii.gz,annotation_3.nii.gz,0,background,0.9995706926980783,nan,0.9680304913557566,248947776,3283054,169703,44139
UKCHLL038,annotation_1_vs_annotation_3,annotation_1.nii.gz,annotation_3.nii.gz,1,pancreas,0.9207403162000084,nan,0.9206954192066189,131734,252290258,6607,16073
UKCHLL038,annotation_1_vs_annotation_3,annotation_1.nii.gz,annotation_3.nii.gz,2,kidney,0.9522133013592887,nan,0.9521165692116846,486023,251909867,9480,39302
UKCHLL038,annotation_1_vs_annotation_3,annotation_1.nii.gz,annotation_3.nii.gz,3,liver,0.9739848937707359,nan,0.9736998726162085,2665297,249636995,28052,114328
UKCHLL038,annotation_1_vs_weighted,annotation_1.nii.gz,weighted,0,background,0.9992927681399404,nan,0.9470893938649871,248894218,3198153,223261,129040
UKCHLL038,annotation_1_vs_weighted,annotation_1.nii.gz,weighted,1,pancreas,0.7180155901359065,nan,0.7178834651076444,86723,252289832,51618,16499
UKCHLL038,annotation_1_vs_weighted,annotation_1.nii.gz,weighted,2,kidney,0.8780801116900314,nan,0.8778142558219522,488058,251821082,7445,128087
UKCHLL038,annotation_1_vs_weighted,annotation_1.nii.gz,weighted,3,liver,0.9724483615289776,nan,0.9721507571033627,2623372,249672648,69977,78675
UKCHLL038,annotation_2_vs_annotation_3,annotation_2.nii.gz,annotation_3.nii.gz,0,background,0.9997668311777594,nan,0.9827950882071337,248965366,3363177,89580,26549
UKCHLL038,annotation_2_vs_annotation_3,annotation_2.nii.gz,annotation_3.nii.gz,1,pancreas,0.9646108146725142,nan,0.96459029955725,141097,252293222,3643,6710
UKCHLL038,annotation_2_vs_annotation_3,annotation_2.nii.gz,annotation_3.nii.gz,2,kidney,0.9723268215993607,nan,0.9722699949613295,503131,251912902,6445,22194
UKCHLL038,annotation_2_vs_annotation_3,annotation_2.nii.gz,annotation_3.nii.gz,3,liver,0.9860133253914073,nan,0.9858588681318521,2718949,249648586,16461,60676
UKCHLL038,annotation_2_vs_weighted,annotation_2.nii.gz,weighted,0,background,0.999292299889517,nan,0.9475403326357347,248862857,3229325,192089,160401
UKCHLL038,annotation_2_vs_weighted,annotation_2.nii.gz,weighted,1,pancreas,0.7356369121075004,nan,0.735510657373607,91205,252287915,53535,12017
UKCHLL038,annotation_2_vs_weighted,annotation_2.nii.gz,weighted,2,kidney,0.8867561322921044,nan,0.8865053480119476,499120,251818071,10456,117025
UKCHLL038,annotation_2_vs_weighted,annotation_2.nii.gz,weighted,3,liver,0.9706743428039982,nan,0.9703550909689248,2639000,249646215,96410,63047
UKCHLL038,annotation_3_vs_weighted,annotation_3.nii.gz,weighted,0,background,0.999251763761021,nan,0.9450440794316556,248821270,3250769,170645,201988
UKCHLL038,annotation_3_vs_weighted,annotation_3.nii.gz,weighted,1,pancreas,0.7376677595018902,nan,0.7375413825142271,92588,252286231,55219,10634
UKCHLL038,annotation_3_vs_weighted,annotation_3.nii.gz,weighted,2,kidney,0.8933708288435088,nan,0.8931307449284205,509878,251813080,15447,106267
UKCHLL038,annotation_3_vs_weighted,annotation_3.nii.gz,weighted,3,liver,0.9662391328777059,nan,0.9658686369133134,2648303,249611303,131322,53744
UKCHLL039,annotation_1_vs_annotation_2,annotation_1.nii.gz,annotation_2.nii.gz,0,background,0.9997096526396516,nan,0.9700784555664936,259005830,2463435,84381,66066
UKCHLL039,annotation_1_vs_annotation_2,annotation_1.nii.gz,annotation_2.nii.gz,1,pancreas,0.8933892249070711,nan,0.8933414025523075,105390,261489169,3723,21430
UKCHLL039,annotation_1_vs_annotation_2,annotation_1.nii.gz,annotation_2.nii.gz,2,kidney,0.9566633933735993,nan,0.9566017433805345,355587,261231909,20310,11906
UKCHLL039,annotation_1_vs_annotation_2,annotation_1.nii.gz,annotation_2.nii.gz,3,liver,0.977234715326572,nan,0.9770550118009576,2002351,259524069,42140,51152
UKCHLL039,annotation_1_vs_annotation_3,annotation_1.nii.gz,annotation_3.nii.gz,0,background,0.9996866513990059,nan,0.9678971986701623,258984922,2472434,105289,57067
UKCHLL039,annotation_1_vs_annotation_3,annotation_1.nii.gz,annotation_3.nii.gz,1,pancreas,0.9135719881347428,nan,0.9135344990841561,103790,261496284,5323,14315
UKCHLL039,annotation_1_vs_annotation_3,annotation_1.nii.gz,annotation_3.nii.gz,2,kidney,0.9580106219656735,nan,0.957950004636128,361307,261226733,14590,17082
UKCHLL039,annotation_1_vs_annotation_3,annotation_1.nii.gz,annotation_3.nii.gz,3,liver,0.9729244834840949,nan,0.9727093146852094,2007007,259500999,37484,74222
UKCHLL039,annotation_1_vs_weighted,annotation_1.nii.gz,weighted,0,background,0.9995142982523006,nan,0.9501332291590537,258945709,2422340,144502,107161
UKCHLL039,annotation_1_vs_weighted,annotation_1.nii.gz,weighted,1,pancreas,0.6901202334220589,nan,0.6899640903471699,95023,261439354,14090,71245
UKCHLL039,annotation_1_vs_weighted,annotation_1.nii.gz,weighted,2,kidney,0.9401048085199184,nan,0.9400160492966997,364261,261209036,11636,34779
UKCHLL039,annotation_1_vs_weighted,annotation_1.nii.gz,weighted,3,liver,0.9701803622073517,nan,0.9699480069921806,1962687,259536374,81804,38847
UKCHLL039,annotation_2_vs_annotation_3,annotation_2.nii.gz,annotation_3.nii.gz,0,background,0.9996722400134094,nan,0.9665407113607783,258972034,2477861,99862,69955
UKCHLL039,annotation_2_vs_annotation_3,annotation_2.nii.gz,annotation_3.nii.gz,1,pancreas,0.9103684801469838,nan,0.9103265577323256,111486,261486273,15334,6619
UKCHLL039,annotation_2_vs_annotation_3,annotation_2.nii.gz,annotation_3.nii.gz,2,kidney,0.947101552256255,nan,0.9470260535851334,353213,261227043,14280,25176
UKCHLL039,annotation_2_vs_annotation_3,annotation_2.nii.gz,annotation_3.nii.gz,3,liver,0.9735992562516749,nan,0.9733889806480263,2012786,259497766,40717,68443
UKCHLL039,annotation_2_vs_weighted,annotation_2.nii.gz,weighted,0,background,0.9995260253589191,nan,0.9515114824269347,258939594,2434540,132302,113276
UKCHLL039,annotation_2_vs_weighted,annotation_2.nii.gz,weighted,1,pancreas,0.7246219565454743,nan,0.7244704169402143,106189,261432813,20631,60079
UKCHLL039,annotation_2_vs_weighted,annotation_2.nii.gz,weighted,2,kidney,0.9314745744801594,nan,0.9313742096536819,357003,261210182,10490,42037
UKCHLL039,annotation_2_vs_weighted,annotation_2.nii.gz,weighted,3,liver,0.9720794162913926,nan,0.9718613815013134,1970909,259535584,82594,30625
UKCHLL039,annotation_3_vs_weighted,annotation_3.nii.gz,weighted,0,background,0.9994953954947466,nan,0.9486780789146655,258916713,2441566,125276,136157
UKCHLL039,annotation_3_vs_weighted,annotation_3.nii.gz,weighted,1,pancreas,0.7145474429710275,nan,0.7143966742017186,101599,261436938,16506,64669
UKCHLL039,annotation_3_vs_weighted,annotation_3.nii.gz,weighted,2,kidney,0.9361317882404695,nan,0.9360368188205846,363888,261206171,14501,35152
UKCHLL039,annotation_3_vs_weighted,annotation_3.nii.gz,weighted,3,liver,0.9678671037236303,nan,0.9676145005504413,1975786,259512735,105443,25748
UKCHLL041,annotation_1_vs_annotation_2,annotation_1.nii.gz,annotation_2.nii.gz,0,background,0.9996313280005367,nan,0.9692122628652828,160006033,1880936,82995,35028
UKCHLL041,annotation_1_vs_annotation_2,annotation_1.nii.gz,annotation_2.nii.gz,1,pancreas,0.9142911148652639,nan,0.9142240225574353,116088,161867139,5211,16554
UKCHLL041,annotation_1_vs_annotation_2,annotation_1.nii.gz,annotation_2.nii.gz,2,kidney,0.9632100033440023,nan,0.9631338109156511,322606,161657742,6320,18324
UKCHLL041,annotation_1_vs_annotation_2,annotation_1.nii.gz,annotation_2.nii.gz,3,liver,0.9755982379474564,nan,0.9753735748814569,1441982,160490876,23757,48377
UKCHLL041,annotation_1_vs_annotation_3,annotation_1.nii.gz,annotation_3.nii.gz,0,background,0.99960940042234,nan,0.9669155465270123,160029807,1850121,59221,65843
UKCHLL041,annotation_1_vs_annotation_3,annotation_1.nii.gz,annotation_3.nii.gz,1,pancreas,0.9270919053034219,nan,0.9270374502273615,112097,161875264,9202,8429
UKCHLL041,annotation_1_vs_annotation_3,annotation_1.nii.gz,annotation_3.nii.gz,2,kidney,0.9562564264750145,nan,0.9561678853518484,312944,161663417,15982,12649
UKCHLL041,annotation_1_vs_annotation_3,annotation_1.nii.gz,annotation_3.nii.gz,3,liver,0.9728914202369303,nan,0.9726441308132764,1424781,160500811,40958,38442
UKCHLL041,annotation_1_vs_weighted,annotation_1.nii.gz,weighted,0,background,0.9992912730343096,nan,0.9400694231789561,159975694,1802379,113334,113585
UKCHLL041,annotation_1_vs_weighted,annotation_1.nii.gz,weighted,1,pancreas,0.7871096864733838,nan,0.7869449327651258,98713,161852881,22586,30812
UKCHLL041,annotation_1_vs_weighted,annotation_1.nii.gz,weighted,2,kidney,0.9365033982604506,nan,0.9363683583414628,322639,161638602,6287,37464
UKCHLL041,annotation_1_vs_weighted,annotation_1.nii.gz,weighted,3,liver,0.9549391664222996,nan,0.9545334488590203,1380758,160493926,84981,45327
UKCHLL041,annotation_2_vs_annotation_3,annotation_2.nii.gz,annotation_3.nii.gz,0,background,0.9997037421928159,nan,0.9752172757566477,160020934,1889215,20127,74716
UKCHLL041,annotation_2_vs_annotation_3,annotation_2.nii.gz,annotation_3.nii.gz,1,pancreas,0.9391155280288188,nan,0.9390680273482835,118877,161870701,13765,1649
UKCHLL041,annotation_2_vs_annotation_3,annotation_2.nii.gz,annotation_3.nii.gz,2,kidney,0.962340384352828,nan,0.9622627960136818,320711,161659180,20219,4882
UKCHLL041,annotation_2_vs_annotation_3,annotation_2.nii.gz,annotation_3.nii.gz,3,liver,0.9813595830418793,nan,0.9811881137622327,1449263,160500673,41096,13960
UKCHLL041,annotation_2_vs_weighted,annotation_2.nii.gz,weighted,0,background,0.9993259745389956,nan,0.9437086057343673,159957282,1831934,83779,131997
UKCHLL041,annotation_2_vs_weighted,annotation_2.nii.gz,weighted,1,pancreas,0.8272665896165421,nan,0.8271267320141885,108441,161851266,24201,21084
UKCHLL041,annotation_2_vs_weighted,annotation_2.nii.gz,weighted,2,kidney,0.9420612153778781,nan,0.9419356804911337,330208,161634167,10722,29895
UKCHLL041,annotation_2_vs_weighted,annotation_2.nii.gz,weighted,3,liver,0.9552276676665145,nan,0.9548212066577565,1392934,160481482,97425,33151
UKCHLL041,annotation_3_vs_weighted,annotation_3.nii.gz,weighted,0,background,0.9993496477156175,nan,0.9449104323275176,159988348,1808411,107302,100931
UKCHLL041,annotation_3_vs_weighted,annotation_3.nii.gz,weighted,1,pancreas,0.8039080027674355,nan,0.8037567504373034,100509,161855450,20017,29016
UKCHLL041,annotation_3_vs_weighted,annotation_3.nii.gz,weighted,2,kidney,0.9394075508680232,nan,0.9392793744832207,322074,161641370,3519,38029
UKCHLL041,annotation_3_vs_weighted,annotation_3.nii.gz,weighted,3,liver,0.9591625399576647,nan,0.9587951630199446,1385658,160501342,77565,40427
UKCHLL042,annotation_1_vs_annotation_2,annotation_1.nii.gz,annotation_2.nii.gz,0,background,0.9996521475839867,nan,0.9720248210113669,268110965,3283628,128823,57768
UKCHLL042,annotation_1_vs_annotation_2,annotation_1.nii.gz,annotation_2.nii.gz,1,pancreas,0.9014149145528512,nan,0.9013683142099663,115885,271439951,7056,18292
UKCHLL042,annotation_1_vs_annotation_2,annotation_1.nii.gz,annotation_2.nii.gz,2,kidney,0.9601856916603209,nan,0.9601035390461189,537149,270999489,11779,32767
UKCHLL042,annotation_1_vs_annotation_2,annotation_1.nii.gz,annotation_2.nii.gz,3,liver,0.9782909080428458,nan,0.9780738269331295,2630568,268833867,38959,77790
UKCHLL042,annotation_1_vs_annotation_3,annotation_1.nii.gz,annotation_3.nii.gz,0,background,0.9996030580025036,nan,0.9682671893255341,268077565,3290712,162223,50684
UKCHLL042,annotation_1_vs_annotation_3,annotation_1.nii.gz,annotation_3.nii.gz,1,pancreas,0.9101865341330867,nan,0.9101448844755298,114643,271443916,8298,14327
UKCHLL042,annotation_1_vs_annotation_3,annotation_1.nii.gz,annotation_3.nii.gz,2,kidney,0.9528196721894396,nan,0.9527218132303732,535922,270992188,13006,40068
UKCHLL042,annotation_1_vs_annotation_3,annotation_1.nii.gz,annotation_3.nii.gz,3,liver,0.9746359115326584,nan,0.9743804355518028,2640046,268803728,29481,107929
UKCHLL042,annotation_1_vs_weighted,annotation_1.nii.gz,weighted,0,background,0.9989893635754507,nan,0.9221574472186386,267784443,3254928,455345,86468
UKCHLL042,annotation_1_vs_weighted,annotation_1.nii.gz,weighted,1,pancreas,0.8402989161709203,nan,0.8402248386712287,105868,271435075,17073,23168
UKCHLL042,annotation_1_vs_weighted,annotation_1.nii.gz,weighted,2,kidney,0.8324042459384664,nan,0.8320150284276066,535248,270830403,13680,201853
UKCHLL042,annotation_1_vs_weighted,annotation_1.nii.gz,weighted,3,liver,0.9481098137481381,nan,0.947578211744303,2613779,268681300,55748,230357
UKCHLL042,annotation_2_vs_annotation_3,annotation_2.nii.gz,annotation_3.nii.gz,0,background,0.9997993126875363,nan,0.984122415353988,268094677,3378879,74056,33572
UKCHLL042,annotation_2_vs_annotation_3,annotation_2.nii.gz,annotation_3.nii.gz,1,pancreas,0.9460871680087556,nan,0.9460610463236071,124480,271442517,9697,4490
UKCHLL042,annotation_2_vs_annotation_3,annotation_2.nii.gz,annotation_3.nii.gz,2,kidney,0.9818222437093443,nan,0.9817838142243074,562538,270997816,7378,13452
UKCHLL042,annotation_2_vs_annotation_3,annotation_2.nii.gz,annotation_3.nii.gz,3,liver,0.9866853800895217,nan,0.986550278144447,2691842,268816693,16516,56133
UKCHLL042,annotation_2_vs_weighted,annotation_2.nii.gz,weighted,0,background,0.9989750646129449,nan,0.9218426266050128,267745119,3286659,423614,125792
UKCHLL042,annotation_2_vs_weighted,annotation_2.nii.gz,weighted,1,pancreas,0.8468578679624487,nan,0.8467836486257196,111452,271429423,22725,17584
UKCHLL042,annotation_2_vs_weighted,annotation_2.nii.gz,weighted,2,kidney,0.8366700662653968,nan,0.8362825571841955,546771,270820938,23145,190330
UKCHLL042,annotation_2_vs_weighted,annotation_2.nii.gz,weighted,3,liver,0.9466798163131739,nan,0.9461294522840691,2628217,268656907,80141,215919
UKCHLL042,annotation_3_vs_weighted,annotation_3.nii.gz,weighted,0,background,0.998970330475891,nan,0.9219249125847598,267723629,3305653,404620,147282
UKCHLL042,annotation_3_vs_weighted,annotation_3.nii.gz,weighted,1,pancreas,0.8514685704983606,nan,0.8513979834849047,109842,271433020,19128,19194
UKCHLL042,annotation_3_vs_weighted,annotation_3.nii.gz,weighted,2,kidney,0.8338888926966981,nan,0.8334924216822298,547486,270815579,28504,189615
UKCHLL042,annotation_3_vs_weighted,annotation_3.nii.gz,weighted,3,liver,0.9470623884254086,nan,0.9465118658660636,2648039,268637112,99936,196097
UKCHLL043,annotation_1_vs_annotation_2,annotation_1.nii.gz,annotation_2.nii.gz,0,background,0.9992087671088714,nan,0.95906050187444,155408895,2942101,185400,60724
UKCHLL043,annotation_1_vs_annotation_2,annotation_1.nii.gz,annotation_2.nii.gz,1,pancreas,0.8835877756303504,nan,0.8834565797643059,158642,158396676,7460,34342
UKCHLL043,annotation_1_vs_annotation_2,annotation_1.nii.gz,annotation_2.nii.gz,2,kidney,0.9469671590485841,nan,0.9468059810345649,455102,158091044,21140,29834
UKCHLL043,annotation_1_vs_annotation_2,annotation_1.nii.gz,annotation_2.nii.gz,3,liver,0.967436178577324,nan,0.9669349386346517,2326714,156113772,33767,122867
UKCHLL043,annotation_1_vs_annotation_3,annotation_1.nii.gz,annotation_3.nii.gz,0,background,0.9993392465631254,nan,0.9656806985136458,155440872,2950696,153423,52129
UKCHLL043,annotation_1_vs_annotation_3,annotation_1.nii.gz,annotation_3.nii.gz,1,pancreas,0.9226093787840305,nan,0.9225267081496845,156195,158414721,9907,16297
UKCHLL043,annotation_1_vs_annotation_3,annotation_1.nii.gz,annotation_3.nii.gz,2,kidney,0.9550652064419719,nan,0.9549286723040478,458884,158095056,17358,25822
UKCHLL043,annotation_1_vs_annotation_3,annotation_1.nii.gz,annotation_3.nii.gz,3,liver,0.9710804297206682,nan,0.970635525059053,2334187,156123905,26294,112734
UKCHLL043,annotation_1_vs_weighted,annotation_1.nii.gz,weighted,0,background,0.9987293597975997,nan,0.934902069622291,155303947,2898000,290348,104825
UKCHLL043,annotation_1_vs_weighted,annotation_1.nii.gz,weighted,1,pancreas,0.8089996923933264,nan,0.8087940758573537,138074,158393849,28028,37169
UKCHLL043,annotation_1_vs_weighted,annotation_1.nii.gz,weighted,2,kidney,0.8489175026310385,nan,0.8484011099392279,467043,157963837,9199,157041
UKCHLL043,annotation_1_vs_weighted,annotation_1.nii.gz,weighted,3,liver,0.9651378186597247,nan,0.9646078947718284,2291962,156139580,68519,97059
UKCHLL043,annotation_2_vs_annotation_3,annotation_2.nii.gz,annotation_3.nii.gz,0,background,0.9995027762500843,nan,0.9746909367118985,155404001,3038501,65618,89000
UKCHLL043,annotation_2_vs_annotation_3,annotation_2.nii.gz,annotation_3.nii.gz,1,pancreas,0.9178277096170474,nan,0.9177332185825078,167722,158399366,25262,4770
UKCHLL043,annotation_2_vs_annotation_3,annotation_2.nii.gz,annotation_3.nii.gz,2,kidney,0.9611609233098402,nan,0.961041830746793,465991,158093469,18945,18715
UKCHLL043,annotation_2_vs_annotation_3,annotation_2.nii.gz,annotation_3.nii.gz,3,liver,0.9814479806196342,nan,0.9811571044405337,2402831,156103449,46750,44090
UKCHLL043,annotation_2_vs_weighted,annotation_2.nii.gz,weighted,0,background,0.9987603737951667,nan,0.9377436746042807,155246509,2965238,223110,162263
UKCHLL043,annotation_2_vs_weighted,annotation_2.nii.gz,weighted,1,pancreas,0.8280815909751322,nan,0.8278822453429517,152461,158381354,40523,22782
UKCHLL043,annotation_2_vs_weighted,annotation_2.nii.gz,weighted,2,kidney,0.8536942525833618,nan,0.8531890316949219,473382,157961482,11554,150702
UKCHLL043,annotation_2_vs_weighted,annotation_2.nii.gz,weighted,3,liver,0.9666312707678788,nan,0.9661144486070442,2338572,156097090,111009,50449
UKCHLL043,annotation_3_vs_weighted,annotation_3.nii.gz,weighted,0,background,0.9989051236449527,nan,0.94480905280538,155280687,2976034,212314,128085
UKCHLL043,annotation_3_vs_weighted,annotation_3.nii.gz,weighted,1,pancreas,0.8274864480135735,nan,0.8272971284522201,143873,158393258,28619,31370
UKCHLL043,annotation_3_vs_weighted,annotation_3.nii.gz,weighted,2,kidney,0.8622299984667972,nan,0.8617543805332343,478016,157966346,6690,146068
UKCHLL043,annotation_3_vs_weighted,annotation_3.nii.gz,weighted,3,liver,0.9730559216797886,nan,0.9726388332486181,2352821,156113999,94100,36200
UKCHLL045,annotation_1_vs_annotation_2,annotation_1.nii.gz,annotation_2.nii.gz,0,background,0.9996339140631579,nan,0.9662510196711422,263612033,2795335,177666,15414
UKCHLL045,annotation_1_vs_annotation_2,annotation_1.nii.gz,annotation_2.nii.gz,1,pancreas,0.921041770593703,nan,0.9210005418906048,128320,266450127,5917,16084
UKCHLL045,annotation_1_vs_annotation_2,annotation_1.nii.gz,annotation_2.nii.gz,2,kidney,0.9443922309491461,nan,0.944304619407641,396912,266156794,3841,42901
UKCHLL045,annotation_1_vs_annotation_2,annotation_1.nii.gz,annotation_2.nii.gz,3,liver,0.9733215022350529,nan,0.9730861933651531,2270050,264205955,5709,118734
UKCHLL045,annotation_1_vs_annotation_3,annotation_1.nii.gz,annotation_3.nii.gz,0,background,0.9996127308713935,nan,0.9641762043555108,263616283,2779905,173416,30844
UKCHLL045,annotation_1_vs_annotation_3,annotation_1.nii.gz,annotation_3.nii.gz,1,pancreas,0.9191353560057564,nan,0.9190946567154475,123268,266455490,10969,10721
UKCHLL045,annotation_1_vs_annotation_3,annotation_1.nii.gz,annotation_3.nii.gz,2,kidney,0.9543349079638915,nan,0.9542640155261309,394753,266167917,6000,31778
UKCHLL045,annotation_1_vs_annotation_3,annotation_1.nii.gz,annotation_3.nii.gz,3,liver,0.9689638775125521,nan,0.9686899072788037,2261833,264193721,13926,130968
UKCHLL045,annotation_1_vs_weighted,annotation_1.nii.gz,weighted,0,background,0.9994553465819567,nan,0.9496860601911702,263570860,2742322,218839,68427
UKCHLL045,annotation_1_vs_weighted,annotation_1.nii.gz,weighted,1,pancreas,0.7685858042276472,nan,0.7684704310477635,102117,266436838,32120,29373
UKCHLL045,annotation_1_vs_weighted,annotation_1.nii.gz,weighted,2,kidney,0.8921140313436471,nan,0.891934621442768,399213,266104679,1540,95016
UKCHLL045,annotation_1_vs_weighted,annotation_1.nii.gz,weighted,3,liver,0.971956329815161,nan,0.9717117296099328,2240943,264230190,34816,94499
UKCHLL045,annotation_2_vs_annotation_3,annotation_2.nii.gz,annotation_3.nii.gz,0,background,0.9997423088335756,nan,0.9768151066042914,263569350,2895224,58097,77777
UKCHLL045,annotation_2_vs_annotation_3,annotation_2.nii.gz,annotation_3.nii.gz,1,pancreas,0.9458068270394729,nan,0.9457785567501883,131653,266453708,12751,2336
UKCHLL045,annotation_2_vs_annotation_3,annotation_2.nii.gz,annotation_3.nii.gz,2,kidney,0.962709962786145,nan,0.9626492896732739,417019,266151123,22794,9512
UKCHLL045,annotation_2_vs_annotation_3,annotation_2.nii.gz,annotation_3.nii.gz,3,liver,0.9814620047536539,nan,0.9812942574078856,2346472,264165335,42312,46329
UKCHLL045,annotation_2_vs_weighted,annotation_2.nii.gz,weighted,0,background,0.9994676546387241,nan,0.9521672965961536,263493023,2826737,134424,146264
UKCHLL045,annotation_2_vs_weighted,annotation_2.nii.gz,weighted,1,pancreas,0.7906152362863998,nan,0.7905070759143376,109063,266433617,35341,22427
UKCHLL045,annotation_2_vs_weighted,annotation_2.nii.gz,weighted,2,kidney,0.9170122970915655,nan,0.9168671622750733,428264,266094670,11549,65965
UKCHLL045,annotation_2_vs_weighted,annotation_2.nii.gz,weighted,3,liver,0.9691471153158211,nan,0.9688713467536502,2289235,264165457,99549,46207
UKCHLL045,annotation_3_vs_weighted,annotation_3.nii.gz,weighted,0,background,0.9994736181463609,nan,0.9525457562527458,263504430,2818464,142697,134857
UKCHLL045,annotation_3_vs_weighted,annotation_3.nii.gz,weighted,1,pancreas,0.7863446826302646,nan,0.7862382607829559,104379,266439348,29610,27111
UKCHLL045,annotation_3_vs_weighted,annotation_3.nii.gz,weighted,2,kidney,0.9141709022981016,nan,0.9140232355878678,420866,266100554,5665,73363
UKCHLL045,annotation_3_vs_weighted,annotation_3.nii.gz,weighted,3,liver,0.9699607232538598,nan,0.969692001854617,2293105,264165310,99696,42337
UKCHLL046,annotation_1_vs_annotation_2,annotation_1.nii.gz,annotation_2.nii.gz,0,background,0.9996599668933857,nan,0.9759305145670627,277212528,3879397,91412,97175
UKCHLL046,annotation_1_vs_annotation_2,annotation_1.nii.gz,annotation_2.nii.gz,1,pancreas,0.9282969639468691,nan,0.9282539511722521,156548,281099780,10906,13278
UKCHLL046,annotation_1_vs_annotation_2,annotation_1.nii.gz,annotation_2.nii.gz,2,kidney,0.9632261573397795,nan,0.9631402624214325,631375,280600928,26152,22057
UKCHLL046,annotation_1_vs_annotation_2,annotation_1.nii.gz,annotation_2.nii.gz,3,liver,0.9815539957664076,nan,0.9813451122253589,3091474,278072844,60117,56077
UKCHLL046,annotation_1_vs_annotation_3,annotation_1.nii.gz,annotation_3.nii.gz,0,background,0.9996710446989501,nan,0.9765451028680152,277244321,3853729,59619,122843
UKCHLL046,annotation_1_vs_annotation_3,annotation_1.nii.gz,annotation_3.nii.gz,1,pancreas,0.9278162337161797,nan,0.9277746390314577,150457,281106644,16997,6414
UKCHLL046,annotation_1_vs_annotation_3,annotation_1.nii.gz,annotation_3.nii.gz,2,kidney,0.9614347454141773,nan,0.9613450314937763,627677,280602480,29850,20505
UKCHLL046,annotation_1_vs_annotation_3,annotation_1.nii.gz,annotation_3.nii.gz,3,liver,0.9826361055137426,nan,0.9824407243893983,3075595,278096221,75996,32700
UKCHLL046,annotation_1_vs_weighted,annotation_1.nii.gz,weighted,0,background,0.9992591565420763,nan,0.9480432931942101,277064363,3805322,239577,171250
UKCHLL046,annotation_1_vs_weighted,annotation_1.nii.gz,weighted,1,pancreas,0.8081211199797289,nan,0.8080137716153818,127570,281092362,39884,20696
UKCHLL046,annotation_1_vs_weighted,annotation_1.nii.gz,weighted,2,kidney,0.9349606641001103,nan,0.9348018183830972,641872,280549338,15655,73647
UKCHLL046,annotation_1_vs_weighted,annotation_1.nii.gz,weighted,3,liver,0.9587940698327176,nan,0.9583249472528267,3035880,277983687,115711,145234
UKCHLL046,annotation_2_vs_annotation_3,annotation_2.nii.gz,annotation_3.nii.gz,0,background,0.999714083983964,nan,0.9795989494729663,277259138,3862783,50565,108026
UKCHLL046,annotation_2_vs_annotation_3,annotation_2.nii.gz,annotation_3.nii.gz,1,pancreas,0.9487200678304362,nan,0.9486903175284386,154972,281108787,14854,1899
UKCHLL046,annotation_2_vs_annotation_3,annotation_2.nii.gz,annotation_3.nii.gz,2,kidney,0.9595502199576833,nan,0.9594564145968829,624482,280603380,28950,23700
UKCHLL046,annotation_2_vs_annotation_3,annotation_2.nii.gz,annotation_3.nii.gz,3,liver,0.9857432551888266,nan,0.9855829394986233,3083329,278107995,64222,24966
UKCHLL046,annotation_2_vs_weighted,annotation_2.nii.gz,weighted,0,background,0.9992391676787691,nan,0.9466030846983146,277061700,3796896,248003,173913
UKCHLL046,annotation_2_vs_weighted,annotation_2.nii.gz,weighted,1,pancreas,0.8145127824654502,nan,0.8144083244311133,129545,281091965,40281,18721
UKCHLL046,annotation_2_vs_weighted,annotation_2.nii.gz,weighted,2,kidney,0.9286599739508573,nan,0.928486308585567,635645,280547206,17787,79874
UKCHLL046,annotation_2_vs_weighted,annotation_2.nii.gz,weighted,3,liver,0.9580870531146775,nan,0.9576101922300044,3031706,277983553,115845,149408
UKCHLL046,annotation_3_vs_weighted,annotation_3.nii.gz,weighted,0,background,0.9993548770131744,nan,0.9543970393111882,277122495,3800230,244669,113118
UKCHLL046,annotation_3_vs_weighted,annotation_3.nii.gz,weighted,1,pancreas,0.8337369771610784,nan,0.8336468177993308,127202,281102577,29669,21064
UKCHLL046,annotation_3_vs_weighted,annotation_3.nii.gz,weighted,2,kidney,0.9416844308246456,nan,0.9415430712191494,642088,280558899,6094,73431
UKCHLL046,annotation_3_vs_weighted,annotation_3.nii.gz,weighted,3,liver,0.9638234689459694,nan,0.9634144993911795,3030940,278022043,77355,150174
UKCHLL048,annotation_1_vs_annotation_2,annotation_1.nii.gz,annotation_2.nii.gz,0,background,0.999566799681061,nan,0.9585601752634144,229991337,2331040,118293,81058
UKCHLL048,annotation_1_vs_annotation_2,annotation_1.nii.gz,annotation_2.nii.gz,1,pancreas,0.8139006511167104,nan,0.8138170238209012,85438,232397219,12060,27011
UKCHLL048,annotation_1_vs_annotation_2,annotation_1.nii.gz,annotation_2.nii.gz,2,kidney,0.9284125519817019,nan,0.9282950705332791,353747,232113428,32042,22511
UKCHLL048,annotation_1_vs_annotation_2,annotation_1.nii.gz,annotation_2.nii.gz,3,liver,0.972396261978276,nan,0.9721634639295865,1891037,230523328,37774,69589
UKCHLL048,annotation_1_vs_annotation_3,annotation_1.nii.gz,annotation_3.nii.gz,0,background,0.9995814948995408,nan,0.9602109131593762,229979761,2349391,129869,62707
UKCHLL048,annotation_1_vs_annotation_3,annotation_1.nii.gz,annotation_3.nii.gz,1,pancreas,0.7948040921139827,nan,0.794718838031581,76759,232405335,20739,18895
UKCHLL048,annotation_1_vs_annotation_3,annotation_1.nii.gz,annotation_3.nii.gz,2,kidney,0.9501336901777561,nan,0.950048816040233,375604,232106698,10185,29241
UKCHLL048,annotation_1_vs_annotation_3,annotation_1.nii.gz,annotation_3.nii.gz,3,liver,0.9705674009333674,nan,0.9703180361540913,1896281,230510437,32530,82480
UKCHLL048,annotation_1_vs_weighted,annotation_1.nii.gz,weighted,0,background,0.9991451737689104,nan,0.9168604662784771,229934260,2194024,175370,218074
UKCHLL048,annotation_1_vs_weighted,annotation_1.nii.gz,weighted,1,pancreas,0.4249021661246762,nan,0.4247438041804853,30836,232407420,66662,16810
UKCHLL048,annotation_1_vs_weighted,annotation_1.nii.gz,weighted,2,kidney,0.8810861944243503,nan,0.880867677049001,380016,232039136,5773,96803
UKCHLL048,annotation_1_vs_weighted,annotation_1.nii.gz,weighted,3,liver,0.9442908096477235,nan,0.9438352686208561,1781754,230529742,147057,63175
UKCHLL048,annotation_2_vs_annotation_3,annotation_2.nii.gz,annotation_3.nii.gz,0,background,0.9997279701003704,nan,0.9743322942883974,229994849,2401714,77546,47619
UKCHLL048,annotation_2_vs_annotation_3,annotation_2.nii.gz,annotation_3.nii.gz,1,pancreas,0.8826686784909396,nan,0.8826164925006839,91843,232405468,20606,3811
UKCHLL048,annotation_2_vs_annotation_3,annotation_2.nii.gz,annotation_3.nii.gz,2,kidney,0.9501486999793881,nan,0.9500649396744815,371082,232111707,5176,33763
UKCHLL048,annotation_2_vs_annotation_3,annotation_2.nii.gz,annotation_3.nii.gz,3,liver,0.9841521028525504,nan,0.9840167111485106,1938478,230520819,22148,40283
UKCHLL048,annotation_2_vs_weighted,annotation_2.nii.gz,weighted,0,background,0.9990743152786994,nan,0.9106647084313001,229899353,2196352,173042,252981
UKCHLL048,annotation_2_vs_weighted,annotation_2.nii.gz,weighted,1,pancreas,0.4642993222773978,nan,0.4641450748404939,37166,232398799,75283,10480
UKCHLL048,annotation_2_vs_weighted,annotation_2.nii.gz,weighted,2,kidney,0.8627661981274843,nan,0.8625175043475986,368003,232036654,8255,108816
UKCHLL048,annotation_2_vs_weighted,annotation_2.nii.gz,weighted,3,liver,0.93981981603209,nan,0.9393237475722425,1788268,230504441,172358,56661
UKCHLL048,annotation_3_vs_weighted,annotation_3.nii.gz,weighted,0,background,0.9991238623334124,nan,0.9159684555090749,229895804,2222730,146664,256530
UKCHLL048,annotation_3_vs_weighted,annotation_3.nii.gz,weighted,1,pancreas,0.4609211444521982,nan,0.4607736346214525,33025,232411453,62629,14621
UKCHLL048,annotation_3_vs_weighted,annotation_3.nii.gz,weighted,2,kidney,0.8898764155052264,nan,0.8896686350615408,392286,232032350,12559,84533
UKCHLL048,annotation_3_vs_weighted,annotation_3.nii.gz,weighted,3,liver,0.9392241525855914,nan,0.938720919696562,1795651,230493689,183110,49278
UKCHLL049,annotation_1_vs_annotation_2,annotation_1.nii.gz,annotation_2.nii.gz,0,background,0.9994874073657158,nan,0.9668964341711368,223644858,3404595,162103,67292
UKCHLL049,annotation_1_vs_annotation_2,annotation_1.nii.gz,annotation_2.nii.gz,1,pancreas,0.7484458467401831,nan,0.748375012527912,47917,227198721,14477,17733
UKCHLL049,annotation_1_vs_annotation_2,annotation_1.nii.gz,annotation_2.nii.gz,2,kidney,0.9529062558572067,nan,0.9527910389634334,528741,226697845,16096,36166
UKCHLL049,annotation_1_vs_annotation_2,annotation_1.nii.gz,annotation_2.nii.gz,3,liver,0.9738554891681264,nan,0.9735175875756512,2824569,224302620,40087,111572
UKCHLL049,annotation_1_vs_annotation_3,annotation_1.nii.gz,annotation_3.nii.gz,0,background,0.9994096909141591,nan,0.9619287653423091,223622730,3391949,184231,79938
UKCHLL049,annotation_1_vs_annotation_3,annotation_1.nii.gz,annotation_3.nii.gz,1,pancreas,0.724898166199103,nan,0.7248217856287087,45736,227198398,16658,18056
UKCHLL049,annotation_1_vs_annotation_3,annotation_1.nii.gz,annotation_3.nii.gz,2,kidney,0.9456904229934633,nan,0.9455564464837343,529293,226688762,15544,45249
UKCHLL049,annotation_1_vs_annotation_3,annotation_1.nii.gz,annotation_3.nii.gz,3,liver,0.9695083258911414,nan,0.9691141254695657,2812787,224289133,51869,125059
UKCHLL049,annotation_1_vs_weighted,annotation_1.nii.gz,weighted,0,background,0.9986911170719078,nan,0.912676713212435,223579177,3113626,227784,358261
UKCHLL049,annotation_1_vs_weighted,annotation_1.nii.gz,weighted,1,pancreas,0.6564605285887027,nan,0.6563565828120786,45603,227185515,16791,30939
UKCHLL049,annotation_1_vs_weighted,annotation_1.nii.gz,weighted,2,kidney,0.8921197910065205,nan,0.8918499346047285,506774,226649510,38063,84501
UKCHLL049,annotation_1_vs_weighted,annotation_1.nii.gz,weighted,3,liver,0.9233232380848171,nan,0.9223786389904725,2556797,224297396,307859,116796
UKCHLL049,annotation_2_vs_annotation_3,annotation_2.nii.gz,annotation_3.nii.gz,0,background,0.9997819204995575,nan,0.9861218807773081,223658623,3522653,53527,44045
UKCHLL049,annotation_2_vs_annotation_3,annotation_2.nii.gz,annotation_3.nii.gz,1,pancreas,0.9277823272199132,nan,0.9277617605555002,60047,227209453,5603,3745
UKCHLL049,annotation_2_vs_annotation_3,annotation_2.nii.gz,annotation_3.nii.gz,2,kidney,0.9778779041448981,nan,0.9778223148665526,557121,226696520,7786,17421
UKCHLL049,annotation_2_vs_annotation_3,annotation_2.nii.gz,annotation_3.nii.gz,3,liver,0.9883630998842864,nan,0.9882107542724565,2902816,224307677,33325,35030
UKCHLL049,annotation_2_vs_weighted,annotation_2.nii.gz,weighted,0,background,0.9987890617694481,nan,0.9203208377715221,223553756,3183016,158394,383682
UKCHLL049,annotation_2_vs_weighted,annotation_2.nii.gz,weighted,1,pancreas,0.7628839878474176,nan,0.7628102269301136,54238,227190894,11412,22304
UKCHLL049,annotation_2_vs_weighted,annotation_2.nii.gz,weighted,2,kidney,0.9030844624808205,nan,0.902837454988058,522065,226644731,42842,69210
UKCHLL049,annotation_2_vs_weighted,annotation_2.nii.gz,weighted,3,liver,0.927368035632349,nan,0.9264624910746885,2601144,224270258,334997,72449
UKCHLL049,annotation_3_vs_weighted,annotation_3.nii.gz,weighted,0,background,0.9987805158816578,nan,0.9198686211903625,223547108,3185850,155560,390330
UKCHLL049,annotation_3_vs_weighted,annotation_3.nii.gz,weighted,1,pancreas,0.7502529679193923,nan,0.7501764774327543,52643,227191157,11149,23899
UKCHLL049,annotation_3_vs_weighted,annotation_3.nii.gz,weighted,2,kidney,0.9045862257970162,nan,0.9043409368300238,527291,226640322,47251,63984
UKCHLL049,annotation_3_vs_weighted,annotation_3.nii.gz,weighted,3,liver,0.9268549475455404,nan,0.9259427505658105,2600495,224267904,337351,73098
UKCHLL051,annotation_1_vs_annotation_2,annotation_1.nii.gz,annotation_2.nii.gz,0,background,0.999694754014053,nan,0.975407538480906,256740709,3149353,98106,58680
UKCHLL051,annotation_1_vs_annotation_2,annotation_1.nii.gz,annotation_2.nii.gz,1,pancreas,0.9309496523798609,nan,0.9309148796165304,121852,259906920,9124,8952
UKCHLL051,annotation_1_vs_annotation_2,annotation_1.nii.gz,annotation_2.nii.gz,2,kidney,0.9663510094525983,nan,0.9662752768416177,564521,259443013,8478,30836
UKCHLL051,annotation_1_vs_annotation_2,annotation_1.nii.gz,annotation_2.nii.gz,3,liver,0.9801335467576825,nan,0.9799397184715868,2462760,257484252,41298,58538
UKCHLL051,annotation_1_vs_annotation_3,annotation_1.nii.gz,annotation_3.nii.gz,0,background,0.9996514281563633,nan,0.9720265606228023,256716941,3150876,121874,57157
UKCHLL051,annotation_1_vs_annotation_3,annotation_1.nii.gz,annotation_3.nii.gz,1,pancreas,0.9277457421529726,nan,0.9277094171790721,121229,259906736,9747,9136
UKCHLL051,annotation_1_vs_annotation_3,annotation_1.nii.gz,annotation_3.nii.gz,2,kidney,0.9599963912405877,nan,0.9599058713768055,563959,259435888,9040,37961
UKCHLL051,annotation_1_vs_annotation_3,annotation_1.nii.gz,annotation_3.nii.gz,3,liver,0.9774315629049565,nan,0.9772105335005072,2465338,257467663,38720,75127
UKCHLL051,annotation_1_vs_weighted,annotation_1.nii.gz,weighted,0,background,0.9992631431375778,nan,0.9409921435111249,256610311,3058088,228504,149945
UKCHLL051,annotation_1_vs_weighted,annotation_1.nii.gz,weighted,1,pancreas,0.7115748110919609,nan,0.7114511059200183,81127,259899954,49849,15918
UKCHLL051,annotation_1_vs_weighted,annotation_1.nii.gz,weighted,2,kidney,0.8854581085620644,nan,0.8851802079354023,562756,259338497,10243,135352
UKCHLL051,annotation_1_vs_weighted,annotation_1.nii.gz,weighted,3,liver,0.9665204483157531,nan,0.9661957608624436,2414125,257465476,89933,77314
UKCHLL051,annotation_2_vs_annotation_3,annotation_2.nii.gz,annotation_3.nii.gz,0,background,0.9998603607822146,nan,0.9888614823524859,256750886,3224247,48503,23212
UKCHLL051,annotation_2_vs_annotation_3,annotation_2.nii.gz,annotation_3.nii.gz,1,pancreas,0.9717003166532016,nan,0.9716860986527914,126889,259912568,3915,3476
UKCHLL051,annotation_2_vs_annotation_3,annotation_2.nii.gz,annotation_3.nii.gz,2,kidney,0.9825913301600214,nan,0.9825511634302139,588217,259437788,7140,13703
UKCHLL051,annotation_2_vs_annotation_3,annotation_2.nii.gz,annotation_3.nii.gz,3,liver,0.9913028326296589,nan,0.991217357613936,2508870,257493955,12428,31595
UKCHLL051,annotation_2_vs_weighted,annotation_2.nii.gz,weighted,0,background,0.9993284966929207,nan,0.9465500839415002,256607394,3094597,191995,152862
UKCHLL051,annotation_2_vs_weighted,annotation_2.nii.gz,weighted,1,pancreas,0.7233738133588473,nan,0.7232552351521392,82410,259901409,48394,14635
UKCHLL051,annotation_2_vs_weighted,annotation_2.nii.gz,weighted,2,kidney,0.8962871047921668,nan,0.896030165127317,579658,259333041,15699,118450
UKCHLL051,annotation_2_vs_weighted,annotation_2.nii.gz,weighted,3,liver,0.9704945621523731,nan,0.9702074272883453,2432417,257466528,88881,59022
UKCHLL051,annotation_3_vs_weighted,annotation_3.nii.gz,weighted,0,background,0.9993075711542367,nan,0.9450969537606706,256589384,3101878,184714,170872
UKCHLL051,annotation_3_vs_weighted,annotation_3.nii.gz,weighted,1,pancreas,0.7234422408865046,nan,0.7233238618715209,82259,259901697,48106,14786
UKCHLL051,annotation_3_vs_weighted,annotation_3.nii.gz,weighted,2,kidney,0.8960068552369641,nan,0.8957476923788067,582417,259329237,19503,115691
UKCHLL051,annotation_3_vs_weighted,annotation_3.nii.gz,weighted,3,liver,0.9686309595731556,nan,0.9683245286316896,2437029,257451973,103436,54410
UKCHLL052,annotation_1_vs_annotation_2,annotation_1.nii.gz,annotation_2.nii.gz,0,background,0.9997186167401982,nan,0.9833194558276219,255845843,4319127,53913,90109
UKCHLL052,annotation_1_vs_annotation_2,annotation_1.nii.gz,annotation_2.nii.gz,1,pancreas,0.9326780174741592,nan,0.932647141866927,111393,260181518,4520,11561
UKCHLL052,annotation_1_vs_annotation_2,annotation_1.nii.gz,annotation_2.nii.gz,2,kidney,0.9676899766032598,nan,0.9676281337452203,481224,259795633,15897,16238
UKCHLL052,annotation_1_vs_annotation_2,annotation_1.nii.gz,annotation_2.nii.gz,3,liver,0.9873039860767754,nan,0.9871171949637162,3726493,256486659,69709,26131
UKCHLL052,annotation_1_vs_annotation_3,annotation_1.nii.gz,annotation_3.nii.gz,0,background,0.9998204556546002,nan,0.9893915486416481,255857407,4359693,42349,49543
UKCHLL052,annotation_1_vs_annotation_3,annotation_1.nii.gz,annotation_3.nii.gz,1,pancreas,0.9638920269761391,nan,0.9638758130662965,112625,260187929,3288,5150
UKCHLL052,annotation_1_vs_annotation_3,annotation_1.nii.gz,annotation_3.nii.gz,2,kidney,0.9773268875872583,nan,0.9772833831406385,487217,259799169,9904,12702
UKCHLL052,annotation_1_vs_annotation_3,annotation_1.nii.gz,annotation_3.nii.gz,3,liver,0.9919689204609164,nan,0.9918502549505709,3759835,256488277,36367,24513
UKCHLL052,annotation_1_vs_weighted,annotation_1.nii.gz,weighted,0,background,0.9990264470004963,nan,0.9417573865059808,255708628,4101987,191128,307249
UKCHLL052,annotation_1_vs_weighted,annotation_1.nii.gz,weighted,1,pancreas,0.747120541660206,nan,0.7469990604479686,93959,260151428,21954,41651
UKCHLL052,annotation_1_vs_weighted,annotation_1.nii.gz,weighted,2,kidney,0.8802535705021891,nan,0.8800191389807362,447954,259739162,49167,72709
UKCHLL052,annotation_1_vs_weighted,annotation_1.nii.gz,weighted,3,liver,0.9578899304241977,nan,0.9572802865703344,3560019,256435967,236183,76823
UKCHLL052,annotation_2_vs_annotation_3,annotation_2.nii.gz,annotation_3.nii.gz,0,background,0.999873457266386,nan,0.9924923310657906,255889066,4355156,46886,17884
UKCHLL052,annotation_2_vs_annotation_3,annotation_2.nii.gz,annotation_3.nii.gz,1,pancreas,0.9623933967241172,nan,0.9623760077858762,115838,260184101,7116,1937
UKCHLL052,annotation_2_vs_annotation_3,annotation_2.nii.gz,annotation_3.nii.gz,2,kidney,0.9862750543673882,nan,0.9862487103065746,491846,259803457,5616,8073
UKCHLL052,annotation_2_vs_annotation_3,annotation_2.nii.gz,annotation_3.nii.gz,3,liver,0.9944237553224292,nan,0.9943418438045939,3747472,256519492,5152,36876
UKCHLL052,annotation_2_vs_weighted,annotation_2.nii.gz,weighted,0,background,0.9989944893819297,nan,0.9395941848326228,255718528,4075691,217424,297349
UKCHLL052,annotation_2_vs_weighted,annotation_2.nii.gz,weighted,1,pancreas,0.7522470258814066,nan,0.7521242137552513,97252,260147680,25702,38358
UKCHLL052,annotation_2_vs_weighted,annotation_2.nii.gz,weighted,2,kidney,0.868421853898097,nan,0.8681641684973126,442081,259732948,55381,78582
UKCHLL052,annotation_2_vs_weighted,annotation_2.nii.gz,weighted,3,liver,0.9571113799021472,nan,0.9564940231823342,3536271,256455797,216353,100571
UKCHLL052,annotation_3_vs_weighted,annotation_3.nii.gz,weighted,0,background,0.9990206629328525,nan,0.9413628609014799,255710741,4096906,196209,305136
UKCHLL052,annotation_3_vs_weighted,annotation_3.nii.gz,weighted,1,pancreas,0.7495865974702528,nan,0.7494652662132828,94967,260150574,22808,40643
UKCHLL052,annotation_3_vs_weighted,annotation_3.nii.gz,weighted,2,kidney,0.877422882237782,nan,0.8771822185716754,447741,259736151,52178,72922
UKCHLL052,annotation_3_vs_weighted,annotation_3.nii.gz,weighted,3,liver,0.9578215892599435,nan,0.9572119039419493,3554088,256441890,230260,82754
UKCHLL053,annotation_1_vs_annotation_2,annotation_1.nii.gz,annotation_2.nii.gz,0,background,0.9998398344345171,nan,0.9868290360998073,246745729,2998450,36745,42308
UKCHLL053,annotation_1_vs_annotation_2,annotation_1.nii.gz,annotation_2.nii.gz,1,pancreas,0.9533859461694868,nan,0.9533588831376151,138322,249671384,2460,11066
UKCHLL053,annotation_1_vs_annotation_2,annotation_1.nii.gz,annotation_2.nii.gz,2,kidney,0.9707616572489723,nan,0.9707115665913186,414805,249383440,16488,8499
UKCHLL053,annotation_1_vs_annotation_2,annotation_1.nii.gz,annotation_2.nii.gz,3,liver,0.9917788540119963,nan,0.9916969080170069,2445323,247337369,23360,17180
UKCHLL053,annotation_1_vs_annotation_3,annotation_1.nii.gz,annotation_3.nii.gz,0,background,0.9998609731343686,nan,0.9885749329875813,246748928,3005685,33546,35073
UKCHLL053,annotation_1_vs_annotation_3,annotation_1.nii.gz,annotation_3.nii.gz,1,pancreas,0.9651868187614934,nan,0.965167030827633,136988,249676362,3794,6088
UKCHLL053,annotation_1_vs_annotation_3,annotation_1.nii.gz,annotation_3.nii.gz,2,kidney,0.9758960371097483,nan,0.9758543135970288,421287,249381134,10006,10805
UKCHLL053,annotation_1_vs_annotation_3,annotation_1.nii.gz,annotation_3.nii.gz,3,liver,0.9923113819361468,nan,0.9922347194846765,2447410,247337896,21273,16653
UKCHLL053,annotation_1_vs_weighted,annotation_1.nii.gz,weighted,0,background,0.9994527758683358,nan,0.9551172473629929,246642269,2910878,140205,129880
UKCHLL053,annotation_1_vs_weighted,annotation_1.nii.gz,weighted,1,pancreas,0.916992580920023,nan,0.916945956476825,128605,249671344,12177,11106
UKCHLL053,annotation_1_vs_weighted,annotation_1.nii.gz,weighted,2,kidney,0.904556309777302,nan,0.9043784388736213,422895,249311094,8398,80845
UKCHLL053,annotation_1_vs_weighted,annotation_1.nii.gz,weighted,3,liver,0.9676889208346877,nan,0.9673705223624118,2359378,247306295,109305,48254
UKCHLL053,annotation_2_vs_annotation_3,annotation_2.nii.gz,annotation_3.nii.gz,0,background,0.999867723462892,nan,0.9891197121049596,246753375,3004569,34662,30626
UKCHLL053,annotation_2_vs_annotation_3,annotation_2.nii.gz,annotation_3.nii.gz,1,pancreas,0.9581965643634772,nan,0.9581720921415359,140119,249670887,9269,2957
UKCHLL053,annotation_2_vs_annotation_3,annotation_2.nii.gz,annotation_3.nii.gz,2,kidney,0.9770001262573124,nan,0.9769606870588677,417861,249385697,5443,14231
UKCHLL053,annotation_2_vs_annotation_3,annotation_2.nii.gz,annotation_3.nii.gz,3,liver,0.9932228655822332,nan,0.9931553768946867,2446589,247343255,15914,17474
UKCHLL053,annotation_2_vs_weighted,annotation_2.nii.gz,weighted,0,background,0.9994220076738524,nan,0.9525503439522586,246637456,2900502,150581,134693
UKCHLL053,annotation_2_vs_weighted,annotation_2.nii.gz,weighted,1,pancreas,0.90626394418521,nan,0.9062097372753923,131000,249665133,18388,8711
UKCHLL053,annotation_2_vs_weighted,annotation_2.nii.gz,weighted,2,kidney,0.8934117474467231,nan,0.8932151103564966,414116,249310304,9188,89624
UKCHLL053,annotation_2_vs_weighted,annotation_2.nii.gz,weighted,3,liver,0.9672774984677016,nan,0.9669554487620479,2355386,247308483,107117,52246
UKCHLL053,annotation_3_vs_weighted,annotation_3.nii.gz,weighted,0,background,0.9994488975570459,nan,0.9547878197977944,246642075,2909157,141926,130074
UKCHLL053,annotation_3_vs_weighted,annotation_3.nii.gz,weighted,1,pancreas,0.9143348173713784,nan,0.9142863125060824,129281,249669726,13795,10430
UKCHLL053,annotation_3_vs_weighted,annotation_3.nii.gz,weighted,2,kidney,0.9015271971892391,nan,0.9013434978226704,421839,249309239,10253,81901
UKCHLL053,annotation_3_vs_weighted,annotation_3.nii.gz,weighted,3,liver,0.9680560872550519,nan,0.9677416008997379,2358037,247309574,106026,49595
UKCHLL054,annotation_1_vs_annotation_2,annotation_1.nii.gz,annotation_2.nii.gz,0,background,0.9998361291969795,nan,0.986795734349299,257554011,3194844,52183,32242
UKCHLL054,annotation_1_vs_annotation_2,annotation_1.nii.gz,annotation_2.nii.gz,1,pancreas,0.9609546209852857,nan,0.9609359765570409,119709,260703843,1652,8076
UKCHLL054,annotation_1_vs_annotation_2,annotation_1.nii.gz,annotation_2.nii.gz,2,kidney,0.9819271901165606,nan,0.981885814507695,585017,260226728,11474,10061
UKCHLL054,annotation_1_vs_annotation_2,annotation_1.nii.gz,annotation_2.nii.gz,3,liver,0.9894373542485613,nan,0.9893344465539273,2490116,258289998,19118,34048
UKCHLL054,annotation_1_vs_annotation_3,annotation_1.nii.gz,annotation_3.nii.gz,0,background,0.9999267291741663,nan,0.9940907537044904,257580242,3215289,25952,11797
UKCHLL054,annotation_1_vs_annotation_3,annotation_1.nii.gz,annotation_3.nii.gz,1,pancreas,0.985271669961,nan,0.9852647679948128,120380,260709301,981,2618
UKCHLL054,annotation_1_vs_annotation_3,annotation_1.nii.gz,annotation_3.nii.gz,2,kidney,0.9902907435751495,nan,0.990268391060795,593302,260228344,3189,8445
UKCHLL054,annotation_1_vs_annotation_3,annotation_1.nii.gz,annotation_3.nii.gz,3,liver,0.9955178650663684,nan,0.9954742642682873,2501602,258309152,7632,14894
UKCHLL054,annotation_1_vs_weighted,annotation_1.nii.gz,weighted,0,background,0.9991128390753202,nan,0.927602547921921,257408458,2967691,197736,259395
UKCHLL054,annotation_1_vs_weighted,annotation_1.nii.gz,weighted,1,pancreas,0.8012611706448992,nan,0.8011630119268823,103559,260678349,17802,33570
UKCHLL054,annotation_1_vs_weighted,annotation_1.nii.gz,weighted,2,kidney,0.9469326693013532,nan,0.9468072422183329,582963,260184977,13528,51812
UKCHLL054,annotation_1_vs_weighted,annotation_1.nii.gz,weighted,3,liver,0.9305596830518013,nan,0.929901243811372,2281154,258211677,228080,112369
UKCHLL054,annotation_2_vs_annotation_3,annotation_2.nii.gz,annotation_3.nii.gz,0,background,0.9998423574881529,nan,0.9873253037572708,257548539,3203527,37714,43500
UKCHLL054,annotation_2_vs_annotation_3,annotation_2.nii.gz,annotation_3.nii.gz,1,pancreas,0.9640286622298959,nan,0.9640113675642884,120881,260703378,6904,2117
UKCHLL054,annotation_2_vs_annotation_3,annotation_2.nii.gz,annotation_3.nii.gz,2,kidney,0.9831629519771061,nan,0.9831242362333812,588337,260224792,6741,13410
UKCHLL054,annotation_2_vs_annotation_3,annotation_2.nii.gz,annotation_3.nii.gz,3,liver,0.9896731777187908,nan,0.9895724203267124,2494303,258286923,29861,22193
UKCHLL054,annotation_2_vs_weighted,annotation_2.nii.gz,weighted,0,background,0.9990894706232579,nan,0.9259266779138923,257392476,2971650,193777,275377
UKCHLL054,annotation_2_vs_weighted,annotation_2.nii.gz,weighted,1,pancreas,0.8108669228504345,nan,0.8107709476376808,107405,260675771,20380,29724
UKCHLL054,annotation_2_vs_weighted,annotation_2.nii.gz,weighted,2,kidney,0.942528903860868,nan,0.9423932347476605,579586,260183013,15492,55189
UKCHLL054,annotation_2_vs_weighted,annotation_2.nii.gz,weighted,3,liver,0.9291522620288766,nan,0.9284785135227674,2284640,258200233,239524,108883
UKCHLL054,annotation_3_vs_weighted,annotation_3.nii.gz,weighted,0,background,0.9990926210107578,nan,0.9261162820118255,257396178,2969566,195861,271675
UKCHLL054,annotation_3_vs_weighted,annotation_3.nii.gz,weighted,1,pancreas,0.8034844518254545,nan,0.8033867006901195,104504,260677657,18494,32625
UKCHLL054,annotation_3_vs_weighted,annotation_3.nii.gz,weighted,2,kidney,0.9461618960277294,nan,0.9460340702166106,584975,260181733,16772,49800
UKCHLL054,annotation_3_vs_weighted,annotation_3.nii.gz,weighted,3,liver,0.9287361209803873,nan,0.9280594281809397,2280056,258203317,236440,113467
UKCHLL055,annotation_1_vs_annotation_2,annotation_1.nii.gz,annotation_2.nii.gz,0,background,0.99962598955181,nan,0.9714805506231939,249299490,3220775,121953,64598
UKCHLL055,annotation_1_vs_annotation_2,annotation_1.nii.gz,annotation_2.nii.gz,1,pancreas,0.9096425673937563,nan,0.9095883276372352,137910,252541508,14584,12814
UKCHLL055,annotation_1_vs_annotation_2,annotation_1.nii.gz,annotation_2.nii.gz,2,kidney,0.9604517575330083,nan,0.9603550403224301,592313,252065724,13201,35578
UKCHLL055,annotation_1_vs_annotation_2,annotation_1.nii.gz,annotation_2.nii.gz,3,liver,0.9780806280612427,nan,0.9778575795188977,2489938,250105276,37427,74175
UKCHLL055,annotation_1_vs_annotation_3,annotation_1.nii.gz,annotation_3.nii.gz,0,background,0.9995693019931994,nan,0.9673289148858567,249268023,3223982,153420,61391
UKCHLL055,annotation_1_vs_annotation_3,annotation_1.nii.gz,annotation_3.nii.gz,1,pancreas,0.9062864732160825,nan,0.9062311841643078,135111,252543763,17383,10559
UKCHLL055,annotation_1_vs_annotation_3,annotation_1.nii.gz,annotation_3.nii.gz,2,kidney,0.9507386481857905,nan,0.950616669510436,594012,252051248,11502,50054
UKCHLL055,annotation_1_vs_annotation_3,annotation_1.nii.gz,annotation_3.nii.gz,3,liver,0.9751745395091447,nan,0.9749207607233689,2494024,250085809,33341,93642
UKCHLL055,annotation_1_vs_weighted,annotation_1.nii.gz,weighted,0,background,0.9992590273395237,nan,0.9441069807898377,249171937,3165346,249506,120027
UKCHLL055,annotation_1_vs_weighted,annotation_1.nii.gz,weighted,1,pancreas,0.7419531314403052,nan,0.7418195848148651,99004,252538946,53490,15376
UKCHLL055,annotation_1_vs_weighted,annotation_1.nii.gz,weighted,2,kidney,0.8855574667847915,nan,0.8852538096290107,598744,251953318,6770,147984
UKCHLL055,annotation_1_vs_weighted,annotation_1.nii.gz,weighted,3,liver,0.9706625069448421,nan,0.9703645791975681,2466021,250091728,61344,87723
UKCHLL055,annotation_2_vs_annotation_3,annotation_2.nii.gz,annotation_3.nii.gz,0,background,0.9997981164791676,nan,0.9848165665099413,249296412,3309726,67676,33002
UKCHLL055,annotation_2_vs_annotation_3,annotation_2.nii.gz,annotation_3.nii.gz,1,pancreas,0.9558830475650654,nan,0.9558571680368113,141659,252552081,9065,4011
UKCHLL055,annotation_2_vs_annotation_3,annotation_2.nii.gz,annotation_3.nii.gz,2,kidney,0.9744323117841248,nan,0.9743678145816729,619718,252054577,8173,24348
UKCHLL055,annotation_2_vs_annotation_3,annotation_2.nii.gz,annotation_3.nii.gz,3,liver,0.989152679103665,nan,0.9890409739644557,2547948,250102985,16165,39718
UKCHLL055,annotation_2_vs_weighted,annotation_2.nii.gz,weighted,0,background,0.9993708128102695,nan,0.9529418383697879,249171152,3221916,192936,120812
UKCHLL055,annotation_2_vs_weighted,annotation_2.nii.gz,weighted,1,pancreas,0.7527989015631601,nan,0.7526716089403814,99785,252541497,50939,14595
UKCHLL055,annotation_2_vs_weighted,annotation_2.nii.gz,weighted,2,kidney,0.9040104930893579,nan,0.9037506715810141,621335,251953532,6556,125393
UKCHLL055,annotation_2_vs_weighted,annotation_2.nii.gz,weighted,3,liver,0.9766943468721381,nan,0.9764559388916055,2499291,250088250,64822,54453
UKCHLL055,annotation_3_vs_weighted,annotation_3.nii.gz,weighted,0,background,0.9993377099046082,nan,0.9507188182400963,249145573,3231011,183841,146391
UKCHLL055,annotation_3_vs_weighted,annotation_3.nii.gz,weighted,1,pancreas,0.7572159200153816,nan,0.7570927466301842,98457,252545223,47213,15923
UKCHLL055,annotation_3_vs_weighted,annotation_3.nii.gz,weighted,2,kidney,0.9095581372942363,nan,0.9093099367405053,632504,251948526,11562,114224
UKCHLL055,annotation_3_vs_weighted,annotation_3.nii.gz,weighted,3,liver,0.9718170696365394,nan,0.9715274400685436,2498255,250063661,89411,55489
UKCHLL057,annotation_1_vs_annotation_2,annotation_1.nii.gz,annotation_2.nii.gz,0,background,0.9996139050781823,nan,0.9694018649140248,210093852,2604781,109891,52404
UKCHLL057,annotation_1_vs_annotation_2,annotation_1.nii.gz,annotation_2.nii.gz,1,pancreas,0.8819894964473278,nan,0.8819036283651588,137040,212687216,8645,28027
UKCHLL057,annotation_1_vs_annotation_2,annotation_1.nii.gz,annotation_2.nii.gz,2,kidney,0.9535698871914217,nan,0.9534783077265948,399911,212422073,7196,31748
UKCHLL057,annotation_1_vs_annotation_2,annotation_1.nii.gz,annotation_2.nii.gz,3,liver,0.9794713309376627,nan,0.97926568871388,2067830,210706419,36563,50116
UKCHLL057,annotation_1_vs_annotation_3,annotation_1.nii.gz,annotation_3.nii.gz,0,background,0.999600716206874,nan,0.9682075284299109,210103670,2589409,100073,67776
UKCHLL057,annotation_1_vs_annotation_3,annotation_1.nii.gz,annotation_3.nii.gz,1,pancreas,0.8703441977778261,nan,0.8702603653858855,120084,212705066,25601,10177
UKCHLL057,annotation_1_vs_annotation_3,annotation_1.nii.gz,annotation_3.nii.gz,2,kidney,0.9474471701776067,nan,0.9473428159126887,400196,212416336,6911,37485
UKCHLL057,annotation_1_vs_annotation_3,annotation_1.nii.gz,annotation_3.nii.gz,3,liver,0.9792531022143512,nan,0.9790450965438866,2069129,210704124,35264,52411
UKCHLL057,annotation_1_vs_weighted,annotation_1.nii.gz,weighted,0,background,0.9994560954001646,nan,0.9569292868850767,210058573,2573727,145170,83458
UKCHLL057,annotation_1_vs_weighted,annotation_1.nii.gz,weighted,1,pancreas,0.8340579327113672,nan,0.8339400263478143,126233,212684465,19452,30778
UKCHLL057,annotation_1_vs_weighted,annotation_1.nii.gz,weighted,2,kidney,0.9081560518824295,nan,0.9079650814971836,404030,212375177,3077,78644
UKCHLL057,annotation_1_vs_weighted,annotation_1.nii.gz,weighted,3,liver,0.9768914608334199,nan,0.9766621258618102,2043464,210720787,60929,35748
UKCHLL057,annotation_2_vs_annotation_3,annotation_2.nii.gz,annotation_3.nii.gz,0,background,0.9998456453304457,nan,0.9878404394012266,210126412,2669638,19844,45034
UKCHLL057,annotation_2_vs_annotation_3,annotation_2.nii.gz,annotation_3.nii.gz,1,pancreas,0.8729683606024488,nan,0.8728814018738678,128906,212694506,36161,1355
UKCHLL057,annotation_2_vs_annotation_3,annotation_2.nii.gz,annotation_3.nii.gz,2,kidney,0.974030873996365,nan,0.9739777381112558,423382,212414970,8277,14299
UKCHLL057,annotation_2_vs_annotation_3,annotation_2.nii.gz,annotation_3.nii.gz,3,liver,0.9988710895613289,nan,0.9988597344089767,2117350,210738792,596,4190
UKCHLL057,annotation_2_vs_weighted,annotation_2.nii.gz,weighted,0,background,0.9994720457198941,nan,0.9586346148815059,210033197,2605838,113059,108834
UKCHLL057,annotation_2_vs_weighted,annotation_2.nii.gz,weighted,1,pancreas,0.833704878942368,nan,0.8335790526755493,134259,212673109,30808,22752
UKCHLL057,annotation_2_vs_weighted,annotation_2.nii.gz,weighted,2,kidney,0.926303655232831,nan,0.9261455300132785,423475,212370070,8184,59199
UKCHLL057,annotation_2_vs_weighted,annotation_2.nii.gz,weighted,3,liver,0.9759480105347476,nan,0.9757085433879438,2048104,210711874,69842,31108
UKCHLL057,annotation_3_vs_weighted,annotation_3.nii.gz,weighted,0,background,0.9994726102965288,nan,0.9584864082308796,210045904,2593355,125542,96127
UKCHLL057,annotation_3_vs_weighted,annotation_3.nii.gz,weighted,1,pancreas,0.8102007853184439,nan,0.8100737366089902,116374,212690030,13887,40637
UKCHLL057,annotation_3_vs_weighted,annotation_3.nii.gz,weighted,2,kidney,0.9291827609998315,nan,0.9290296991653709,427589,212368162,10092,55085
UKCHLL057,annotation_3_vs_weighted,annotation_3.nii.gz,weighted,3,liver,0.9757262509188831,nan,0.975484370873283,2049392,210709568,72148,29820
UKCHLL058,annotation_1_vs_annotation_2,annotation_1.nii.gz,annotation_2.nii.gz,0,background,0.9997289087837316,nan,0.9782971917400294,260610961,3226710,84959,56378
UKCHLL058,annotation_1_vs_annotation_2,annotation_1.nii.gz,annotation_2.nii.gz,1,pancreas,0.9272669405705688,nan,0.9272193959883608,160241,263793629,4645,20493
UKCHLL058,annotation_1_vs_annotation_2,annotation_1.nii.gz,annotation_2.nii.gz,2,kidney,0.9673984171177599,nan,0.9673334627180874,507815,263436966,13108,21119
UKCHLL058,annotation_1_vs_annotation_2,annotation_1.nii.gz,annotation_2.nii.gz,3,liver,0.9842339708575033,nan,0.9840771644264105,2558654,261338382,38625,43347
UKCHLL058,annotation_1_vs_annotation_3,annotation_1.nii.gz,annotation_3.nii.gz,0,background,0.9997176174954551,nan,0.9771709039122939,260640123,3191643,55797,91445
UKCHLL058,annotation_1_vs_annotation_3,annotation_1.nii.gz,annotation_3.nii.gz,1,pancreas,0.9377944963790374,nan,0.9377555391343634,154941,263803512,9945,10610
UKCHLL058,annotation_1_vs_annotation_3,annotation_1.nii.gz,annotation_3.nii.gz,2,kidney,0.9625114253194742,nan,0.962437793522055,498091,263442117,22832,15968
UKCHLL058,annotation_1_vs_annotation_3,annotation_1.nii.gz,annotation_3.nii.gz,3,liver,0.9829844829992939,nan,0.9828163779741111,2538611,261352510,58668,29219
UKCHLL058,annotation_1_vs_weighted,annotation_1.nii.gz,weighted,0,background,0.9994045632427783,nan,0.9519621259677652,260551714,3116825,144206,166263
UKCHLL058,annotation_1_vs_weighted,annotation_1.nii.gz,weighted,1,pancreas,0.8228698437926838,nan,0.8227617618350439,132538,263789410,32348,24712
UKCHLL058,annotation_1_vs_weighted,annotation_1.nii.gz,weighted,2,kidney,0.9012642820090063,nan,0.9010547766994484,506456,263361585,14467,96500
UKCHLL058,annotation_1_vs_weighted,annotation_1.nii.gz,weighted,3,liver,0.9720598089015053,nan,0.9717874787561556,2477831,261358735,119448,22994
UKCHLL058,annotation_2_vs_annotation_3,annotation_2.nii.gz,annotation_3.nii.gz,0,background,0.9997461617233502,nan,0.9795679883861323,260633278,3213379,34061,98290
UKCHLL058,annotation_2_vs_annotation_3,annotation_2.nii.gz,annotation_3.nii.gz,1,pancreas,0.9441240596618392,nan,0.9440874574074737,163468,263796191,17266,2083
UKCHLL058,annotation_2_vs_annotation_3,annotation_2.nii.gz,annotation_3.nii.gz,2,kidney,0.9614100957532793,nan,0.9613337251899275,501372,263437387,27562,12687
UKCHLL058,annotation_2_vs_annotation_3,annotation_2.nii.gz,annotation_3.nii.gz,3,liver,0.9859273929844128,nan,0.9857882356885491,2548539,261357716,53462,19291
UKCHLL058,annotation_2_vs_weighted,annotation_2.nii.gz,weighted,0,background,0.9993975511193721,nan,0.9516077901377418,260535604,3129296,131735,182373
UKCHLL058,annotation_2_vs_weighted,annotation_2.nii.gz,weighted,1,pancreas,0.8267077731490248,nan,0.8265973015022651,139707,263780731,41027,17543
UKCHLL058,annotation_2_vs_weighted,annotation_2.nii.gz,weighted,2,kidney,0.8988558958909435,nan,0.8986395183647572,508703,263355821,20231,94253
UKCHLL058,annotation_2_vs_weighted,annotation_2.nii.gz,weighted,3,liver,0.9723576700440109,nan,0.972088000717765,2480886,261357068,121115,19939
UKCHLL058,annotation_3_vs_weighted,annotation_3.nii.gz,weighted,0,background,0.9994446576801597,nan,0.9549514143297233,260579981,3109444,151587,137996
UKCHLL058,annotation_3_vs_weighted,annotation_3.nii.gz,weighted,1,pancreas,0.821738470450835,nan,0.8216294843130905,132629,263788836,32922,24621
UKCHLL058,annotation_3_vs_weighted,annotation_3.nii.gz,weighted,2,kidney,0.9034363907378147,nan,0.9032329548042626,504576,263366569,9483,98380
UKCHLL058,annotation_3_vs_weighted,annotation_3.nii.gz,weighted,3,liver,0.975500995826309,nan,0.9752635553686836,2472239,261382592,95591,28586
UKCHLL059,annotation_1_vs_annotation_2,annotation_1.nii.gz,annotation_2.nii.gz,0,background,0.9994818731109256,nan,0.9731594936417999,160337045,3074575,76834,89402
UKCHLL059,annotation_1_vs_annotation_2,annotation_1.nii.gz,annotation_2.nii.gz,1,pancreas,0.8952019143005155,nan,0.8951370689614888,90722,163465893,6245,14996
UKCHLL059,annotation_1_vs_annotation_2,annotation_1.nii.gz,annotation_2.nii.gz,2,kidney,0.9615348640723111,nan,0.9614201346042701,467742,163072691,19890,17533
UKCHLL059,annotation_1_vs_annotation_2,annotation_1.nii.gz,annotation_2.nii.gz,3,liver,0.9789046020132325,nan,0.9785678966063139,2515684,160953746,63694,44732
UKCHLL059,annotation_1_vs_annotation_3,annotation_1.nii.gz,annotation_3.nii.gz,0,background,0.9994420611589866,nan,0.9711730324676633,160322347,3076509,91532,87468
UKCHLL059,annotation_1_vs_annotation_3,annotation_1.nii.gz,annotation_3.nii.gz,1,pancreas,0.9022790159480807,nan,0.90221964270082,89673,163468759,7294,12130
UKCHLL059,annotation_1_vs_annotation_3,annotation_1.nii.gz,annotation_3.nii.gz,2,kidney,0.9583355835453627,nan,0.9582102290964758,470250,163066717,17382,23507
UKCHLL059,annotation_1_vs_annotation_3,annotation_1.nii.gz,annotation_3.nii.gz,3,liver,0.976768191831337,nan,0.9763964981980245,2516086,160942083,63292,56395
UKCHLL059,annotation_1_vs_weighted,annotation_1.nii.gz,weighted,0,background,0.9985422139109377,nan,0.9258880172977088,160126519,2983795,287360,180182
UKCHLL059,annotation_1_vs_weighted,annotation_1.nii.gz,weighted,1,pancreas,0.8156410726950795,nan,0.81552754939172,82226,163458459,14741,22430
UKCHLL059,annotation_1_vs_weighted,annotation_1.nii.gz,weighted,2,kidney,0.806536815300428,nan,0.80585714685762,476360,162872968,11272,217256
UKCHLL059,annotation_1_vs_weighted,annotation_1.nii.gz,weighted,3,liver,0.9598922145946142,nan,0.9592633993649061,2424813,160950408,154565,48070
UKCHLL059,annotation_2_vs_annotation_3,annotation_2.nii.gz,annotation_3.nii.gz,0,background,0.9997966002982543,nan,0.9894700701538359,160385502,3127096,40945,24313
UKCHLL059,annotation_2_vs_annotation_3,annotation_2.nii.gz,annotation_3.nii.gz,1,pancreas,0.9605871213033862,nan,0.9605621140166114,99671,163470006,6047,2132
UKCHLL059,annotation_2_vs_annotation_3,annotation_2.nii.gz,annotation_3.nii.gz,2,kidney,0.9809505715849941,nan,0.9808933982887706,480191,163079015,5084,13566
UKCHLL059,annotation_2_vs_annotation_3,annotation_2.nii.gz,annotation_3.nii.gz,3,liver,0.992471113291383,nan,0.9923511069400175,2547126,160992085,13290,25355
UKCHLL059,annotation_2_vs_weighted,annotation_2.nii.gz,weighted,0,background,0.9985421463203423,nan,0.9257396518613821,160132783,2977491,293664,173918
UKCHLL059,annotation_2_vs_weighted,annotation_2.nii.gz,weighted,1,pancreas,0.8330687252226986,nan,0.8329613155110475,87628,163455110,18090,17028
UKCHLL059,annotation_2_vs_weighted,annotation_2.nii.gz,weighted,2,kidney,0.8024439918533605,nan,0.8017519253475894,472997,162871962,12278,220619
UKCHLL059,annotation_2_vs_weighted,annotation_2.nii.gz,weighted,3,liver,0.960272775370587,nan,0.9596522113495289,2416670,160961227,143746,56213
UKCHLL059,annotation_3_vs_weighted,annotation_3.nii.gz,weighted,0,background,0.9984945645892461,nan,0.9235138582546598,160116849,2978189,292966,189852
UKCHLL059,annotation_3_vs_weighted,annotation_3.nii.gz,weighted,1,pancreas,0.8327270789842051,nan,0.8326214711541668,85962,163457359,15841,18694
UKCHLL059,annotation_3_vs_weighted,annotation_3.nii.gz,weighted,2,kidney,0.8042005334465244,nan,0.8035075921283761,477443,162867926,16314,216173
UKCHLL059,annotation_3_vs_weighted,annotation_3.nii.gz,weighted,3,liver,0.9571158790525321,nan,0.9564444310033726,2414499,160946991,157982,58384
UKCHLL061,annotation_1_vs_annotation_2,annotation_1.nii.gz,annotation_2.nii.gz,0,background,0.9996352301196078,nan,0.9724839015904817,255213039,3336833,88770,97486
UKCHLL061,annotation_1_vs_annotation_2,annotation_1.nii.gz,annotation_2.nii.gz,1,pancreas,0.908299628805683,nan,0.9082431305475022,144738,258562165,12196,17029
UKCHLL061,annotation_1_vs_annotation_2,annotation_1.nii.gz,annotation_2.nii.gz,2,kidney,0.9487604001937392,nan,0.9486614663463109,473060,258211971,24732,26365
UKCHLL061,annotation_1_vs_annotation_2,annotation_1.nii.gz,annotation_2.nii.gz,3,liver,0.9808921494284636,nan,0.9806852196554515,2719035,255911159,60558,45376
UKCHLL061,annotation_1_vs_annotation_3,annotation_1.nii.gz,annotation_3.nii.gz,0,background,0.9996114127801483,nan,0.9707796395173159,255196119,3341600,105690,92719
UKCHLL061,annotation_1_vs_annotation_3,annotation_1.nii.gz,annotation_3.nii.gz,1,pancreas,0.9055187596373377,nan,0.9054605973691722,144169,258561874,12765,17320
UKCHLL061,annotation_1_vs_annotation_3,annotation_1.nii.gz,annotation_3.nii.gz,2,kidney,0.9424200984838411,nan,0.9423077701104754,474828,258203278,22964,35058
UKCHLL061,annotation_1_vs_annotation_3,annotation_1.nii.gz,annotation_3.nii.gz,3,liver,0.9801436700298155,nan,0.9799281819615784,2722598,255903218,56995,53317
UKCHLL061,annotation_1_vs_weighted,annotation_1.nii.gz,weighted,0,background,0.9992925202422542,nan,0.947485665515776,255069828,3305131,231981,129188
UKCHLL061,annotation_1_vs_weighted,annotation_1.nii.gz,weighted,1,pancreas,0.8134260069168764,nan,0.8133191099565359,120893,258559777,36041,19417
UKCHLL061,annotation_1_vs_weighted,annotation_1.nii.gz,weighted,2,kidney,0.8437218284397989,nan,0.8433789643630709,487146,258068519,10646,169817
UKCHLL061,annotation_1_vs_weighted,annotation_1.nii.gz,weighted,3,liver,0.9773070852218126,nan,0.9770624426953711,2697090,255913786,82503,42749
UKCHLL061,annotation_2_vs_annotation_3,annotation_2.nii.gz,annotation_3.nii.gz,0,background,0.9998425517033009,nan,0.9881454411735057,255259485,3396250,51040,29353
UKCHLL061,annotation_2_vs_annotation_3,annotation_2.nii.gz,annotation_3.nii.gz,1,pancreas,0.9489939861905116,nan,0.9489621037198602,153384,258566256,8383,8105
UKCHLL061,annotation_2_vs_annotation_3,annotation_2.nii.gz,annotation_3.nii.gz,2,kidney,0.9788340759191171,nan,0.9787927163194584,493974,258220791,5451,15912
UKCHLL061,annotation_2_vs_annotation_3,annotation_2.nii.gz,annotation_3.nii.gz,3,liver,0.9923213904741346,nan,0.9922382899443506,2748892,255944694,15519,27023
UKCHLL061,annotation_2_vs_weighted,annotation_2.nii.gz,weighted,0,background,0.9993331466453435,nan,0.9504393181786909,255084553,3311140,225972,114463
UKCHLL061,annotation_2_vs_weighted,annotation_2.nii.gz,weighted,1,pancreas,0.8040466503573592,nan,0.8039327726212218,121442,258555493,40325,18868
UKCHLL061,annotation_2_vs_weighted,annotation_2.nii.gz,weighted,2,kidney,0.845819915114996,nan,0.8454810223009155,489048,258068788,10377,167915
UKCHLL061,annotation_2_vs_weighted,annotation_2.nii.gz,weighted,3,liver,0.9812962710632693,nan,0.9810951883294871,2700650,255932528,63761,39189
UKCHLL061,annotation_3_vs_weighted,annotation_3.nii.gz,weighted,0,background,0.9993085947153603,nan,0.9487741050909497,255067450,3315724,221388,131566
UKCHLL061,annotation_3_vs_weighted,annotation_3.nii.gz,weighted,1,pancreas,0.8086640446124739,nan,0.8085529391535248,122027,258556356,39462,18283
UKCHLL061,annotation_3_vs_weighted,annotation_3.nii.gz,weighted,2,kidney,0.8483925512212805,nan,0.8480553744836283,494973,258064252,14913,161990
UKCHLL061,annotation_3_vs_weighted,annotation_3.nii.gz,weighted,3,liver,0.9785512551865075,nan,0.9783201791399222,2698724,255919098,77191,41115
UKCHLL062,annotation_1_vs_annotation_2,annotation_1.nii.gz,annotation_2.nii.gz,0,background,0.9998746365059662,nan,0.9868878785215558,269729722,2570257,27890,39747
UKCHLL062,annotation_1_vs_annotation_2,annotation_1.nii.gz,annotation_2.nii.gz,1,pancreas,0.9707458983711623,nan,0.9707313514889507,131472,272228220,1020,6904
UKCHLL062,annotation_1_vs_annotation_2,annotation_1.nii.gz,annotation_2.nii.gz,2,kidney,0.9842599450779576,nan,0.9842318852180073,477058,271875300,7937,7321
UKCHLL062,annotation_1_vs_annotation_2,annotation_1.nii.gz,annotation_2.nii.gz,3,liver,0.9887842689940722,nan,0.9887019745153215,1961703,270361410,30814,13689
UKCHLL062,annotation_1_vs_annotation_3,annotation_1.nii.gz,annotation_3.nii.gz,0,background,0.9998967111211792,nan,0.9891996818188155,269734964,2576925,22648,33079
UKCHLL062,annotation_1_vs_annotation_3,annotation_1.nii.gz,annotation_3.nii.gz,1,pancreas,0.9869971267059013,nan,0.9869907520218152,131735,272232410,757,2714
UKCHLL062,annotation_1_vs_annotation_3,annotation_1.nii.gz,annotation_3.nii.gz,2,kidney,0.9874226449985242,nan,0.9874001555458295,480037,271875350,4958,7271
UKCHLL062,annotation_1_vs_annotation_3,annotation_1.nii.gz,annotation_3.nii.gz,3,liver,0.9899063882047173,nan,0.9898322812376988,1965129,270362412,27388,12687
UKCHLL062,annotation_1_vs_weighted,annotation_1.nii.gz,weighted,0,background,0.999482417260834,nan,0.9464192419875772,269596973,2491421,160639,118583
UKCHLL062,annotation_1_vs_weighted,annotation_1.nii.gz,weighted,1,pancreas,0.8382373755641876,nan,0.8381619422079326,106602,272219870,25890,15254
UKCHLL062,annotation_1_vs_weighted,annotation_1.nii.gz,weighted,2,kidney,0.8951097185792143,nan,0.8949069606032299,473667,271782939,11328,99682
UKCHLL062,annotation_1_vs_weighted,annotation_1.nii.gz,weighted,3,liver,0.9677498093367756,nan,0.9675143047713554,1911002,270329246,81515,45853
UKCHLL062,annotation_2_vs_annotation_3,annotation_2.nii.gz,annotation_3.nii.gz,0,background,0.9999522554049958,nan,0.9949962362309871,269755876,2585980,13593,12167
UKCHLL062,annotation_2_vs_annotation_3,annotation_2.nii.gz,annotation_3.nii.gz,1,pancreas,0.9827398515531934,nan,0.9827312044476467,134058,272228849,4318,391
UKCHLL062,annotation_2_vs_annotation_3,annotation_2.nii.gz,annotation_3.nii.gz,2,kidney,0.9936080239830316,nan,0.9935966018427919,482738,271878667,1641,4570
UKCHLL062,annotation_2_vs_annotation_3,annotation_2.nii.gz,annotation_3.nii.gz,3,liver,0.9962460867224796,nan,0.9962186449923153,1969184,270383592,6208,8632
UKCHLL062,annotation_2_vs_weighted,annotation_2.nii.gz,weighted,0,background,0.9994882656844831,nan,0.9469050601198963,269604476,2487067,164993,111080
UKCHLL062,annotation_2_vs_weighted,annotation_2.nii.gz,weighted,1,pancreas,0.8297365427772142,nan,0.8296554934060375,107962,272215346,30414,13894
UKCHLL062,annotation_2_vs_weighted,annotation_2.nii.gz,weighted,2,kidney,0.892961139347734,nan,0.8927543707929402,472255,271782143,12124,101094
UKCHLL062,annotation_2_vs_weighted,annotation_2.nii.gz,weighted,3,liver,0.9697747877994439,nan,0.969555021372751,1906697,270342066,68695,50158
UKCHLL062,annotation_3_vs_weighted,annotation_3.nii.gz,weighted,0,background,0.9994869074787203,nan,0.9467785921368684,269603397,2487414,164646,112159
UKCHLL062,annotation_3_vs_weighted,annotation_3.nii.gz,weighted,1,pancreas,0.8369871832387195,nan,0.8369106328166249,107262,272218573,27187,14594
UKCHLL062,annotation_3_vs_weighted,annotation_3.nii.gz,weighted,2,kidney,0.894413556880311,nan,0.8942089259916302,474333,271781292,12975,99016
UKCHLL062,annotation_3_vs_weighted,annotation_3.nii.gz,weighted,3,liver,0.9686532876573416,nan,0.9684252267359768,1905666,270338611,72150,51189
UKCHLL064,annotation_1_vs_annotation_2,annotation_1.nii.gz,annotation_2.nii.gz,0,background,0.9992104771445427,nan,0.9718431261247241,344208869,9665868,465100,78851
UKCHLL064,annotation_1_vs_annotation_2,annotation_1.nii.gz,annotation_2.nii.gz,1,pancreas,0.9149908684844865,nan,0.9149080096778657,316386,354043513,14250,44539
UKCHLL064,annotation_1_vs_annotation_2,annotation_1.nii.gz,annotation_2.nii.gz,2,kidney,0.9600266143687973,nan,0.9598124352541515,1815130,352452402,16626,134530
UKCHLL064,annotation_1_vs_annotation_2,annotation_1.nii.gz,annotation_2.nii.gz,3,liver,0.9783125177322692,nan,0.9778309086486714,7534332,346550310,47995,286051
UKCHLL064,annotation_1_vs_annotation_3,annotation_1.nii.gz,annotation_3.nii.gz,0,background,0.9990059797497237,nan,0.9648049513883757,344066630,9667359,607339,77360
UKCHLL064,annotation_1_vs_annotation_3,annotation_1.nii.gz,annotation_3.nii.gz,1,pancreas,0.9157666508374249,nan,0.915684872029563,315298,354045387,15338,42665
UKCHLL064,annotation_1_vs_annotation_3,annotation_1.nii.gz,annotation_3.nii.gz,2,kidney,0.9523452002069279,nan,0.9520879314170596,1815149,352421881,16607,165051
UKCHLL064,annotation_1_vs_annotation_3,annotation_1.nii.gz,annotation_3.nii.gz,3,liver,0.9713053702004696,nan,0.9706634274029339,7536777,346436603,45550,399758
UKCHLL064,annotation_1_vs_weighted,annotation_1.nii.gz,weighted,0,background,0.9980187531544459,nan,0.9297127436396939,343746163,9307729,927806,436990
UKCHLL064,annotation_1_vs_weighted,annotation_1.nii.gz,weighted,1,pancreas,0.8101584323643581,nan,0.8099557487644116,312645,353959521,17991,128531
UKCHLL064,annotation_1_vs_weighted,annotation_1.nii.gz,weighted,2,kidney,0.8644446947489197,nan,0.8636513849181072,1811207,352039443,20549,547489
UKCHLL064,annotation_1_vs_weighted,annotation_1.nii.gz,weighted,3,liver,0.9566963355282564,nan,0.9557591022270518,7183828,346584526,398499,251835
UKCHLL064,annotation_2_vs_annotation_3,annotation_2.nii.gz,annotation_3.nii.gz,0,background,0.999560180050393,nan,0.9847218728107658,344064462,10051440,223258,79528
UKCHLL064,annotation_2_vs_annotation_3,annotation_2.nii.gz,annotation_3.nii.gz,1,pancreas,0.9643254582076763,nan,0.9642892417204395,346621,354046421,14304,11342
UKCHLL064,annotation_2_vs_annotation_3,annotation_2.nii.gz,annotation_3.nii.gz,2,kidney,0.9810380013537378,nan,0.9809322946150725,1927671,352416499,21989,52529
UKCHLL064,annotation_2_vs_annotation_3,annotation_2.nii.gz,annotation_3.nii.gz,3,liver,0.9871407593794674,nan,0.9868484257303147,7777148,346438918,43235,159387
UKCHLL064,annotation_2_vs_weighted,annotation_2.nii.gz,weighted,0,background,0.9980936346743604,nan,0.9336507626582389,343579198,9527013,708522,603955
UKCHLL064,annotation_2_vs_weighted,annotation_2.nii.gz,weighted,1,pancreas,0.8337503631088853,nan,0.8335639138494461,334376,353950963,26549,106800
UKCHLL064,annotation_2_vs_weighted,annotation_2.nii.gz,weighted,2,kidney,0.8808338958061962,nan,0.8801117761302679,1897473,352007805,52187,461223
UKCHLL064,annotation_2_vs_weighted,annotation_2.nii.gz,weighted,3,liver,0.9563636606759052,nan,0.9554044575962498,7295164,346457806,525219,140499
UKCHLL064,annotation_3_vs_weighted,annotation_3.nii.gz,weighted,0,background,0.9980157734387063,nan,0.9314247772662259,343480673,9572218,663317,702480
UKCHLL064,annotation_3_vs_weighted,annotation_3.nii.gz,weighted,1,pancreas,0.8286518365390751,nan,0.828460540882004,331104,353950653,26859,110072
UKCHLL064,annotation_3_vs_weighted,annotation_3.nii.gz,weighted,2,kidney,0.8815652645281196,nan,0.8808414280629904,1912510,351992302,67690,446186
UKCHLL064,annotation_3_vs_weighted,annotation_3.nii.gz,weighted,3,liver,0.9534857669670922,nan,0.952455794437977,7328586,346375076,607949,107077
UKCHLL066,annotation_1_vs_annotation_2,annotation_1.nii.gz,annotation_2.nii.gz,0,background,0.9997804365422109,nan,0.9836976349579657,231925282,3116019,72043,29824
UKCHLL066,annotation_1_vs_annotation_2,annotation_1.nii.gz,annotation_2.nii.gz,1,pancreas,0.8681426793582456,nan,0.8680769579470181,103243,235008563,1130,30232
UKCHLL066,annotation_1_vs_annotation_2,annotation_1.nii.gz,annotation_2.nii.gz,2,kidney,0.9729436945050753,nan,0.9728756531042274,573903,234537346,14068,17851
UKCHLL066,annotation_1_vs_annotation_2,annotation_1.nii.gz,annotation_2.nii.gz,3,liver,0.9921514657675682,nan,0.9920685514002605,2438873,232665709,14626,23960
UKCHLL066,annotation_1_vs_annotation_3,annotation_1.nii.gz,annotation_3.nii.gz,0,background,0.9998929759587433,nan,0.9920190032581756,231965103,3128408,32222,17435
UKCHLL066,annotation_1_vs_annotation_3,annotation_1.nii.gz,annotation_3.nii.gz,1,pancreas,0.9591491418902587,nan,0.9591304632910196,103168,235031212,1205,7583
UKCHLL066,annotation_1_vs_annotation_3,annotation_1.nii.gz,annotation_3.nii.gz,2,kidney,0.9869700868745359,nan,0.9869372106125449,584119,234543626,3852,11571
UKCHLL066,annotation_1_vs_annotation_3,annotation_1.nii.gz,annotation_3.nii.gz,3,liver,0.9948146662950049,nan,0.9947599839420411,2441120,232676600,12379,13069
UKCHLL066,annotation_1_vs_weighted,annotation_1.nii.gz,weighted,0,background,0.9980261484494651,nan,0.8547477616474308,231489957,2737550,507368,408293
UKCHLL066,annotation_1_vs_weighted,annotation_1.nii.gz,weighted,1,pancreas,0.6516825905545142,nan,0.6514952499976521,86215,234964791,18158,74004
UKCHLL066,annotation_1_vs_weighted,annotation_1.nii.gz,weighted,2,kidney,0.7363825149216783,nan,0.7355555124111091,577825,234151632,10146,403565
UKCHLL066,annotation_1_vs_weighted,annotation_1.nii.gz,weighted,3,liver,0.910068188082535,nan,0.9091935211628239,2073503,232659863,379996,29806
UKCHLL066,annotation_2_vs_annotation_3,annotation_2.nii.gz,annotation_3.nii.gz,0,background,0.9997808196827417,nan,0.9837639813064426,231917979,3123503,37127,64559
UKCHLL066,annotation_2_vs_annotation_3,annotation_2.nii.gz,annotation_3.nii.gz,1,pancreas,0.8889635010195475,nan,0.8889063080402975,108554,235007496,24921,2197
UKCHLL066,annotation_2_vs_annotation_3,annotation_2.nii.gz,annotation_3.nii.gz,2,kidney,0.9744493213995776,nan,0.9743846449180921,578552,234534276,13202,17138
UKCHLL066,annotation_2_vs_annotation_3,annotation_2.nii.gz,annotation_3.nii.gz,3,liver,0.9910047178963202,nan,0.9909096753988174,2436396,232662542,26437,17793
UKCHLL066,annotation_2_vs_weighted,annotation_2.nii.gz,weighted,0,background,0.9979958278020953,nan,0.8534841117813076,231461857,2751669,493249,436393
UKCHLL066,annotation_2_vs_weighted,annotation_2.nii.gz,weighted,1,pancreas,0.6774057352210123,nan,0.677205821687183,99475,234948949,34000,60744
UKCHLL066,annotation_2_vs_weighted,annotation_2.nii.gz,weighted,2,kidney,0.733683629724933,nan,0.732844796506328,577095,234147119,14659,404295
UKCHLL066,annotation_2_vs_weighted,annotation_2.nii.gz,weighted,3,liver,0.908901650452395,nan,0.9080140701314902,2075087,232652113,387746,28222
UKCHLL066,annotation_3_vs_weighted,annotation_3.nii.gz,weighted,0,background,0.9980161670329835,nan,0.8543501185808602,231480263,2742643,502275,417987
UKCHLL066,annotation_3_vs_weighted,annotation_3.nii.gz,weighted,1,pancreas,0.6636823264568034,nan,0.6634949004974408,89919,234962117,20832,70300
UKCHLL066,annotation_3_vs_weighted,annotation_3.nii.gz,weighted,2,kidney,0.7371052831815761,nan,0.7362737891439423,581237,234147325,14453,400153
UKCHLL066,annotation_3_vs_weighted,annotation_3.nii.gz,weighted,3,liver,0.909040003967089,nan,0.9081552211042458,2071474,232657144,382715,31835
UKCHLL067,annotation_1_vs_annotation_2,annotation_1.nii.gz,annotation_2.nii.gz,0,background,0.9994260370546122,nan,0.9699205187837258,204310497,3859315,195988,38680
UKCHLL067,annotation_1_vs_annotation_2,annotation_1.nii.gz,annotation_2.nii.gz,1,pancreas,0.914497876988102,nan,0.9144344287040038,141503,208236517,7700,18760
UKCHLL067,annotation_1_vs_annotation_2,annotation_1.nii.gz,annotation_2.nii.gz,2,kidney,0.9540886925675953,nan,0.9539675942892889,523674,207830407,6751,43648
UKCHLL067,annotation_1_vs_annotation_2,annotation_1.nii.gz,annotation_2.nii.gz,3,liver,0.9758910860460871,nan,0.9755065173519283,3194133,205052528,24234,133585
UKCHLL067,annotation_1_vs_annotation_3,annotation_1.nii.gz,annotation_3.nii.gz,0,background,0.9993414188691255,nan,0.9657128140907112,204266929,3868321,239556,29674
UKCHLL067,annotation_1_vs_annotation_3,annotation_1.nii.gz,annotation_3.nii.gz,1,pancreas,0.9222533675932415,nan,0.9221958895935068,142134,208238382,7069,16895
UKCHLL067,annotation_1_vs_annotation_3,annotation_1.nii.gz,annotation_3.nii.gz,2,kidney,0.9451358309483643,nan,0.9449892322333963,526073,207817331,4352,56724
UKCHLL067,annotation_1_vs_annotation_3,annotation_1.nii.gz,annotation_3.nii.gz,3,liver,0.972024558586651,nan,0.9715757608496971,3200108,205020170,18259,165943
UKCHLL067,annotation_1_vs_weighted,annotation_1.nii.gz,weighted,0,background,0.9990700341349534,nan,0.9517067644462377,204201296,3823030,305189,74965
UKCHLL067,annotation_1_vs_weighted,annotation_1.nii.gz,weighted,1,pancreas,0.8257637672698969,nan,0.8256256117039875,137917,208208362,11286,46915
UKCHLL067,annotation_1_vs_weighted,annotation_1.nii.gz,weighted,2,kidney,0.9105051910290032,nan,0.9102577486258522,526857,207774052,3568,100003
UKCHLL067,annotation_1_vs_weighted,annotation_1.nii.gz,weighted,3,liver,0.9665794119996438,nan,0.9660472069290788,3158247,205027833,60120,158280
UKCHLL067,annotation_2_vs_annotation_3,annotation_2.nii.gz,annotation_3.nii.gz,0,background,0.9997279012645133,nan,0.9861067504350661,204267294,4025994,81883,29309
UKCHLL067,annotation_2_vs_annotation_3,annotation_2.nii.gz,annotation_3.nii.gz,1,pancreas,0.9591220575523346,nan,0.9590907199084392,153120,208238308,7143,5909
UKCHLL067,annotation_2_vs_annotation_3,annotation_2.nii.gz,annotation_3.nii.gz,2,kidney,0.9773614730301821,nan,0.977298844088743,562041,207816402,5281,20756
UKCHLL067,annotation_2_vs_annotation_3,annotation_2.nii.gz,annotation_3.nii.gz,3,liver,0.9892274442096821,nan,0.9890516238592296,3310830,205021541,16888,55221
UKCHLL067,annotation_2_vs_weighted,annotation_2.nii.gz,weighted,0,background,0.9990972710808083,nan,0.9540216420591751,204128280,3907322,220897,147981
UKCHLL067,annotation_2_vs_weighted,annotation_2.nii.gz,weighted,1,pancreas,0.8441675480664744,nan,0.8440390754674263,145659,208205044,14604,39173
UKCHLL067,annotation_2_vs_weighted,annotation_2.nii.gz,weighted,2,kidney,0.9260581720374281,nan,0.9258462452992122,552941,207763239,14381,73919
UKCHLL067,annotation_2_vs_weighted,annotation_2.nii.gz,weighted,3,liver,0.9658629385280043,nan,0.9653099549635334,3208715,204968950,119003,107812
UKCHLL067,annotation_3_vs_weighted,annotation_3.nii.gz,weighted,0,background,0.9990530501800531,nan,0.9520771587547456,204092983,3924599,203620,183278
UKCHLL067,annotation_3_vs_weighted,annotation_3.nii.gz,weighted,1,pancreas,0.8371173235696983,nan,0.8369835948071261,143926,208204545,15103,40906
UKCHLL067,annotation_3_vs_weighted,annotation_3.nii.gz,weighted,2,kidney,0.9314805767254685,nan,0.931281407229023,563386,207758209,19411,63474
UKCHLL067,annotation_3_vs_weighted,annotation_3.nii.gz,weighted,3,liver,0.9628840845553917,nan,0.9622793535097242,3217274,204939176,148777,99253
UKCHLL069,annotation_1_vs_annotation_2,annotation_1.nii.gz,annotation_2.nii.gz,0,background,0.9999081497750886,nan,0.9926249814747954,257819997,3228061,30102,17264
UKCHLL069,annotation_1_vs_annotation_2,annotation_1.nii.gz,annotation_2.nii.gz,1,pancreas,0.9457331959172354,nan,0.9457028992540869,138104,260941471,851,14998
UKCHLL069,annotation_1_vs_annotation_2,annotation_1.nii.gz,annotation_2.nii.gz,2,kidney,0.9632871135987788,nan,0.9632788232878166,56793,261034302,2992,1337
UKCHLL069,annotation_1_vs_annotation_2,annotation_1.nii.gz,annotation_2.nii.gz,3,liver,0.9955382081543727,nan,0.9954855281689812,3033164,258035072,13421,13767
UKCHLL069,annotation_1_vs_annotation_3,annotation_1.nii.gz,annotation_3.nii.gz,0,background,0.9999474104008778,nan,0.995774797244161,257832102,3236202,17997,9123
UKCHLL069,annotation_1_vs_annotation_3,annotation_1.nii.gz,annotation_3.nii.gz,1,pancreas,0.9872661587437851,nan,0.9872593379016894,138005,260953859,950,2610
UKCHLL069,annotation_1_vs_annotation_3,annotation_1.nii.gz,annotation_3.nii.gz,2,kidney,0.9817180690022291,nan,0.9817138589699129,59015,261034211,770,1428
UKCHLL069,annotation_1_vs_annotation_3,annotation_1.nii.gz,annotation_3.nii.gz,3,liver,0.9964978754783411,nan,0.9964564836114403,3039182,258034880,7403,13959
UKCHLL069,annotation_1_vs_weighted,annotation_1.nii.gz,weighted,0,background,0.9990121247621884,nan,0.9235233340996477,257468230,3117998,381869,127327
UKCHLL069,annotation_1_vs_weighted,annotation_1.nii.gz,weighted,1,pancreas,0.8162913169293815,nan,0.8161933983432872,113540,260930779,25415,25690
UKCHLL069,annotation_1_vs_weighted,annotation_1.nii.gz,weighted,2,kidney,0.5650835532102023,nan,0.5649452250493928,55255,260955115,4530,80524
UKCHLL069,annotation_1_vs_weighted,annotation_1.nii.gz,weighted,3,liver,0.9404381096981986,nan,0.9397146759728289,2948952,257772933,97633,275906
UKCHLL069,annotation_2_vs_annotation_3,annotation_2.nii.gz,annotation_3.nii.gz,0,background,0.999948060660417,nan,0.9958352671957585,257825851,3242789,11410,15374
UKCHLL069,annotation_2_vs_annotation_3,annotation_2.nii.gz,annotation_3.nii.gz,1,pancreas,0.9567168396790108,nan,0.9566925245244302,140502,260942209,12600,113
UKCHLL069,annotation_2_vs_annotation_3,annotation_2.nii.gz,annotation_3.nii.gz,2,kidney,0.972025671948926,nan,0.9720193208406464,57628,261034479,502,2815
UKCHLL069,annotation_2_vs_annotation_3,annotation_2.nii.gz,annotation_3.nii.gz,3,liver,0.9982370699886821,nan,0.9982162325910336,3044659,258040011,2272,8482
UKCHLL069,annotation_2_vs_weighted,annotation_2.nii.gz,weighted,0,background,0.9989839568189854,nan,0.9214919803632731,257454558,3117164,382703,140999
UKCHLL069,annotation_2_vs_weighted,annotation_2.nii.gz,weighted,1,pancreas,0.7973742183544736,nan,0.7972609769064456,116549,260919641,36553,22681
UKCHLL069,annotation_2_vs_weighted,annotation_2.nii.gz,weighted,2,kidney,0.5555492524844128,nan,0.5554106328436019,53863,260955378,4267,81916
UKCHLL069,annotation_2_vs_weighted,annotation_2.nii.gz,weighted,3,liver,0.9395995305326758,nan,0.9388658681344034,2946485,257770120,100446,278373
UKCHLL069,annotation_3_vs_weighted,annotation_3.nii.gz,weighted,0,background,0.9990012936251802,nan,0.9227863204506055,257461006,3119648,380219,134551
UKCHLL069,annotation_3_vs_weighted,annotation_3.nii.gz,weighted,1,pancreas,0.8168736264717968,nan,0.8167754378078391,114299,260929878,26316,24931
UKCHLL069,annotation_3_vs_weighted,annotation_3.nii.gz,weighted,2,kidney,0.5617616780992957,nan,0.561621231519585,55115,260954317,5328,80664
UKCHLL069,annotation_3_vs_weighted,annotation_3.nii.gz,weighted,3,liver,0.9397806530392885,nan,0.9390484155670673,2949971,257767396,103170,274887
UKCHLL070,annotation_1_vs_annotation_2,annotation_1.nii.gz,annotation_2.nii.gz,0,background,0.9996111833220135,nan,0.9750423352531118,209463292,3234687,125603,37346
UKCHLL070,annotation_1_vs_annotation_2,annotation_1.nii.gz,annotation_2.nii.gz,1,pancreas,0.9089358702510958,nan,0.9088983655786937,79945,212764964,2671,13348
UKCHLL070,annotation_1_vs_annotation_2,annotation_1.nii.gz,annotation_2.nii.gz,2,kidney,0.9572292524806432,nan,0.9571154774894495,541003,212271579,8327,40019
UKCHLL070,annotation_1_vs_annotation_2,annotation_1.nii.gz,annotation_2.nii.gz,3,liver,0.9814902642890752,nan,0.9812557790951143,2613739,210148605,26348,72236
UKCHLL070,annotation_1_vs_annotation_3,annotation_1.nii.gz,annotation_3.nii.gz,0,background,0.9995784111269341,nan,0.9728852165773499,209462964,3221275,125931,50758
UKCHLL070,annotation_1_vs_annotation_3,annotation_1.nii.gz,annotation_3.nii.gz,1,pancreas,0.9121692357676618,nan,0.912134933559502,75804,212770526,6812,7786
UKCHLL070,annotation_1_vs_annotation_3,annotation_1.nii.gz,annotation_3.nii.gz,2,kidney,0.9590908969333106,nan,0.9589828760283603,537874,212277169,11456,34429
UKCHLL070,annotation_1_vs_annotation_3,annotation_1.nii.gz,annotation_3.nii.gz,3,liver,0.9782027234872641,nan,0.977926315843549,2607595,210137123,32492,83718
UKCHLL070,annotation_1_vs_weighted,annotation_1.nii.gz,weighted,0,background,0.9986033338431899,nan,0.9091546294136916,209295657,2979821,293238,292212
UKCHLL070,annotation_1_vs_weighted,annotation_1.nii.gz,weighted,1,pancreas,0.5204294542864065,nan,0.5201682629465991,71959,212656350,10657,121962
UKCHLL070,annotation_1_vs_weighted,annotation_1.nii.gz,weighted,2,kidney,0.9132780107282693,nan,0.9130353959297994,545927,212211322,3403,100276
UKCHLL070,annotation_1_vs_weighted,annotation_1.nii.gz,weighted,3,liver,0.931164895401597,nan,0.9303361453957338,2361910,210149816,278177,71025
UKCHLL070,annotation_2_vs_annotation_3,annotation_2.nii.gz,annotation_3.nii.gz,0,background,0.9996867028614485,nan,0.9801151679882363,209441542,3288110,59096,72180
UKCHLL070,annotation_2_vs_annotation_3,annotation_2.nii.gz,annotation_3.nii.gz,1,pancreas,0.9232656614824488,nan,0.9232338619286019,81655,212765700,11638,1935
UKCHLL070,annotation_2_vs_annotation_3,annotation_2.nii.gz,annotation_3.nii.gz,2,kidney,0.9681728914226259,nan,0.9680864391922975,558309,212265912,22713,13994
UKCHLL070,annotation_2_vs_annotation_3,annotation_2.nii.gz,annotation_3.nii.gz,3,liver,0.9849362727084732,nan,0.9847435690902433,2648143,210131783,37832,43170
UKCHLL070,annotation_2_vs_weighted,annotation_2.nii.gz,weighted,0,background,0.998616361483757,nan,0.9111996753297898,209254320,3026741,246318,333549
UKCHLL070,annotation_2_vs_weighted,annotation_2.nii.gz,weighted,1,pancreas,0.544109966784349,nan,0.5438399942737437,78138,212651852,15155,115783
UKCHLL070,annotation_2_vs_weighted,annotation_2.nii.gz,weighted,2,kidney,0.9290896127441993,nan,0.9288851889437313,570101,212203804,10921,76102
UKCHLL070,annotation_2_vs_weighted,annotation_2.nii.gz,weighted,3,liver,0.929291587466863,nan,0.9284331654831605,2378480,210120498,307495,54455
UKCHLL070,annotation_3_vs_weighted,annotation_3.nii.gz,weighted,0,background,0.9986057628686025,nan,0.9103425552971509,209258632,3017969,255090,329237
UKCHLL070,annotation_3_vs_weighted,annotation_3.nii.gz,weighted,1,pancreas,0.5258169946416539,nan,0.5255566087730864,72960,212656377,10630,120961
UKCHLL070,annotation_3_vs_weighted,annotation_3.nii.gz,weighted,2,kidney,0.9274718384644802,nan,0.9272644195898766,565065,212207487,7238,81138
UKCHLL070,annotation_3_vs_weighted,annotation_3.nii.gz,weighted,3,liver,0.9288820525470274,nan,0.9280178341050415,2379911,210116591,311402,53024
UKCHLL071,annotation_1_vs_annotation_2,annotation_1.nii.gz,annotation_2.nii.gz,0,background,0.9995723958334272,nan,0.964618733346602,280350910,3311181,188126,51735
UKCHLL071,annotation_1_vs_annotation_2,annotation_1.nii.gz,annotation_2.nii.gz,1,pancreas,0.9188844162128216,nan,0.9188427932746891,133881,283744434,8093,15544
UKCHLL071,annotation_1_vs_annotation_2,annotation_1.nii.gz,annotation_2.nii.gz,2,kidney,0.948109500783288,nan,0.948001725372748,558610,283282196,9592,51554
UKCHLL071,annotation_1_vs_annotation_2,annotation_1.nii.gz,annotation_2.nii.gz,3,liver,0.9710877673966121,nan,0.9708106267892618,2618275,281127769,34465,121443
UKCHLL071,annotation_1_vs_annotation_3,annotation_1.nii.gz,annotation_3.nii.gz,0,background,0.9996354425869204,nan,0.9695609114648418,280399512,3297922,139524,64994
UKCHLL071,annotation_1_vs_annotation_3,annotation_1.nii.gz,annotation_3.nii.gz,1,pancreas,0.930972120257131,nan,0.9309381666558445,129980,283752697,11994,7281
UKCHLL071,annotation_1_vs_annotation_3,annotation_1.nii.gz,annotation_3.nii.gz,2,kidney,0.9582818084107606,nan,0.9581962952718969,556790,283296683,11412,37067
UKCHLL071,annotation_1_vs_annotation_3,annotation_1.nii.gz,annotation_3.nii.gz,3,liver,0.9743948014841387,nan,0.9741508555184731,2610924,281153808,41816,95404
UKCHLL071,annotation_1_vs_weighted,annotation_1.nii.gz,weighted,0,background,0.999281479730473,nan,0.9400238141141721,280299240,3199621,239796,163295
UKCHLL071,annotation_1_vs_weighted,annotation_1.nii.gz,weighted,1,pancreas,0.8054189425806947,nan,0.805320653288009,115456,283730710,26518,29268
UKCHLL071,annotation_1_vs_weighted,annotation_1.nii.gz,weighted,2,kidney,0.921838770006425,nan,0.9216710457975601,563149,283243306,5053,90444
UKCHLL071,annotation_1_vs_weighted,annotation_1.nii.gz,weighted,3,liver,0.952386925180965,nan,0.951938835829217,2520892,281129004,131848,120208
UKCHLL071,annotation_2_vs_annotation_3,annotation_2.nii.gz,annotation_3.nii.gz,0,background,0.999723815167774,nan,0.9773930725633488,280356124,3390925,46521,108382
UKCHLL071,annotation_2_vs_annotation_3,annotation_2.nii.gz,annotation_3.nii.gz,1,pancreas,0.9363973127393734,nan,0.9363652411888072,134226,283749492,15199,3035
UKCHLL071,annotation_2_vs_annotation_3,annotation_2.nii.gz,annotation_3.nii.gz,2,kidney,0.962685866774749,nan,0.9626065890645019,579547,283277478,30617,14310
UKCHLL071,annotation_2_vs_annotation_3,annotation_2.nii.gz,annotation_3.nii.gz,3,liver,0.9829612162658927,nan,0.9827962137202848,2676626,281132532,63092,29702
UKCHLL071,annotation_2_vs_weighted,annotation_2.nii.gz,weighted,0,background,0.9992992790174637,nan,0.9426592349261155,280236085,3272857,166560,226450
UKCHLL071,annotation_2_vs_weighted,annotation_2.nii.gz,weighted,1,pancreas,0.8227122988689406,nan,0.8226204314199811,121000,283728803,28425,23724
UKCHLL071,annotation_2_vs_weighted,annotation_2.nii.gz,weighted,2,kidney,0.9323532926029292,nan,0.9322025745698981,589134,283227329,21030,64459
UKCHLL071,annotation_2_vs_weighted,annotation_2.nii.gz,weighted,3,liver,0.9523425620416821,nan,0.951886768094806,2562191,281083325,177527,78909
UKCHLL071,annotation_3_vs_weighted,annotation_3.nii.gz,weighted,0,background,0.9993917551213225,nan,0.9497788720884359,280292930,3267841,171576,169605
UKCHLL071,annotation_3_vs_weighted,annotation_3.nii.gz,weighted,1,pancreas,0.8236040924162633,nan,0.8235165078841062,116122,283736089,21139,28602
UKCHLL071,annotation_3_vs_weighted,annotation_3.nii.gz,weighted,2,kidney,0.9401835744919637,nan,0.9400521727298187,586416,283240918,7441,67177
UKCHLL071,annotation_3_vs_weighted,annotation_3.nii.gz,weighted,3,liver,0.9594070270791865,nan,0.9590211565196657,2565180,281119704,141148,75920
UKCHLL073,annotation_1_vs_annotation_2,annotation_1.nii.gz,annotation_2.nii.gz,0,background,0.9997818734607524,nan,0.9767974024888563,239631987,2222362,67528,37035
UKCHLL073,annotation_1_vs_annotation_2,annotation_1.nii.gz,annotation_2.nii.gz,1,pancreas,0.8121753155417191,nan,0.8121547312546441,21653,241927244,3032,6983
UKCHLL073,annotation_1_vs_annotation_2,annotation_1.nii.gz,annotation_2.nii.gz,2,kidney,0.9674151323717162,nan,0.9673662225915963,350836,241584442,9278,14356
UKCHLL073,annotation_1_vs_annotation_2,annotation_1.nii.gz,annotation_2.nii.gz,3,liver,0.9808383678188964,nan,0.9806878938687354,1849204,240037456,25394,46858
UKCHLL073,annotation_1_vs_annotation_3,annotation_1.nii.gz,annotation_3.nii.gz,0,background,0.999757883044367,nan,0.9740630015711663,239642236,2200605,57279,58792
UKCHLL073,annotation_1_vs_annotation_3,annotation_1.nii.gz,annotation_3.nii.gz,1,pancreas,0.8362130575524446,nan,0.8361969770146099,19891,241931229,4794,2998
UKCHLL073,annotation_1_vs_annotation_3,annotation_1.nii.gz,annotation_3.nii.gz,2,kidney,0.9592824946952988,nan,0.9592220926313542,343815,241585910,16299,12888
UKCHLL073,annotation_1_vs_annotation_3,annotation_1.nii.gz,annotation_3.nii.gz,3,liver,0.9784837818321347,nan,0.9783156147806955,1836071,240042093,38527,42221
UKCHLL073,annotation_1_vs_weighted,annotation_1.nii.gz,weighted,0,background,0.9995488640350338,nan,0.9523918964233563,239557984,2184684,141531,74713
UKCHLL073,annotation_1_vs_weighted,annotation_1.nii.gz,weighted,1,pancreas,0.4542255552350736,nan,0.4541934811375362,7874,241932116,16811,2111
UKCHLL073,annotation_1_vs_weighted,annotation_1.nii.gz,weighted,2,kidney,0.8800192365913856,nan,0.8798220079451639,353168,241509443,6946,89355
UKCHLL073,annotation_1_vs_weighted,annotation_1.nii.gz,weighted,3,liver,0.9727121992473932,nan,0.972499184905314,1823011,240033618,51587,50696
UKCHLL073,annotation_2_vs_annotation_3,annotation_2.nii.gz,annotation_3.nii.gz,0,background,0.9998073972289258,nan,0.9795056064616738,239638861,2227723,30161,62167
UKCHLL073,annotation_2_vs_annotation_3,annotation_2.nii.gz,annotation_3.nii.gz,1,pancreas,0.8578748180494905,nan,0.8578598720059206,22101,241929488,6535,788
UKCHLL073,annotation_2_vs_annotation_3,annotation_2.nii.gz,annotation_3.nii.gz,2,kidney,0.9631151344724649,nan,0.963060036093378,347634,241584651,17558,9069
UKCHLL073,annotation_2_vs_annotation_3,annotation_2.nii.gz,annotation_3.nii.gz,3,liver,0.984088932834599,nan,0.9839638605132498,1857150,240041708,38912,21142
UKCHLL073,annotation_2_vs_weighted,annotation_2.nii.gz,weighted,0,background,0.9995659122599558,nan,0.9544935244520929,239546830,2204023,122192,85867
UKCHLL073,annotation_2_vs_weighted,annotation_2.nii.gz,weighted,1,pancreas,0.4378446958908366,nan,0.4378102919513015,8455,241928746,20181,1530
UKCHLL073,annotation_2_vs_weighted,annotation_2.nii.gz,weighted,2,kidney,0.8819546498455519,nan,0.8817591010927638,356184,241507381,9008,86339
UKCHLL073,annotation_2_vs_weighted,annotation_2.nii.gz,weighted,3,liver,0.9753218300643886,nan,0.9751280821113524,1838369,240027512,57693,35338
UKCHLL073,annotation_3_vs_weighted,annotation_3.nii.gz,weighted,0,background,0.9996028382939256,nan,0.9580739377174244,239571676,2196863,129352,61021
UKCHLL073,annotation_3_vs_weighted,annotation_3.nii.gz,weighted,1,pancreas,0.4916347265316055,nan,0.49160551115125184,8081,241934119,14808,1904
UKCHLL073,annotation_3_vs_weighted,annotation_3.nii.gz,weighted,2,kidney,0.882856663822248,nan,0.882665111004145,352801,241512487,3902,89722
UKCHLL073,annotation_3_vs_weighted,annotation_3.nii.gz,weighted,3,liver,0.978286508072097,nan,0.9781168398592676,1835265,240042178,43027,38442
UKCHLL075,annotation_1_vs_annotation_2,annotation_1.nii.gz,annotation_2.nii.gz,0,background,0.9996292083093952,nan,0.9753717969409367,266360784,3974222,106568,91034
UKCHLL075,annotation_1_vs_annotation_2,annotation_1.nii.gz,annotation_2.nii.gz,1,pancreas,0.855561282098695,nan,0.8554934572456622,108732,270387163,14572,22141
UKCHLL075,annotation_1_vs_annotation_2,annotation_1.nii.gz,annotation_2.nii.gz,2,kidney,0.9608647240583921,nan,0.9607692065832244,632973,269848074,18886,32675
UKCHLL075,annotation_1_vs_annotation_2,annotation_1.nii.gz,annotation_2.nii.gz,3,liver,0.9832987596362963,nan,0.9830933306528946,3232281,267190527,57812,51988
UKCHLL075,annotation_1_vs_annotation_3,annotation_1.nii.gz,annotation_3.nii.gz,0,background,0.9994514632277935,nan,0.9638310912298179,266283576,3956739,183776,108517
UKCHLL075,annotation_1_vs_annotation_3,annotation_1.nii.gz,annotation_3.nii.gz,1,pancreas,0.7963080992367628,nan,0.7962135786322242,99951,270381523,23353,27781
UKCHLL075,annotation_1_vs_annotation_3,annotation_1.nii.gz,annotation_3.nii.gz,2,kidney,0.934651183961342,nan,0.9344890401534378,626292,269818738,25567,62011
UKCHLL075,annotation_1_vs_annotation_3,annotation_1.nii.gz,annotation_3.nii.gz,3,liver,0.9766891982294247,nan,0.9764007024005797,3230191,267148226,59902,94289
UKCHLL075,annotation_1_vs_weighted,annotation_1.nii.gz,weighted,0,background,0.9990892270102292,nan,0.9386073032947438,266276474,3770657,190878,294599
UKCHLL075,annotation_1_vs_weighted,annotation_1.nii.gz,weighted,1,pancreas,0.841390636565507,nan,0.8413147460737671,109125,270382341,14179,26963
UKCHLL075,annotation_1_vs_weighted,annotation_1.nii.gz,weighted,2,kidney,0.9351450394612789,nan,0.9349808679891293,640255,269803546,11604,77203
UKCHLL075,annotation_1_vs_weighted,annotation_1.nii.gz,weighted,3,liver,0.9441979643274344,nan,0.9435307579631973,3020528,267155054,269565,87461
UKCHLL075,annotation_2_vs_annotation_3,annotation_2.nii.gz,annotation_3.nii.gz,0,background,0.9995717789106912,nan,0.971817692261907,266307868,3996565,143950,84225
UKCHLL075,annotation_2_vs_annotation_3,annotation_2.nii.gz,annotation_3.nii.gz,1,pancreas,0.8158001585429516,nan,0.8157120901496475,105485,270379488,25388,22247
UKCHLL075,annotation_2_vs_annotation_3,annotation_2.nii.gz,annotation_3.nii.gz,2,kidney,0.9435053410352369,nan,0.943363655034719,638730,269817387,26918,49573
UKCHLL075,annotation_2_vs_annotation_3,annotation_2.nii.gz,annotation_3.nii.gz,3,liver,0.9841668975474783,nan,0.9839711228029163,3252056,267175915,32213,72424
UKCHLL075,annotation_2_vs_weighted,annotation_2.nii.gz,weighted,0,background,0.9990975678378511,nan,0.9392870801866959,266270937,3780654,180881,300136
UKCHLL075,annotation_2_vs_weighted,annotation_2.nii.gz,weighted,1,pancreas,0.8175800959690741,nan,0.8174900801329711,109131,270374778,21742,26957
UKCHLL075,annotation_2_vs_weighted,annotation_2.nii.gz,weighted,2,kidney,0.9370503779175277,nan,0.9368892765660943,648020,269797522,17628,69438
UKCHLL075,annotation_2_vs_weighted,annotation_2.nii.gz,weighted,3,liver,0.9458197713546606,nan,0.9451725206149597,3022962,267163312,261307,85027
UKCHLL075,annotation_3_vs_weighted,annotation_3.nii.gz,weighted,0,background,0.9990074323447711,nan,0.9337155597986099,266217082,3786524,175011,353991
UKCHLL075,annotation_3_vs_weighted,annotation_3.nii.gz,weighted,1,pancreas,0.7795314987491472,nan,0.7794240551983689,102828,270371616,24904,33260
UKCHLL075,annotation_3_vs_weighted,annotation_3.nii.gz,weighted,2,kidney,0.9292689155553469,nan,0.9290847473375266,653165,269780012,35138,64293
UKCHLL075,annotation_3_vs_weighted,annotation_3.nii.gz,weighted,3,liver,0.9419729811367921,nan,0.9412756255713796,3029606,267129745,294874,78383
UKCHLL076,annotation_1_vs_annotation_2,annotation_1.nii.gz,annotation_2.nii.gz,0,background,0.9997595553601757,nan,0.9799636500571436,254016105,3024976,61469,60714
UKCHLL076,annotation_1_vs_annotation_2,annotation_1.nii.gz,annotation_2.nii.gz,1,pancreas,0.9201430026397289,nan,0.9201131773540203,88538,257059358,3172,12196
UKCHLL076,annotation_1_vs_annotation_2,annotation_1.nii.gz,annotation_2.nii.gz,2,kidney,0.9563315864832687,nan,0.9562716732031863,336962,256795529,14421,16352
UKCHLL076,annotation_1_vs_annotation_2,annotation_1.nii.gz,annotation_2.nii.gz,3,liver,0.9854543910381699,nan,0.9853036642354485,2599133,254487403,43464,33264
UKCHLL076,annotation_1_vs_annotation_3,annotation_1.nii.gz,annotation_3.nii.gz,0,background,0.9998379583805274,nan,0.9865395470020804,254026274,3054651,51300,31039
UKCHLL076,annotation_1_vs_annotation_3,annotation_1.nii.gz,annotation_3.nii.gz,1,pancreas,0.9567459242809945,nan,0.9567303922714424,88322,257066956,3388,4598
UKCHLL076,annotation_1_vs_annotation_3,annotation_1.nii.gz,annotation_3.nii.gz,2,kidney,0.9749365832920003,nan,0.9749021499094601,343982,256801596,7401,10285
UKCHLL076,annotation_1_vs_annotation_3,annotation_1.nii.gz,annotation_3.nii.gz,3,liver,0.9893104808369021,nan,0.9891991533993589,2622346,254484249,20251,36418
UKCHLL076,annotation_1_vs_weighted,annotation_1.nii.gz,weighted,0,background,0.9995399329195918,nan,0.9620514728540195,253928684,3000824,148890,84866
UKCHLL076,annotation_1_vs_weighted,annotation_1.nii.gz,weighted,1,pancreas,0.832065453725526,nan,0.8320046265895489,77494,257054489,14216,17065
UKCHLL076,annotation_1_vs_weighted,annotation_1.nii.gz,weighted,2,kidney,0.9005295749754706,nan,0.9003816562294438,346472,256740251,4911,71630
UKCHLL076,annotation_1_vs_weighted,annotation_1.nii.gz,weighted,3,liver,0.9760374267233624,nan,0.9757888958620227,2576568,254460182,66029,60485
UKCHLL076,annotation_2_vs_annotation_3,annotation_2.nii.gz,annotation_3.nii.gz,0,background,0.9997692971351115,nan,0.9808383396104292,254008452,3037584,68367,48861
UKCHLL076,annotation_2_vs_annotation_3,annotation_2.nii.gz,annotation_3.nii.gz,1,pancreas,0.9306804920115257,nan,0.9306544245565714,90115,257059725,10619,2805
UKCHLL076,annotation_2_vs_annotation_3,annotation_2.nii.gz,annotation_3.nii.gz,2,kidney,0.9637850648900974,nan,0.9637351739084434,340978,256796661,12336,13289
UKCHLL076,annotation_2_vs_annotation_3,annotation_2.nii.gz,annotation_3.nii.gz,3,liver,0.9850907957629715,nan,0.9849358261365057,2606137,254478240,26260,52627
UKCHLL076,annotation_2_vs_weighted,annotation_2.nii.gz,weighted,0,background,0.9995305618556214,nan,0.9612831895594043,253925926,2998821,150893,87624
UKCHLL076,annotation_2_vs_weighted,annotation_2.nii.gz,weighted,1,pancreas,0.8271469023467303,nan,0.827081309681578,80768,257048739,19966,13791
UKCHLL076,annotation_2_vs_weighted,annotation_2.nii.gz,weighted,2,kidney,0.8998205896688687,nan,0.8996711722418532,347068,256738916,6246,71034
UKCHLL076,annotation_2_vs_weighted,annotation_2.nii.gz,weighted,3,liver,0.9757830513620966,nan,0.9755323724012182,2570920,254464734,61477,66133
UKCHLL076,annotation_3_vs_weighted,annotation_3.nii.gz,weighted,0,background,0.9995151680248981,nan,0.960138243311221,253912267,3004668,145046,101283
UKCHLL076,annotation_3_vs_weighted,annotation_3.nii.gz,weighted,1,pancreas,0.8334586807055724,nan,0.8333979566410614,78128,257053913,14792,16431
UKCHLL076,annotation_3_vs_weighted,annotation_3.nii.gz,weighted,2,kidney,0.9004452534992989,nan,0.9002965506260459,347738,256738633,6529,70364
UKCHLL076,annotation_3_vs_weighted,annotation_3.nii.gz,weighted,3,liver,0.9737912016219594,nan,0.9735185370460295,2578510,254445957,80254,58543
UKCHLL077,annotation_1_vs_annotation_2,annotation_1.nii.gz,annotation_2.nii.gz,0,background,0.9996152917786164,nan,0.9662945027184136,232369861,2594449,110973,67885
UKCHLL077,annotation_1_vs_annotation_2,annotation_1.nii.gz,annotation_2.nii.gz,1,pancreas,0.8666585503993732,nan,0.866605327335547,81865,235036112,4815,20376
UKCHLL077,annotation_1_vs_annotation_2,annotation_1.nii.gz,annotation_2.nii.gz,2,kidney,0.9581752665377925,nan,0.9580721873531672,554153,234540637,12299,36079
UKCHLL077,annotation_1_vs_annotation_2,annotation_1.nii.gz,annotation_2.nii.gz,3,liver,0.9738227132695914,nan,0.9735968994258022,1958431,233079448,50771,54518
UKCHLL077,annotation_1_vs_annotation_3,annotation_1.nii.gz,annotation_3.nii.gz,0,background,0.9994959276242213,nan,0.9556828649969358,232351420,2557386,129414,104948
UKCHLL077,annotation_1_vs_annotation_3,annotation_1.nii.gz,annotation_3.nii.gz,1,pancreas,0.8836840015879317,nan,0.883639214022172,80136,235041936,6544,14552
UKCHLL077,annotation_1_vs_annotation_3,annotation_1.nii.gz,annotation_3.nii.gz,2,kidney,0.9543130696237117,nan,0.9541999706074619,554485,234535592,11967,41124
UKCHLL077,annotation_1_vs_annotation_3,annotation_1.nii.gz,annotation_3.nii.gz,3,liver,0.9600132810578912,nan,0.9596697682338393,1922765,233060228,86437,73738
UKCHLL077,annotation_1_vs_weighted,annotation_1.nii.gz,weighted,0,background,0.99947203325007,nan,0.9540601936644459,232318053,2579673,162781,82661
UKCHLL077,annotation_1_vs_weighted,annotation_1.nii.gz,weighted,1,pancreas,0.7531310818546079,nan,0.7530393473423111,65786,235034254,20894,22234
UKCHLL077,annotation_1_vs_weighted,annotation_1.nii.gz,weighted,2,kidney,0.926068451589568,nan,0.9258783860001252,560715,234492925,5737,83791
UKCHLL077,annotation_1_vs_weighted,annotation_1.nii.gz,weighted,3,liver,0.9719377079119113,nan,0.9716958165782794,1953172,233077210,56030,56756
UKCHLL077,annotation_2_vs_annotation_3,annotation_2.nii.gz,annotation_3.nii.gz,0,background,0.9995982181869483,nan,0.9649583287570719,232353664,2602718,84082,102704
UKCHLL077,annotation_2_vs_annotation_3,annotation_2.nii.gz,annotation_3.nii.gz,1,pancreas,0.9212152603222481,nan,0.9211823045328433,90707,235036946,11534,3981
UKCHLL077,annotation_2_vs_annotation_3,annotation_2.nii.gz,annotation_3.nii.gz,2,kidney,0.979448340882125,nan,0.9793963893324612,580735,234538062,9497,14874
UKCHLL077,annotation_2_vs_annotation_3,annotation_2.nii.gz,annotation_3.nii.gz,3,liver,0.9633615765945072,nan,0.9630465330823355,1931276,233064992,81673,65227
UKCHLL077,annotation_2_vs_weighted,annotation_2.nii.gz,weighted,0,background,0.9994610471775507,nan,0.9534750770963849,232293967,2598675,143779,106747
UKCHLL077,annotation_2_vs_weighted,annotation_2.nii.gz,weighted,1,pancreas,0.782766830827127,nan,0.7826794018896756,74465,235027372,27776,13555
UKCHLL077,annotation_2_vs_weighted,annotation_2.nii.gz,weighted,2,kidney,0.9370506131665179,nan,0.9368852253289364,578506,234486936,11726,66000
UKCHLL077,annotation_2_vs_weighted,annotation_2.nii.gz,weighted,3,liver,0.9673196570514088,nan,0.9670376943054931,1945704,233065995,67245,64224
UKCHLL077,annotation_3_vs_weighted,annotation_3.nii.gz,weighted,0,background,0.9993798308960689,nan,0.9462805207396023,232284396,2570482,171972,116318
UKCHLL077,annotation_3_vs_weighted,annotation_3.nii.gz,weighted,1,pancreas,0.7832169363136808,nan,0.7831327948122505,71550,235032010,23138,16470
UKCHLL077,annotation_3_vs_weighted,annotation_3.nii.gz,weighted,2,kidney,0.9378339912024288,nan,0.9376698862051902,581511,234484564,14098,62995
UKCHLL077,annotation_3_vs_weighted,annotation_3.nii.gz,weighted,3,liver,0.9571701097560398,nan,0.9568021053559199,1917418,233054155,79085,92510
UKCHLL078,annotation_1_vs_annotation_2,annotation_1.nii.gz,annotation_2.nii.gz,0,background,0.9995379923195162,nan,0.9694979702371925,236635604,3531688,157387,61369
UKCHLL078,annotation_1_vs_annotation_2,annotation_1.nii.gz,annotation_2.nii.gz,1,pancreas,0.885691483901305,nan,0.8856199986477803,133731,240217798,6590,27929
UKCHLL078,annotation_1_vs_annotation_2,annotation_1.nii.gz,annotation_2.nii.gz,2,kidney,0.9445552885968836,nan,0.9444425416962539,461343,239870544,10103,44058
UKCHLL078,annotation_1_vs_annotation_2,annotation_1.nii.gz,annotation_2.nii.gz,3,liver,0.9783325981826008,nan,0.9780586333795773,2936614,237319358,44676,85400
UKCHLL078,annotation_1_vs_annotation_3,annotation_1.nii.gz,annotation_3.nii.gz,0,background,0.9993780358772585,nan,0.9586155539874635,236626039,3465480,166952,127577
UKCHLL078,annotation_1_vs_annotation_3,annotation_1.nii.gz,annotation_3.nii.gz,1,pancreas,0.9143934517339749,nan,0.9143428094655895,129976,240231735,10345,13992
UKCHLL078,annotation_1_vs_annotation_3,annotation_1.nii.gz,annotation_3.nii.gz,2,kidney,0.9403740077480911,nan,0.940252469935501,460472,239867182,10974,47420
UKCHLL078,annotation_1_vs_annotation_3,annotation_1.nii.gz,annotation_3.nii.gz,3,liver,0.9644745215504821,nan,0.9640284528229703,2875032,237299218,106258,105540
UKCHLL078,annotation_1_vs_weighted,annotation_1.nii.gz,weighted,0,background,0.999210927659292,nan,0.948254848965728,236533585,3478884,259406,114173
UKCHLL078,annotation_1_vs_weighted,annotation_1.nii.gz,weighted,1,pancreas,0.6650826973045398,nan,0.6648403301020792,122606,240139960,17715,105767
UKCHLL078,annotation_1_vs_weighted,annotation_1.nii.gz,weighted,2,kidney,0.9193545518324918,nan,0.9191852328167904,465198,239839236,6248,75366
UKCHLL078,annotation_1_vs_weighted,annotation_1.nii.gz,weighted,3,liver,0.9716865891635577,nan,0.9713317561785353,2891080,237326485,90210,78273
UKCHLL078,annotation_2_vs_annotation_3,annotation_2.nii.gz,annotation_3.nii.gz,0,background,0.9994443749651772,nan,0.9635145106969296,236593764,3529223,103209,159852
UKCHLL078,annotation_2_vs_annotation_3,annotation_2.nii.gz,annotation_3.nii.gz,1,pancreas,0.9185349509861662,nan,0.9184833042701841,140365,240220785,21295,3603
UKCHLL078,annotation_2_vs_annotation_3,annotation_2.nii.gz,annotation_3.nii.gz,2,kidney,0.9779737943516831,nan,0.9779272733400993,495487,239868242,9914,12405
UKCHLL078,annotation_2_vs_annotation_3,annotation_2.nii.gz,annotation_3.nii.gz,3,liver,0.9640414981143127,nan,0.9635868910322224,2893371,237276833,128643,87201
UKCHLL078,annotation_2_vs_weighted,annotation_2.nii.gz,weighted,0,background,0.9992064831920565,nan,0.948635824934613,236484562,3525879,212411,163196
UKCHLL078,annotation_2_vs_weighted,annotation_2.nii.gz,weighted,1,pancreas,0.6723123428017629,nan,0.6720540757803627,131112,240127127,30548,97261
UKCHLL078,annotation_2_vs_weighted,annotation_2.nii.gz,weighted,2,kidney,0.9398364190006357,nan,0.939705390645916,491518,239831601,13883,49046
UKCHLL078,annotation_2_vs_weighted,annotation_2.nii.gz,weighted,3,liver,0.9691441035075968,nan,0.9687547563280501,2903249,237297930,118765,66104
UKCHLL078,annotation_3_vs_weighted,annotation_3.nii.gz,weighted,0,background,0.9990665046105253,nan,0.9391108369447966,236479728,3464402,273888,168030
UKCHLL078,annotation_3_vs_weighted,annotation_3.nii.gz,weighted,1,pancreas,0.6746020448997021,nan,0.6743628099618935,125591,240139298,18377,102782
UKCHLL078,annotation_3_vs_weighted,annotation_3.nii.gz,weighted,2,kidney,0.9371780980794616,nan,0.9370409318147883,491295,239828887,16597,49269
UKCHLL078,annotation_3_vs_weighted,annotation_3.nii.gz,weighted,3,liver,0.9571603003399203,nan,0.9566234844581634,2847516,237283639,133056,121837
UKCHLL080,annotation_1_vs_annotation_2,annotation_1.nii.gz,annotation_2.nii.gz,0,background,0.9995302556762766,nan,0.9592481028956262,231805517,2595482,164359,53522
UKCHLL080,annotation_1_vs_annotation_2,annotation_1.nii.gz,annotation_2.nii.gz,1,pancreas,0.7506852798522115,nan,0.7505461538355029,100370,234451841,13806,52863
UKCHLL080,annotation_1_vs_annotation_2,annotation_1.nii.gz,annotation_2.nii.gz,2,kidney,0.9444207858887332,nan,0.9443420163897618,313806,234268139,9705,27230
UKCHLL080,annotation_1_vs_annotation_2,annotation_1.nii.gz,annotation_2.nii.gz,3,liver,0.9728510132817678,nan,0.9725895347776731,2177673,232319664,33644,87899
UKCHLL080,annotation_1_vs_annotation_3,annotation_1.nii.gz,annotation_3.nii.gz,0,background,0.9995171084814164,nan,0.957850024837906,231818976,2575909,150900,73095
UKCHLL080,annotation_1_vs_annotation_3,annotation_1.nii.gz,annotation_3.nii.gz,1,pancreas,0.7354944252227505,nan,0.7353654918775243,84074,234474335,30102,30369
UKCHLL080,annotation_1_vs_annotation_3,annotation_1.nii.gz,annotation_3.nii.gz,2,kidney,0.9461077665406851,nan,0.9460308608118543,316667,234266137,6844,29232
UKCHLL080,annotation_1_vs_annotation_3,annotation_1.nii.gz,annotation_3.nii.gz,3,liver,0.9703916044186142,nan,0.9701063825800581,2172602,232313698,38715,93865
UKCHLL080,annotation_1_vs_weighted,annotation_1.nii.gz,weighted,0,background,0.999162375044682,nan,0.9234594001244115,231856976,2373160,112900,275844
UKCHLL080,annotation_1_vs_weighted,annotation_1.nii.gz,weighted,1,pancreas,0.7628828288320381,nan,0.7627755047451621,81379,234486913,32797,17791
UKCHLL080,annotation_1_vs_weighted,annotation_1.nii.gz,weighted,2,kidney,0.8496942855994136,nan,0.8494868553309928,274741,234246939,48770,48430
UKCHLL080,annotation_1_vs_weighted,annotation_1.nii.gz,weighted,3,liver,0.9425389634145771,nan,0.9420112813393486,2014694,232358538,196623,49025
UKCHLL080,annotation_2_vs_annotation_3,annotation_2.nii.gz,annotation_3.nii.gz,0,background,0.9995634296163733,nan,0.9626629690159193,231774325,2642095,84714,117746
UKCHLL080,annotation_2_vs_annotation_3,annotation_2.nii.gz,annotation_3.nii.gz,1,pancreas,0.7463276498453354,nan,0.7461859025167027,99887,234451091,53346,14556
UKCHLL080,annotation_2_vs_annotation_3,annotation_2.nii.gz,annotation_3.nii.gz,2,kidney,0.9493824015372634,nan,0.9493081955963024,326082,234258027,14954,19817
UKCHLL080,annotation_2_vs_annotation_3,annotation_2.nii.gz,annotation_3.nii.gz,3,liver,0.9758499430388838,nan,0.9756144198018227,2211295,232298136,54277,55172
UKCHLL080,annotation_2_vs_weighted,annotation_2.nii.gz,weighted,0,background,0.9990669426809922,nan,0.9165420308121556,231779464,2406485,79575,353356
UKCHLL080,annotation_2_vs_weighted,annotation_2.nii.gz,weighted,1,pancreas,0.6979948732780513,nan,0.6978397980582544,88088,234454565,65145,11082
UKCHLL080,annotation_2_vs_weighted,annotation_2.nii.gz,weighted,2,kidney,0.8502018196134639,nan,0.849989633249441,282355,234237028,58681,40816
UKCHLL080,annotation_2_vs_weighted,annotation_2.nii.gz,weighted,3,liver,0.9386996623696582,nan,0.9381300777398505,2031952,232321541,233620,31767
UKCHLL080,annotation_3_vs_weighted,annotation_3.nii.gz,weighted,0,background,0.9990746336924413,nan,0.9167049068035535,231797749,2391738,94322,335071
UKCHLL080,annotation_3_vs_weighted,annotation_3.nii.gz,weighted,1,pancreas,0.7018767584369865,nan,0.7017416751933864,74965,234480232,39478,24205
UKCHLL080,annotation_3_vs_weighted,annotation_3.nii.gz,weighted,2,kidney,0.8471669630980316,nan,0.846948984736124,283407,234233217,62492,39764
UKCHLL080,annotation_3_vs_weighted,annotation_3.nii.gz,weighted,3,liver,0.9375675779285232,nan,0.9369873640713426,2029921,232318615,236546,33798
UKCHLL081,annotation_1_vs_annotation_2,annotation_1.nii.gz,annotation_2.nii.gz,0,background,0.9996543920504743,nan,0.9701557639384649,212913389,2421759,90049,57171
UKCHLL081,annotation_1_vs_annotation_2,annotation_1.nii.gz,annotation_2.nii.gz,1,pancreas,0.8476735002614044,nan,0.847610777778622,76205,215378775,3274,24114
UKCHLL081,annotation_1_vs_annotation_2,annotation_1.nii.gz,annotation_2.nii.gz,2,kidney,0.9422285739522949,nan,0.9421099775858759,416017,215015336,19690,31325
UKCHLL081,annotation_1_vs_annotation_2,annotation_1.nii.gz,annotation_2.nii.gz,3,liver,0.9822614731416935,nan,0.9820983139200145,1929108,213483585,34636,35039
UKCHLL081,annotation_1_vs_annotation_3,annotation_1.nii.gz,annotation_3.nii.gz,0,background,0.9997780577568713,nan,0.9807586379808336,212949583,2438239,53855,40691
UKCHLL081,annotation_1_vs_annotation_3,annotation_1.nii.gz,annotation_3.nii.gz,1,pancreas,0.9505822475316072,nan,0.9505638576963102,76202,215398243,3277,4646
UKCHLL081,annotation_1_vs_annotation_3,annotation_1.nii.gz,annotation_3.nii.gz,2,kidney,0.9668329513280302,nan,0.9667654596735225,423089,215030251,12618,16410
UKCHLL081,annotation_1_vs_annotation_3,annotation_1.nii.gz,annotation_3.nii.gz,3,liver,0.9852010841849212,nan,0.9850646983106094,1938625,213485502,25119,33122
UKCHLL081,annotation_1_vs_weighted,annotation_1.nii.gz,weighted,0,background,0.9992539407908196,nan,0.936291480864283,212800089,2364519,203349,114411
UKCHLL081,annotation_1_vs_weighted,annotation_1.nii.gz,weighted,1,pancreas,0.41203690015079386,nan,0.411857930425149,27871,215374955,51608,27934
UKCHLL081,annotation_1_vs_weighted,annotation_1.nii.gz,weighted,2,kidney,0.8883548598454214,nan,0.8881097175482898,422343,214953868,13364,92793
UKCHLL081,annotation_1_vs_weighted,annotation_1.nii.gz,weighted,3,liver,0.9663817065340696,nan,0.9660699025538226,1913760,213435457,49984,83167
UKCHLL081,annotation_2_vs_annotation_3,annotation_2.nii.gz,annotation_3.nii.gz,0,background,0.9998521319450698,nan,0.9872647574560195,212948924,2470458,21636,41350
UKCHLL081,annotation_2_vs_annotation_3,annotation_2.nii.gz,annotation_3.nii.gz,1,pancreas,0.8809661803750131,nan,0.8809166989151821,79801,215381002,20518,1047
UKCHLL081,annotation_2_vs_annotation_3,annotation_2.nii.gz,annotation_3.nii.gz,2,kidney,0.971353376760885,nan,0.9712943106958071,430718,215026245,16624,8781
UKCHLL081,annotation_2_vs_annotation_3,annotation_2.nii.gz,annotation_3.nii.gz,3,liver,0.9958875925012208,nan,0.9958496888808993,1959854,213506328,4293,11893
UKCHLL081,annotation_2_vs_weighted,annotation_2.nii.gz,weighted,0,background,0.999211571309874,nan,0.9331090272907226,212774640,2371948,195920,139860
UKCHLL081,annotation_2_vs_weighted,annotation_2.nii.gz,weighted,1,pancreas,0.3738054367041582,nan,0.3735969594153892,29180,215355424,71139,26625
UKCHLL081,annotation_2_vs_weighted,annotation_2.nii.gz,weighted,2,kidney,0.8728573536226283,nan,0.8725741841420439,420053,214939943,27289,95083
UKCHLL081,annotation_2_vs_weighted,annotation_2.nii.gz,weighted,3,liver,0.963964823681658,nan,0.963630568623227,1909168,213430462,54979,87759
UKCHLL081,annotation_3_vs_weighted,annotation_3.nii.gz,weighted,0,background,0.999235697696124,nan,0.9349033721923694,212789627,2367221,200647,124873
UKCHLL081,annotation_3_vs_weighted,annotation_3.nii.gz,weighted,1,pancreas,0.40929946653201904,nan,0.4091183984310133,27966,215373681,52882,27839
UKCHLL081,annotation_3_vs_weighted,annotation_3.nii.gz,weighted,2,kidney,0.8912788657444992,nan,0.8910390201775743,425423,214953156,14076,89713
UKCHLL081,annotation_3_vs_weighted,annotation_3.nii.gz,weighted,3,liver,0.9642333938237305,nan,0.9639009780347362,1913364,213427058,58383,83563
UKCHLL082,annotation_1_vs_annotation_2,annotation_1.nii.gz,annotation_2.nii.gz,0,background,0.999763702566328,nan,0.978073717547016,228405966,2434929,47971,59998
UKCHLL082,annotation_1_vs_annotation_2,annotation_1.nii.gz,annotation_2.nii.gz,1,pancreas,0.9523598272066367,nan,0.9523412254640498,85870,230854403,2836,5755
UKCHLL082,annotation_1_vs_annotation_2,annotation_1.nii.gz,annotation_2.nii.gz,2,kidney,0.9609686972132109,nan,0.960920814625443,271933,230654841,11979,10111
UKCHLL082,annotation_1_vs_annotation_2,annotation_1.nii.gz,annotation_2.nii.gz,3,liver,0.9815339096404618,nan,0.9813631754923628,2076700,228794024,45609,32531
UKCHLL082,annotation_1_vs_annotation_3,annotation_1.nii.gz,annotation_3.nii.gz,0,background,0.9946736959205903,nan,0.038814606424728094,228452262,49958,1675,2444969
UKCHLL082,annotation_1_vs_annotation_3,annotation_1.nii.gz,annotation_3.nii.gz,1,pancreas,0.0,nan,0.0,0,230860158,88706,0
UKCHLL082,annotation_1_vs_annotation_3,annotation_1.nii.gz,annotation_3.nii.gz,2,kidney,0.2977722809161215,nan,0.2975065042743988,49958,230663277,233954,1675
UKCHLL082,annotation_1_vs_annotation_3,annotation_1.nii.gz,annotation_3.nii.gz,3,liver,0.0,nan,0.0,0,228826555,2122309,0
UKCHLL082,annotation_1_vs_weighted,annotation_1.nii.gz,weighted,0,background,0.9995913694056335,nan,0.962184078232083,228359928,2402230,94009,92697
UKCHLL082,annotation_1_vs_weighted,annotation_1.nii.gz,weighted,1,pancreas,0.8320246645574005,nan,0.8319616901661424,72055,230847715,16651,12443
UKCHLL082,annotation_1_vs_weighted,annotation_1.nii.gz,weighted,2,kidney,0.926601059352515,nan,0.926505199137735,280162,230624317,3750,40635
UKCHLL082,annotation_1_vs_weighted,annotation_1.nii.gz,weighted,3,liver,0.9729835829939479,nan,0.9727348950003245,2049713,228785324,72596,41231
UKCHLL082,annotation_2_vs_annotation_3,annotation_2.nii.gz,annotation_3.nii.gz,0,background,0.9946987546531671,nan,0.038771973298184284,228463999,49668,1965,2433232
UKCHLL082,annotation_2_vs_annotation_3,annotation_2.nii.gz,annotation_3.nii.gz,1,pancreas,0.0,nan,0.0,0,230857239,91625,0
UKCHLL082,annotation_2_vs_annotation_3,annotation_2.nii.gz,annotation_3.nii.gz,2,kidney,0.2977010701966273,nan,0.297435537322685,49668,230664855,232376,1965
UKCHLL082,annotation_2_vs_annotation_3,annotation_2.nii.gz,annotation_3.nii.gz,3,liver,0.0,nan,0.0,0,228839633,2109231,0
UKCHLL082,annotation_2_vs_weighted,annotation_2.nii.gz,weighted,0,background,0.9995848122519699,nan,0.9614844529324884,228364441,2394716,101523,88184
UKCHLL082,annotation_2_vs_weighted,annotation_2.nii.gz,weighted,1,pancreas,0.8191888623291677,nan,0.8191200051789168,72139,230844880,19486,12359
UKCHLL082,annotation_2_vs_weighted,annotation_2.nii.gz,weighted,2,kidney,0.9210156575282703,nan,0.92091286432638,277613,230623636,4431,43184
UKCHLL082,annotation_2_vs_weighted,annotation_2.nii.gz,weighted,3,liver,0.9734299166106174,nan,0.9731860943214894,2044288,228792977,64943,46656
UKCHLL082,annotation_3_vs_weighted,annotation_3.nii.gz,weighted,0,background,0.99467445571595,nan,0.03944933997020419,228451784,50792,2445447,841
UKCHLL082,annotation_3_vs_weighted,annotation_3.nii.gz,weighted,1,pancreas,0.0,nan,0.0,0,230864366,0,84498
UKCHLL082,annotation_3_vs_weighted,annotation_3.nii.gz,weighted,2,kidney,0.2727599817415353,nan,0.2724797790939495,50792,230627226,841,270005
UKCHLL082,annotation_3_vs_weighted,annotation_3.nii.gz,weighted,3,liver,0.0,nan,0.0,0,228857920,0,2090944
UKCHLL083,annotation_1_vs_annotation_2,annotation_1.nii.gz,annotation_2.nii.gz,0,background,0.9992162663704701,nan,0.9629683700783235,155631742,3245527,193447,50692
UKCHLL083,annotation_1_vs_annotation_2,annotation_1.nii.gz,annotation_2.nii.gz,1,pancreas,0.8848097718747996,nan,0.8847029278512536,131039,158956250,7300,26819
UKCHLL083,annotation_1_vs_annotation_2,annotation_1.nii.gz,annotation_2.nii.gz,2,kidney,0.9365549923838199,nan,0.9363307544388271,525693,158524491,13233,57991
UKCHLL083,annotation_1_vs_annotation_2,annotation_1.nii.gz,annotation_2.nii.gz,3,liver,0.9738927910802564,nan,0.9734493474176314,2588795,156393817,30159,108637
UKCHLL083,annotation_1_vs_annotation_3,annotation_1.nii.gz,annotation_3.nii.gz,0,background,0.9991116065087915,nan,0.9582699187995571,155595566,3249136,229623,47083
UKCHLL083,annotation_1_vs_annotation_3,annotation_1.nii.gz,annotation_3.nii.gz,1,pancreas,0.900823548821734,nan,0.900733017394397,131041,158961513,7298,21556
UKCHLL083,annotation_1_vs_annotation_3,annotation_1.nii.gz,annotation_3.nii.gz,2,kidney,0.9304282836447126,nan,0.9301802442678662,527223,158515340,11703,67142
UKCHLL083,annotation_1_vs_annotation_3,annotation_1.nii.gz,annotation_3.nii.gz,3,liver,0.9684143403421314,nan,0.9678744399498334,2590872,156361529,28082,140925
UKCHLL083,annotation_1_vs_weighted,annotation_1.nii.gz,weighted,0,background,0.9988681423201805,nan,0.9465214870538319,155577390,3191436,247799,104783
UKCHLL083,annotation_1_vs_weighted,annotation_1.nii.gz,weighted,1,pancreas,0.8215238227531602,nan,0.821362431794689,118283,158951731,20056,31338
UKCHLL083,annotation_1_vs_weighted,annotation_1.nii.gz,weighted,2,kidney,0.8878080442027568,nan,0.8873873199963667,533455,158453128,5471,129354
UKCHLL083,annotation_1_vs_weighted,annotation_1.nii.gz,weighted,3,liver,0.9682861908067069,nan,0.9677546758374977,2539698,156415347,79256,87107
UKCHLL083,annotation_2_vs_annotation_3,annotation_2.nii.gz,annotation_3.nii.gz,0,background,0.9996540111739085,nan,0.9840831703977057,155608684,3405009,73750,33965
UKCHLL083,annotation_2_vs_annotation_3,annotation_2.nii.gz,annotation_3.nii.gz,1,pancreas,0.955346185437503,nan,0.9553025943572372,148296,158959249,9562,4301
UKCHLL083,annotation_2_vs_annotation_3,annotation_2.nii.gz,annotation_3.nii.gz,2,kidney,0.9752599424981474,nan,0.9751680288001544,574452,158517811,9232,19913
UKCHLL083,annotation_2_vs_annotation_3,annotation_2.nii.gz,annotation_3.nii.gz,3,liver,0.9880817331521659,nan,0.9878748867578196,2682261,156374440,15171,49536
UKCHLL083,annotation_2_vs_weighted,annotation_2.nii.gz,weighted,0,background,0.9989483486798485,nan,0.9513419150880013,155518580,3275381,163854,163593
UKCHLL083,annotation_2_vs_weighted,annotation_2.nii.gz,weighted,1,pancreas,0.8568975442225323,nan,0.8567592475708206,131739,158945668,26119,17882
UKCHLL083,annotation_2_vs_weighted,annotation_2.nii.gz,weighted,2,kidney,0.9049693820984153,nan,0.904597214311391,564019,158438934,19665,98790
UKCHLL083,annotation_2_vs_weighted,annotation_2.nii.gz,weighted,3,liver,0.9690113343940174,nan,0.9684841637991661,2579623,156376794,117809,47182
UKCHLL083,annotation_3_vs_weighted,annotation_3.nii.gz,weighted,0,background,0.998922167536002,nan,0.9504173912659685,155494633,3291219,148016,187540
UKCHLL083,annotation_3_vs_weighted,annotation_3.nii.gz,weighted,1,pancreas,0.8555479819203357,nan,0.8554106865794886,129281,158948471,23316,20340
UKCHLL083,annotation_3_vs_weighted,annotation_3.nii.gz,weighted,2,kidney,0.908162275070913,nan,0.9077991279166938,570859,158435093,23506,91950
UKCHLL083,annotation_3_vs_weighted,annotation_3.nii.gz,weighted,3,liver,0.9670727551700985,nan,0.9665090479039703,2591079,156353885,140718,35726
UKCHLL084,annotation_1_vs_annotation_2,annotation_1.nii.gz,annotation_2.nii.gz,0,background,0.9996042284180686,nan,0.9693038282188692,249867224,3166021,138596,59263
UKCHLL084,annotation_1_vs_annotation_2,annotation_1.nii.gz,annotation_2.nii.gz,1,pancreas,0.9080682566822926,nan,0.9080206305397766,119228,253087735,7242,16899
UKCHLL084,annotation_1_vs_annotation_2,annotation_1.nii.gz,annotation_2.nii.gz,2,kidney,0.9499992211078142,nan,0.9498786484479268,579348,252590771,10369,50616
UKCHLL084,annotation_1_vs_annotation_2,annotation_1.nii.gz,annotation_2.nii.gz,3,liver,0.9776661212614334,nan,0.9774412990628537,2467445,250650926,41652,71081
UKCHLL084,annotation_1_vs_annotation_3,annotation_1.nii.gz,annotation_3.nii.gz,0,background,0.9995481190589857,nan,0.9651161362820807,249837846,3167362,167974,57922
UKCHLL084,annotation_1_vs_annotation_3,annotation_1.nii.gz,annotation_3.nii.gz,1,pancreas,0.9091047944891631,nan,0.9090578245058493,119040,253088260,7430,16374
UKCHLL084,annotation_1_vs_annotation_3,annotation_1.nii.gz,annotation_3.nii.gz,2,kidney,0.9425613881410926,nan,0.9424217209735427,579983,252580434,9734,60953
UKCHLL084,annotation_1_vs_annotation_3,annotation_1.nii.gz,annotation_3.nii.gz,3,liver,0.9740720505169311,nan,0.9738099969114763,2468339,250631360,40758,90647
UKCHLL084,annotation_1_vs_weighted,annotation_1.nii.gz,weighted,0,background,0.9993388115152089,nan,0.9489484857549363,249786154,3114420,219666,110864
UKCHLL084,annotation_1_vs_weighted,annotation_1.nii.gz,weighted,1,pancreas,0.8108924407717493,nan,0.8107997077765807,100680,253083465,25790,21169
UKCHLL084,annotation_1_vs_weighted,annotation_1.nii.gz,weighted,2,kidney,0.9072461591178997,nan,0.9070128776641375,579831,252532713,9886,108674
UKCHLL084,annotation_1_vs_weighted,annotation_1.nii.gz,weighted,3,liver,0.9672130724091759,nan,0.9668839939834083,2433909,250632184,75188,89823
UKCHLL084,annotation_2_vs_annotation_3,annotation_2.nii.gz,annotation_3.nii.gz,0,background,0.9998250438048222,nan,0.9866552254634481,249867404,3276253,59083,28364
UKCHLL084,annotation_2_vs_annotation_3,annotation_2.nii.gz,annotation_3.nii.gz,1,pancreas,0.9630516201973183,nan,0.9630317997394388,130754,253090317,5373,4660
UKCHLL084,annotation_2_vs_annotation_3,annotation_2.nii.gz,annotation_3.nii.gz,2,kidney,0.9763427492328272,nan,0.9762832395916851,620417,252580621,9547,20519
UKCHLL084,annotation_2_vs_annotation_3,annotation_2.nii.gz,annotation_3.nii.gz,3,liver,0.9907115471233809,nan,0.9906171104192245,2525082,250658674,13444,33904
UKCHLL084,annotation_2_vs_weighted,annotation_2.nii.gz,weighted,0,background,0.9993764578958727,nan,0.9524304027176438,249755922,3163521,170565,141096
UKCHLL084,annotation_2_vs_weighted,annotation_2.nii.gz,weighted,1,pancreas,0.8352017241913976,nan,0.8351179957236922,107731,253080859,28396,14118
UKCHLL084,annotation_2_vs_weighted,annotation_2.nii.gz,weighted,2,kidney,0.9214384259318953,nan,0.9212337787041145,607444,252520079,22520,81061
UKCHLL084,annotation_2_vs_weighted,annotation_2.nii.gz,weighted,3,liver,0.9672940415127005,nan,0.9669638369091523,2448346,250617192,90180,75386
UKCHLL084,annotation_3_vs_weighted,annotation_3.nii.gz,weighted,0,background,0.9993601028086868,nan,0.9514075216332722,249736485,3174803,159283,160533
UKCHLL084,annotation_3_vs_weighted,annotation_3.nii.gz,weighted,1,pancreas,0.8368789915378426,nan,0.8367963209361394,107649,253081490,27765,14200
UKCHLL084,annotation_3_vs_weighted,annotation_3.nii.gz,weighted,2,kidney,0.9243584333565762,nan,0.9241596105510695,614440,252516103,26496,74065
UKCHLL084,annotation_3_vs_weighted,annotation_3.nii.gz,weighted,3,liver,0.9651186628886356,nan,0.9647650716712782,2452713,250601099,106273,71019
UKCHLL086,annotation_1_vs_annotation_2,annotation_1.nii.gz,annotation_2.nii.gz,0,background,0.9996041994372968,nan,0.9666696590503168,257633852,2995404,87389,116635
UKCHLL086,annotation_1_vs_annotation_2,annotation_1.nii.gz,annotation_2.nii.gz,1,pancreas,0.9065242459185532,nan,0.9064799381238782,112026,260698151,11744,11359
UKCHLL086,annotation_1_vs_annotation_2,annotation_1.nii.gz,annotation_2.nii.gz,2,kidney,0.9615281356772274,nan,0.961463760184909,419033,260380715,11155,22377
UKCHLL086,annotation_1_vs_annotation_2,annotation_1.nii.gz,annotation_2.nii.gz,3,liver,0.9709640058793412,nan,0.9706787127412716,2464345,258221546,93736,53653
UKCHLL086,annotation_1_vs_annotation_3,annotation_1.nii.gz,annotation_3.nii.gz,0,background,0.999357244742255,nan,0.9470983041322458,257498555,3003495,222686,108544
UKCHLL086,annotation_1_vs_annotation_3,annotation_1.nii.gz,annotation_3.nii.gz,1,pancreas,0.8783060284827069,nan,0.8782451710689024,114835,260686623,8935,22887
UKCHLL086,annotation_1_vs_annotation_3,annotation_1.nii.gz,annotation_3.nii.gz,2,kidney,0.9462484970390265,nan,0.9461567471020601,421038,260364408,9150,38684
UKCHLL086,annotation_1_vs_annotation_3,annotation_1.nii.gz,annotation_3.nii.gz,3,liver,0.9514974306019606,nan,0.9510104282522489,2467622,258114084,90459,161115
UKCHLL086,annotation_1_vs_weighted,annotation_1.nii.gz,weighted,0,background,0.9995017258225319,nan,0.9588307203090147,257548014,3028479,173227,83560
UKCHLL086,annotation_1_vs_weighted,annotation_1.nii.gz,weighted,1,pancreas,0.8036383047935208,nan,0.8035481009691018,96349,260689847,27421,19663
UKCHLL086,annotation_1_vs_weighted,annotation_1.nii.gz,weighted,2,kidney,0.9190535139686318,nan,0.9189112069319191,422431,260336437,7757,66655
UKCHLL086,annotation_1_vs_weighted,annotation_1.nii.gz,weighted,3,liver,0.9737537996957721,nan,0.9734918824497378,2509699,258188290,48382,86909
UKCHLL086,annotation_2_vs_annotation_3,annotation_2.nii.gz,annotation_3.nii.gz,0,background,0.9993470514277052,nan,0.9460103526093876,257510542,2986236,239945,96557
UKCHLL086,annotation_2_vs_annotation_3,annotation_2.nii.gz,annotation_3.nii.gz,1,pancreas,0.8784214900404815,nan,0.8783607901713592,114681,260686854,8704,23041
UKCHLL086,annotation_2_vs_annotation_3,annotation_2.nii.gz,annotation_3.nii.gz,2,kidney,0.9461233204458392,nan,0.9460301308558371,426291,260358439,15119,33431
UKCHLL086,annotation_2_vs_annotation_3,annotation_2.nii.gz,annotation_3.nii.gz,3,liver,0.9502195080959094,nan,0.9497237145284726,2445264,258131809,72734,183473
UKCHLL086,annotation_2_vs_weighted,annotation_2.nii.gz,weighted,0,background,0.9994063995952703,nan,0.9507263619181623,257538065,2989284,212422,93509
UKCHLL086,annotation_2_vs_weighted,annotation_2.nii.gz,weighted,1,pancreas,0.799583954686149,nan,0.7994920272358627,95709,260689592,27676,20303
UKCHLL086,annotation_2_vs_weighted,annotation_2.nii.gz,weighted,2,kidney,0.9202016988788775,nan,0.9200594834118028,428122,260330906,13288,60964
UKCHLL086,annotation_2_vs_weighted,annotation_2.nii.gz,weighted,3,liver,0.9640832548978358,nan,0.9637277123934715,2465453,258184127,52545,131155
UKCHLL086,annotation_3_vs_weighted,annotation_3.nii.gz,weighted,0,background,0.9992674831689119,nan,0.9405513092716576,257430626,3025233,176473,200948
UKCHLL086,annotation_3_vs_weighted,annotation_3.nii.gz,weighted,1,pancreas,0.7891650310955568,nan,0.7890631843989918,100119,260679665,37603,15893
UKCHLL086,annotation_3_vs_weighted,annotation_3.nii.gz,weighted,2,kidney,0.9212843905194729,nan,0.921141099196239,437061,260321533,22661,52025
UKCHLL086,annotation_3_vs_weighted,annotation_3.nii.gz,weighted,3,liver,0.9523019054244265,nan,0.9518193151999936,2488053,258095988,140684,108555
UKCHLL087,annotation_1_vs_annotation_2,annotation_1.nii.gz,annotation_2.nii.gz,0,background,0.9997023574001572,nan,0.9765573233199762,265724571,3339088,110458,47771
UKCHLL087,annotation_1_vs_annotation_2,annotation_1.nii.gz,annotation_2.nii.gz,1,pancreas,0.9151585885551516,nan,0.9151233474547344,102328,269100587,7578,11395
UKCHLL087,annotation_1_vs_annotation_2,annotation_1.nii.gz,annotation_2.nii.gz,2,kidney,0.9606655808462106,nan,0.9605953895254575,460948,268723193,7762,29985
UKCHLL087,annotation_1_vs_annotation_2,annotation_1.nii.gz,annotation_2.nii.gz,3,liver,0.9820437622819064,nan,0.9818532471325718,2775812,266344567,32431,69078
UKCHLL087,annotation_1_vs_annotation_3,annotation_1.nii.gz,annotation_3.nii.gz,0,background,0.999647660851642,nan,0.9723308060683317,265699977,3334612,135052,52247
UKCHLL087,annotation_1_vs_annotation_3,annotation_1.nii.gz,annotation_3.nii.gz,1,pancreas,0.9167529877751057,nan,0.9167190933214557,100450,269103195,9456,8787
UKCHLL087,annotation_1_vs_annotation_3,annotation_1.nii.gz,annotation_3.nii.gz,2,kidney,0.9532469095080729,nan,0.9531631120072258,459506,268717308,9204,35870
UKCHLL087,annotation_1_vs_annotation_3,annotation_1.nii.gz,annotation_3.nii.gz,3,liver,0.9781463819784415,nan,0.9779136937181113,2774656,266323250,33587,90395
UKCHLL087,annotation_1_vs_weighted,annotation_1.nii.gz,weighted,0,background,0.999455231117925,nan,0.9567466861021972,265686263,3245992,148766,140867
UKCHLL087,annotation_1_vs_weighted,annotation_1.nii.gz,weighted,1,pancreas,0.7791523056314327,nan,0.7790664307714505,81721,269093840,28185,18142
UKCHLL087,annotation_1_vs_weighted,annotation_1.nii.gz,weighted,2,kidney,0.931626801517067,nan,0.9315013557306024,460573,268693711,8137,59467
UKCHLL087,annotation_1_vs_weighted,annotation_1.nii.gz,weighted,3,liver,0.9685296586232232,nan,0.968199937069654,2703698,266342488,104545,71157
UKCHLL087,annotation_2_vs_annotation_3,annotation_2.nii.gz,annotation_3.nii.gz,0,background,0.9998547950462933,nan,0.9887003436861247,265723693,3421015,48649,28531
UKCHLL087,annotation_2_vs_annotation_3,annotation_2.nii.gz,annotation_3.nii.gz,1,pancreas,0.961562612127736,nan,0.9615466957436677,107195,269106123,6528,2042
UKCHLL087,annotation_2_vs_annotation_3,annotation_2.nii.gz,annotation_3.nii.gz,2,kidney,0.980139084201807,nan,0.9801026374074636,483360,268718939,7573,12016
UKCHLL087,annotation_2_vs_annotation_3,annotation_2.nii.gz,annotation_3.nii.gz,3,liver,0.9914147974558757,nan,0.991322780806876,2830460,266342407,14430,34591
UKCHLL087,annotation_2_vs_weighted,annotation_2.nii.gz,weighted,0,background,0.9995064291561223,nan,0.961170642091946,265668545,3290961,103797,158585
UKCHLL087,annotation_2_vs_weighted,annotation_2.nii.gz,weighted,1,pancreas,0.8096223535250437,nan,0.8095471241767757,86462,269094764,27261,13401
UKCHLL087,annotation_2_vs_weighted,annotation_2.nii.gz,weighted,2,kidney,0.9418253504297345,nan,0.9417160080963178,476080,268686995,14853,43960
UKCHLL087,annotation_2_vs_weighted,annotation_2.nii.gz,weighted,3,liver,0.9710116740172374,nan,0.9707059794112011,2728419,266330562,116471,46436
UKCHLL087,annotation_3_vs_weighted,annotation_3.nii.gz,weighted,0,background,0.999503088300905,nan,0.9610224138049219,265657603,3300137,94621,169527
UKCHLL087,annotation_3_vs_weighted,annotation_3.nii.gz,weighted,1,pancreas,0.8194261119081779,nan,0.8193561013938653,85671,269098459,23566,14192
UKCHLL087,annotation_3_vs_weighted,annotation_3.nii.gz,weighted,2,kidney,0.9412516643424961,nan,0.9411407309731902,477881,268684353,17495,42159
UKCHLL087,annotation_3_vs_weighted,annotation_3.nii.gz,weighted,3,liver,0.9704363867057358,nan,0.9701235269202216,2736585,266318567,128466,38270
UKCHLL089,annotation_1_vs_annotation_2,annotation_1.nii.gz,annotation_2.nii.gz,0,background,0.9996584841758704,nan,0.9725259326378007,236281679,2894350,124147,37296
UKCHLL089,annotation_1_vs_annotation_2,annotation_1.nii.gz,annotation_2.nii.gz,1,pancreas,0.9194748608305204,nan,0.9194218305426677,145186,239166856,4891,20539
UKCHLL089,annotation_1_vs_annotation_2,annotation_1.nii.gz,annotation_2.nii.gz,2,kidney,0.9636022908383978,nan,0.9635152906426749,550188,238745720,8739,32825
UKCHLL089,annotation_1_vs_annotation_2,annotation_1.nii.gz,annotation_2.nii.gz,3,liver,0.9789758305191366,nan,0.9787766698510523,2198976,237044047,23666,70783
UKCHLL089,annotation_1_vs_annotation_3,annotation_1.nii.gz,annotation_3.nii.gz,0,background,0.9996129637812259,nan,0.9690069136795741,236257206,2897315,148620,34331
UKCHLL089,annotation_1_vs_annotation_3,annotation_1.nii.gz,annotation_3.nii.gz,1,pancreas,0.9269959877194978,nan,0.9269490423808898,142667,239172334,7410,15061
UKCHLL089,annotation_1_vs_annotation_3,annotation_1.nii.gz,annotation_3.nii.gz,2,kidney,0.9559273759199866,nan,0.9558210590161947,551095,238735561,7832,42984
UKCHLL089,annotation_1_vs_annotation_3,annotation_1.nii.gz,annotation_3.nii.gz,3,liver,0.9757207030687859,nan,0.975489480082562,2203553,237024255,19089,90575
UKCHLL089,annotation_1_vs_weighted,annotation_1.nii.gz,weighted,0,background,0.9994002309065215,nan,0.9514332882558967,236240029,2813894,165797,117752
UKCHLL089,annotation_1_vs_weighted,annotation_1.nii.gz,weighted,1,pancreas,0.7882802962480671,nan,0.7881444154335762,121070,239151367,29007,36028
UKCHLL089,annotation_1_vs_weighted,annotation_1.nii.gz,weighted,2,kidney,0.9343735362600213,nan,0.9342119962887424,550574,238709558,8353,68987
UKCHLL089,annotation_1_vs_weighted,annotation_1.nii.gz,weighted,3,liver,0.9681011299069927,nan,0.9678034569081411,2142250,237054048,80392,60782
UKCHLL089,annotation_2_vs_annotation_3,annotation_2.nii.gz,annotation_3.nii.gz,0,background,0.9998126194873973,nan,0.985209771860455,236260977,2987937,57998,30560
UKCHLL089,annotation_2_vs_annotation_3,annotation_2.nii.gz,annotation_3.nii.gz,1,pancreas,0.9587791734811549,nan,0.9587513177208619,155060,239169079,10665,2668
UKCHLL089,annotation_2_vs_annotation_3,annotation_2.nii.gz,annotation_3.nii.gz,2,kidney,0.9808103359805351,nan,0.980763035246877,577252,238737632,5761,16827
UKCHLL089,annotation_2_vs_annotation_3,annotation_2.nii.gz,annotation_3.nii.gz,3,liver,0.9884666294323238,nan,0.9883556101171912,2255625,237029210,14134,38503
UKCHLL089,annotation_2_vs_weighted,annotation_2.nii.gz,weighted,0,background,0.9993808030619555,nan,0.9505860932976516,236192038,2852754,126937,165743
UKCHLL089,annotation_2_vs_weighted,annotation_2.nii.gz,weighted,1,pancreas,0.7967585952673756,nan,0.7966215328205413,128606,239143255,37119,28492
UKCHLL089,annotation_2_vs_weighted,annotation_2.nii.gz,weighted,2,kidney,0.9423902396027188,nan,0.9422452765568444,566647,238701545,16366,52914
UKCHLL089,annotation_2_vs_weighted,annotation_2.nii.gz,weighted,3,liver,0.9647224741777561,nan,0.9643898026569483,2157501,237022182,112258,45531
UKCHLL089,annotation_3_vs_weighted,annotation_3.nii.gz,weighted,0,background,0.9993787825586157,nan,0.9506506434705584,236177850,2866004,113687,179931
UKCHLL089,annotation_3_vs_weighted,annotation_3.nii.gz,weighted,1,pancreas,0.8020875023028594,nan,0.8019572494912937,126259,239148905,31469,30839
UKCHLL089,annotation_3_vs_weighted,annotation_3.nii.gz,weighted,2,kidney,0.9441399426518572,nan,0.9439980169360841,572923,238696755,21156,46638
UKCHLL089,annotation_3_vs_weighted,annotation_3.nii.gz,weighted,3,liver,0.9636401640146226,nan,0.9632954657270093,2166822,237007134,127306,36210
UKCHLL090,annotation_1_vs_annotation_2,annotation_1.nii.gz,annotation_2.nii.gz,0,background,0.9996752288831408,nan,0.9686179227668307,237821048,2410475,101095,53430
UKCHLL090,annotation_1_vs_annotation_2,annotation_1.nii.gz,annotation_2.nii.gz,1,pancreas,0.9000671551132206,nan,0.900012045016206,119285,240240275,11058,15430
UKCHLL090,annotation_1_vs_annotation_2,annotation_1.nii.gz,annotation_2.nii.gz,2,kidney,0.9458420514816798,nan,0.9457493892688095,388760,239952768,8950,35570
UKCHLL090,annotation_1_vs_annotation_2,annotation_1.nii.gz,annotation_2.nii.gz,3,liver,0.9784210738824964,nan,0.9782451285915368,1902235,238399906,33617,50290
UKCHLL090,annotation_1_vs_annotation_3,annotation_1.nii.gz,annotation_3.nii.gz,0,background,0.999631834347113,nan,0.9645018042256381,237805330,2405550,116813,58355
UKCHLL090,annotation_1_vs_annotation_3,annotation_1.nii.gz,annotation_3.nii.gz,1,pancreas,0.86070219602386,nan,0.8606280609019817,110095,240240317,20248,15388
UKCHLL090,annotation_1_vs_annotation_3,annotation_1.nii.gz,annotation_3.nii.gz,2,kidney,0.939389620209741,nan,0.9392852315430306,388850,239947020,8860,41318
UKCHLL090,annotation_1_vs_annotation_3,annotation_1.nii.gz,annotation_3.nii.gz,3,liver,0.9769684750845854,nan,0.9767800035475926,1906341,238389825,29511,60371
UKCHLL090,annotation_1_vs_weighted,annotation_1.nii.gz,weighted,0,background,0.9992905696711625,nan,0.9324172233009173,237693934,2354620,228209,109285
UKCHLL090,annotation_1_vs_weighted,annotation_1.nii.gz,weighted,1,pancreas,0.8236050327142296,nan,0.8235126233698797,103787,240237804,26556,17901
UKCHLL090,annotation_1_vs_weighted,annotation_1.nii.gz,weighted,2,kidney,0.8171405641270313,nan,0.8167882674819382,387924,239824505,9786,163833
UKCHLL090,annotation_1_vs_weighted,annotation_1.nii.gz,weighted,3,liver,0.9688409241981506,nan,0.9685897152865138,1862711,238403523,73141,46673
UKCHLL090,annotation_2_vs_annotation_3,annotation_2.nii.gz,annotation_3.nii.gz,0,background,0.9998467076941229,nan,0.9853596264367479,237832618,2480503,41860,31067
UKCHLL090,annotation_2_vs_annotation_3,annotation_2.nii.gz,annotation_3.nii.gz,1,pancreas,0.9362562356359387,nan,0.9362217617571319,121806,240247656,12909,3677
UKCHLL090,annotation_2_vs_annotation_3,annotation_2.nii.gz,annotation_3.nii.gz,2,kidney,0.9795880154195797,nan,0.9795516733798767,418528,239950078,5802,11640
UKCHLL090,annotation_2_vs_annotation_3,annotation_2.nii.gz,annotation_3.nii.gz,3,liver,0.99004066352711,nan,0.989958809169732,1940102,238406913,12423,26610
UKCHLL090,annotation_2_vs_weighted,annotation_2.nii.gz,weighted,0,background,0.9993142268345618,nan,0.935281882855213,237675745,2384096,198733,127474
UKCHLL090,annotation_2_vs_weighted,annotation_2.nii.gz,weighted,1,pancreas,0.8632894310908998,nan,0.8632166707852499,110675,240240320,24040,11013
UKCHLL090,annotation_2_vs_weighted,annotation_2.nii.gz,weighted,2,kidney,0.8330036154564091,nan,0.832669683154077,406542,239816503,17788,145215
UKCHLL090,annotation_2_vs_weighted,annotation_2.nii.gz,weighted,3,liver,0.9665587666617728,nan,0.9662880013124371,1866381,238390520,86144,43003
UKCHLL090,annotation_3_vs_weighted,annotation_3.nii.gz,weighted,0,background,0.9992976219341928,nan,0.9338549330820216,237666403,2385547,197282,136816
UKCHLL090,annotation_3_vs_weighted,annotation_3.nii.gz,weighted,1,pancreas,0.8623018072508506,nan,0.8622309951643361,106568,240245445,18915,15120
UKCHLL090,annotation_3_vs_weighted,annotation_3.nii.gz,weighted,2,kidney,0.8335300557578227,nan,0.8331945975016348,409232,239813355,20936,142525
UKCHLL090,annotation_3_vs_weighted,annotation_3.nii.gz,weighted,3,liver,0.9644322534839178,nan,0.9641432311447989,1869116,238379068,97596,40268
UKCHLL091,annotation_1_vs_annotation_2,annotation_1.nii.gz,annotation_2.nii.gz,0,background,0.9995431909577955,nan,0.9698183167921081,246961928,3684148,156880,68852
UKCHLL091,annotation_1_vs_annotation_2,annotation_1.nii.gz,annotation_2.nii.gz,1,pancreas,0.8729045159140143,nan,0.8728440426425499,104766,250736534,6026,24482
UKCHLL091,annotation_1_vs_annotation_2,annotation_1.nii.gz,annotation_2.nii.gz,2,kidney,0.9539383093250003,nan,0.9538391514603131,514385,250307748,11576,38099
UKCHLL091,annotation_1_vs_annotation_2,annotation_1.nii.gz,annotation_2.nii.gz,3,liver,0.97675914259531,nan,0.9764647905314396,3064847,247661112,51400,94449
UKCHLL091,annotation_1_vs_annotation_3,annotation_1.nii.gz,annotation_3.nii.gz,0,background,0.999491362819815,nan,0.9666089409038655,246924704,3695786,194104,57214
UKCHLL091,annotation_1_vs_annotation_3,annotation_1.nii.gz,annotation_3.nii.gz,1,pancreas,0.8768519416145769,nan,0.8767939372986582,104017,250738574,6775,22442
UKCHLL091,annotation_1_vs_annotation_3,annotation_1.nii.gz,annotation_3.nii.gz,2,kidney,0.9412658757787152,nan,0.9411372068248535,517115,250290158,8846,55689
UKCHLL091,annotation_1_vs_annotation_3,annotation_1.nii.gz,annotation_3.nii.gz,3,liver,0.974932747982598,nan,0.9746136886199223,3074389,247639323,41858,116238
UKCHLL091,annotation_1_vs_weighted,annotation_1.nii.gz,weighted,0,background,0.9990651244822149,nan,0.9379115467137803,246863392,3546411,255416,206589
UKCHLL091,annotation_1_vs_weighted,annotation_1.nii.gz,weighted,1,pancreas,0.7504701497640703,nan,0.7503540635431092,87793,250725633,22999,35383
UKCHLL091,annotation_1_vs_weighted,annotation_1.nii.gz,weighted,2,kidney,0.9193691201863513,nan,0.9191877614940566,520191,250260373,5770,85474
UKCHLL091,annotation_1_vs_weighted,annotation_1.nii.gz,weighted,3,liver,0.9493754718880353,nan,0.9487432274530944,2937953,247620528,178294,135033
UKCHLL091,annotation_2_vs_annotation_3,annotation_2.nii.gz,annotation_3.nii.gz,0,background,0.9997882524064189,nan,0.9862573970042672,246954046,3813156,76734,27872
UKCHLL091,annotation_2_vs_annotation_3,annotation_2.nii.gz,annotation_3.nii.gz,1,pancreas,0.9585502156765361,nan,0.9585290830863399,122554,250738655,6694,3905
UKCHLL091,annotation_2_vs_annotation_3,annotation_2.nii.gz,annotation_3.nii.gz,2,kidney,0.9718009967226168,nan,0.9717376318238444,546778,250293298,5706,26026
UKCHLL091,annotation_2_vs_annotation_3,annotation_2.nii.gz,annotation_3.nii.gz,3,liver,0.9901093288847754,nan,0.9899825540543807,3143559,247665444,15737,47068
UKCHLL091,annotation_2_vs_weighted,annotation_2.nii.gz,weighted,0,background,0.9990855650594718,nan,0.9399685448760114,246824469,3595516,206311,245512
UKCHLL091,annotation_2_vs_weighted,annotation_2.nii.gz,weighted,1,pancreas,0.7134979241276582,nan,0.7133537977034105,90052,250709436,39196,33124
UKCHLL091,annotation_2_vs_weighted,annotation_2.nii.gz,weighted,2,kidney,0.929882079076181,nan,0.9297201978772334,538471,250252130,14013,67194
UKCHLL091,annotation_2_vs_weighted,annotation_2.nii.gz,weighted,3,liver,0.9519363854203003,nan,0.9513319838520441,2966368,247605894,192928,106618
UKCHLL091,annotation_3_vs_weighted,annotation_3.nii.gz,weighted,0,background,0.9991073711063704,nan,0.941772437175917,246805447,3625356,176471,264534
UKCHLL091,annotation_3_vs_weighted,annotation_3.nii.gz,weighted,1,pancreas,0.7207723275982935,nan,0.7206333569607819,89965,250712138,36494,33211
UKCHLL091,annotation_3_vs_weighted,annotation_3.nii.gz,weighted,2,kidney,0.9403319052092164,nan,0.9401915394701843,554076,250247415,18728,51589
UKCHLL091,annotation_3_vs_weighted,annotation_3.nii.gz,weighted,3,liver,0.9516769315090189,nan,0.9510662734007721,2980468,247588663,210159,92518
UKCHLL092,annotation_1_vs_annotation_2,annotation_1.nii.gz,annotation_2.nii.gz,0,background,0.9996542334097277,nan,0.9690684119943244,160656893,1761249,81469,29669
UKCHLL092,annotation_1_vs_annotation_2,annotation_1.nii.gz,annotation_2.nii.gz,1,pancreas,0.9147689392610266,nan,0.9147166447537427,91245,162421032,5574,11429
UKCHLL092,annotation_1_vs_annotation_2,annotation_1.nii.gz,annotation_2.nii.gz,2,kidney,0.9572451192288719,nan,0.9571709272992717,269722,162235464,4123,19971
UKCHLL092,annotation_1_vs_annotation_2,annotation_1.nii.gz,annotation_2.nii.gz,3,liver,0.9751616819450952,nan,0.9749404039883899,1399652,161058327,20602,50699
UKCHLL092,annotation_1_vs_annotation_3,annotation_1.nii.gz,annotation_3.nii.gz,0,background,0.999619650619495,nan,0.9660917949552397,160645066,1761965,93296,28953
UKCHLL092,annotation_1_vs_annotation_3,annotation_1.nii.gz,annotation_3.nii.gz,1,pancreas,0.919928561559364,nan,0.9198804006387497,89883,162423750,6936,8711
UKCHLL092,annotation_1_vs_annotation_3,annotation_1.nii.gz,annotation_3.nii.gz,2,kidney,0.9483352791909458,nan,0.9482449780647985,269267,162230674,4578,24761
UKCHLL092,annotation_1_vs_annotation_3,annotation_1.nii.gz,annotation_3.nii.gz,3,liver,0.9726992989333978,nan,0.9724550600187261,1402094,161048481,18160,60545
UKCHLL092,annotation_1_vs_weighted,annotation_1.nii.gz,weighted,0,background,0.9994617364375804,nan,0.9517326033806575,160630297,1725967,108065,64951
UKCHLL092,annotation_1_vs_weighted,annotation_1.nii.gz,weighted,1,pancreas,0.805784512638431,nan,0.8056714260628907,76253,162416269,20566,16192
UKCHLL092,annotation_1_vs_weighted,annotation_1.nii.gz,weighted,2,kidney,0.9005097597899334,nan,0.9003279145096392,268867,162201003,4978,54432
UKCHLL092,annotation_1_vs_weighted,annotation_1.nii.gz,weighted,3,liver,0.9724598050689404,nan,0.9722171945612064,1380184,161070922,40070,38104
UKCHLL092,annotation_2_vs_annotation_3,annotation_2.nii.gz,annotation_3.nii.gz,0,background,0.9998267522425223,nan,0.9847712333916745,160652453,1821152,34109,21566
UKCHLL092,annotation_2_vs_annotation_3,annotation_2.nii.gz,annotation_3.nii.gz,1,pancreas,0.9527197567422541,nan,0.9526904759245638,95876,162423888,6798,2718
UKCHLL092,annotation_2_vs_annotation_3,annotation_2.nii.gz,annotation_3.nii.gz,2,kidney,0.978580520488384,nan,0.9785419895834131,285609,162231168,4084,8419
UKCHLL092,annotation_2_vs_annotation_3,annotation_2.nii.gz,annotation_3.nii.gz,3,liver,0.9881819024438807,nan,0.9880750396306811,1439282,161055572,11069,23357
UKCHLL092,annotation_2_vs_weighted,annotation_2.nii.gz,weighted,0,background,0.9994640269155246,nan,0.9526150464637518,160604779,1752249,81783,90469
UKCHLL092,annotation_2_vs_weighted,annotation_2.nii.gz,weighted,1,pancreas,0.796775301226431,nan,0.7966535763703254,77733,162411894,24941,14712
UKCHLL092,annotation_2_vs_weighted,annotation_2.nii.gz,weighted,2,kidney,0.9145470087700981,nan,0.9143860441219588,280305,162196593,9388,42994
UKCHLL092,annotation_2_vs_weighted,annotation_2.nii.gz,weighted,3,liver,0.9712571013640964,nan,0.9710012193444705,1393093,161053734,57258,25195
UKCHLL092,annotation_3_vs_weighted,annotation_3.nii.gz,weighted,0,background,0.9994672701543673,nan,0.9530619198130839,160599032,1759045,74987,96216
UKCHLL092,annotation_3_vs_weighted,annotation_3.nii.gz,weighted,1,pancreas,0.8148912002261318,nan,0.814782459463507,77838,162416079,20756,14607
UKCHLL092,annotation_3_vs_weighted,annotation_3.nii.gz,weighted,2,kidney,0.9149867088269265,nan,0.9148253150820231,282423,162194376,11605,40876
UKCHLL092,annotation_3_vs_weighted,annotation_3.nii.gz,weighted,3,liver,0.9702925481971602,nan,0.9700269663362859,1397671,161046024,64968,20617
UKCHLL093,annotation_1_vs_annotation_2,annotation_1.nii.gz,annotation_2.nii.gz,0,background,0.9996429442288658,nan,0.9799938411966997,193544880,3449146,80231,58031
UKCHLL093,annotation_1_vs_annotation_2,annotation_1.nii.gz,annotation_2.nii.gz,1,pancreas,0.9329927897801826,nan,0.9329540674498566,106301,197010718,4580,10689
UKCHLL093,annotation_1_vs_annotation_2,annotation_1.nii.gz,annotation_2.nii.gz,2,kidney,0.967040735737061,nan,0.9668550265385961,1068331,195991134,20726,52097
UKCHLL093,annotation_1_vs_annotation_2,annotation_1.nii.gz,annotation_2.nii.gz,3,liver,0.989091576400929,nan,0.9889628263437533,2274514,194807604,32725,17445
UKCHLL093,annotation_1_vs_annotation_3,annotation_1.nii.gz,annotation_3.nii.gz,0,background,0.9998710969352287,nan,0.9927685045378395,193593402,3488970,31709,18207
UKCHLL093,annotation_1_vs_annotation_3,annotation_1.nii.gz,annotation_3.nii.gz,1,pancreas,0.9739956100548519,nan,0.973980848727966,108938,197017533,1943,3874
UKCHLL093,annotation_1_vs_annotation_3,annotation_1.nii.gz,annotation_3.nii.gz,2,kidney,0.9885997063422028,nan,0.9885361790536658,1079974,196027406,9083,15825
UKCHLL093,annotation_1_vs_annotation_3,annotation_1.nii.gz,annotation_3.nii.gz,3,liver,0.9958454807182117,nan,0.9957962282819424,2300058,194813039,7181,12010
UKCHLL093,annotation_1_vs_weighted,annotation_1.nii.gz,weighted,0,background,0.9978930464526715,nan,0.8753993976968553,193390679,2924958,234432,582219
UKCHLL093,annotation_1_vs_weighted,annotation_1.nii.gz,weighted,1,pancreas,0.7995868124300594,nan,0.7994688844518258,92888,196992836,17993,28571
UKCHLL093,annotation_1_vs_weighted,annotation_1.nii.gz,weighted,2,kidney,0.692010451995057,nan,0.6906332090988649,631099,195939429,457958,103802
UKCHLL093,annotation_1_vs_weighted,annotation_1.nii.gz,weighted,3,liver,0.9548123981485679,nan,0.9542777528987605,2200971,194722990,106268,102059
UKCHLL093,annotation_2_vs_annotation_3,annotation_2.nii.gz,annotation_3.nii.gz,0,background,0.9996179688716219,nan,0.9786354410979823,193533296,3451064,69615,78313
UKCHLL093,annotation_2_vs_annotation_3,annotation_2.nii.gz,annotation_3.nii.gz,1,pancreas,0.9252138797747627,nan,0.9251702787600856,106308,197008794,10682,6504
UKCHLL093,annotation_2_vs_annotation_3,annotation_2.nii.gz,annotation_3.nii.gz,2,kidney,0.9681688743977941,nan,0.9679889572047592,1072841,195988902,47587,22958
UKCHLL093,annotation_2_vs_annotation_3,annotation_2.nii.gz,annotation_3.nii.gz,3,liver,0.9869251418377868,nan,0.9867706590752341,2271915,194800176,20044,40153
UKCHLL093,annotation_2_vs_weighted,annotation_2.nii.gz,weighted,0,background,0.9978709945748961,nan,0.8745139276040974,193375329,2931808,227582,597569
UKCHLL093,annotation_2_vs_weighted,annotation_2.nii.gz,weighted,1,pancreas,0.8206954107586947,nan,0.8205869408633907,97847,196991686,19143,23612
UKCHLL093,annotation_2_vs_weighted,annotation_2.nii.gz,weighted,2,kidney,0.6917382307935681,nan,0.6903439712308617,641701,195918660,478727,93200
UKCHLL093,annotation_2_vs_weighted,annotation_2.nii.gz,weighted,3,liver,0.9541959730480313,nan,0.9536558545198371,2192260,194729559,99699,110770
UKCHLL093,annotation_3_vs_weighted,annotation_3.nii.gz,weighted,0,background,0.9978594835835376,nan,0.8736708778679387,193377438,2925219,234171,595460
UKCHLL093,annotation_3_vs_weighted,annotation_3.nii.gz,weighted,1,pancreas,0.7962914744035754,nan,0.7961705244548374,93274,196991291,19538,28185
UKCHLL093,annotation_3_vs_weighted,annotation_3.nii.gz,weighted,2,kidney,0.6903708963784345,nan,0.688982865571222,631931,195933519,463868,102970
UKCHLL093,annotation_3_vs_weighted,annotation_3.nii.gz,weighted,3,liver,0.953398606053436,nan,0.9528466505715302,2200014,194717204,112054,103016
UKCHLL094,annotation_1_vs_annotation_2,annotation_1.nii.gz,annotation_2.nii.gz,0,background,0.9997222876428214,nan,0.9800674686662113,272116114,3770336,79319,71863
UKCHLL094,annotation_1_vs_annotation_2,annotation_1.nii.gz,annotation_2.nii.gz,1,pancreas,0.9370519911060452,nan,0.9370235990569995,116737,275905211,3799,11885
UKCHLL094,annotation_1_vs_annotation_2,annotation_1.nii.gz,annotation_2.nii.gz,2,kidney,0.9708345504744494,nan,0.9707445728915985,824223,275163887,22409,27113
UKCHLL094,annotation_1_vs_annotation_2,annotation_1.nii.gz,annotation_2.nii.gz,3,liver,0.9850328858041669,nan,0.9848755050256331,2829373,273122277,45658,40324
UKCHLL094,annotation_1_vs_annotation_3,annotation_1.nii.gz,annotation_3.nii.gz,0,background,0.9997567390124235,nan,0.9825424764846116,272124986,3780219,70447,61980
UKCHLL094,annotation_1_vs_annotation_3,annotation_1.nii.gz,annotation_3.nii.gz,1,pancreas,0.9575923280292954,nan,0.9575736105509884,116629,275910673,3907,6423
UKCHLL094,annotation_1_vs_annotation_3,annotation_1.nii.gz,annotation_3.nii.gz,2,kidney,0.9726409300917974,nan,0.9725565032640205,825973,275165192,20659,25808
UKCHLL094,annotation_1_vs_annotation_3,annotation_1.nii.gz,annotation_3.nii.gz,3,liver,0.98684788929107,nan,0.9867094440769925,2837614,273124382,37417,38219
UKCHLL094,annotation_1_vs_weighted,annotation_1.nii.gz,weighted,0,background,0.999256412159441,nan,0.9480993170235115,271880534,3752463,314899,89736
UKCHLL094,annotation_1_vs_weighted,annotation_1.nii.gz,weighted,1,pancreas,0.8731864442427759,nan,0.8731276611776972,112094,275892979,8442,24117
UKCHLL094,annotation_1_vs_weighted,annotation_1.nii.gz,weighted,2,kidney,0.8887392612472031,nan,0.8883628135693074,835514,274992923,11118,198077
UKCHLL094,annotation_1_vs_weighted,annotation_1.nii.gz,weighted,3,liver,0.9717799165054306,nan,0.9714817292539697,2804844,273069885,70187,92716
UKCHLL094,annotation_2_vs_annotation_3,annotation_2.nii.gz,annotation_3.nii.gz,0,background,0.999940550165991,nan,0.9957377383621698,272171290,3833979,16687,15676
UKCHLL094,annotation_2_vs_annotation_3,annotation_2.nii.gz,annotation_3.nii.gz,1,pancreas,0.9746576920937403,nan,0.9746461397160644,122648,275908606,5974,404
UKCHLL094,annotation_2_vs_annotation_3,annotation_2.nii.gz,annotation_3.nii.gz,2,kidney,0.994631607810855,nan,0.9946149954160807,846987,275181502,4349,4794
UKCHLL094,annotation_2_vs_annotation_3,annotation_2.nii.gz,annotation_3.nii.gz,3,liver,0.9970686777373019,nan,0.9970378502359947,2864344,273156446,5353,11489
UKCHLL094,annotation_2_vs_weighted,annotation_2.nii.gz,weighted,0,background,0.9992547664172404,nan,0.9480333943153633,271876361,3755746,311616,93909
UKCHLL094,annotation_2_vs_weighted,annotation_2.nii.gz,weighted,1,pancreas,0.8860300642291558,nan,0.8859754110339256,117325,275890124,11297,18886
UKCHLL094,annotation_2_vs_weighted,annotation_2.nii.gz,weighted,2,kidney,0.8882869203953256,nan,0.8879077867477874,837178,274989883,14158,196413
UKCHLL094,annotation_2_vs_weighted,annotation_2.nii.gz,weighted,3,liver,0.971422983231023,nan,0.9711213088816691,2801223,273071598,68474,96337
UKCHLL094,annotation_3_vs_weighted,annotation_3.nii.gz,weighted,0,background,0.9992563178926468,nan,0.9481481978489011,271876278,3756674,310688,93992
UKCHLL094,annotation_3_vs_weighted,annotation_3.nii.gz,weighted,1,pancreas,0.8849546599399066,nan,0.884900746812615,114718,275893087,8334,21493
UKCHLL094,annotation_3_vs_weighted,annotation_3.nii.gz,weighted,2,kidney,0.8885418898763745,nan,0.888163512785044,837616,274989876,14165,195975
UKCHLL094,annotation_3_vs_weighted,annotation_3.nii.gz,weighted,3,liver,0.9714634011576901,nan,0.9711618267886717,2804320,273068559,71513,93240
UKCHLL095,annotation_1_vs_annotation_2,annotation_1.nii.gz,annotation_2.nii.gz,0,background,0.9996755460202231,nan,0.9784305643279385,244694895,3658781,98078,60758
UKCHLL095,annotation_1_vs_annotation_2,annotation_1.nii.gz,annotation_2.nii.gz,1,pancreas,0.7791044776119403,nan,0.7790821443134719,19575,248481837,5322,5778
UKCHLL095,annotation_1_vs_annotation_2,annotation_1.nii.gz,annotation_2.nii.gz,2,kidney,0.9748721515987738,nan,0.9748058425617839,637659,247841981,12032,20840
UKCHLL095,annotation_1_vs_annotation_2,annotation_1.nii.gz,annotation_2.nii.gz,3,liver,0.981161361356191,nan,0.9809265887200079,3001352,245395906,43599,71655
UKCHLL095,annotation_1_vs_annotation_3,annotation_1.nii.gz,annotation_3.nii.gz,0,background,0.9996082279977205,nan,0.9740655358582824,244662540,3658193,130433,61346
UKCHLL095,annotation_1_vs_annotation_3,annotation_1.nii.gz,annotation_3.nii.gz,1,pancreas,0.5099696356275304,nan,0.5099333024402889,10077,248483069,14820,4546
UKCHLL095,annotation_1_vs_annotation_3,annotation_1.nii.gz,annotation_3.nii.gz,2,kidney,0.9685162782558414,nan,0.9684328129727284,636475,247834657,13216,28164
UKCHLL095,annotation_1_vs_annotation_3,annotation_1.nii.gz,annotation_3.nii.gz,3,liver,0.9786255659646931,nan,0.9783576126991765,3011385,245369582,33566,97979
UKCHLL095,annotation_1_vs_weighted,annotation_1.nii.gz,weighted,0,background,0.9988598159256161,nan,0.9208178549734011,244654865,3299107,138108,420432
UKCHLL095,annotation_1_vs_weighted,annotation_1.nii.gz,weighted,1,pancreas,0.3497154930253775,nan,0.34966307746342956,7283,248478144,17614,9471
UKCHLL095,annotation_1_vs_weighted,annotation_1.nii.gz,weighted,2,kidney,0.937539841383983,nan,0.9373702568226482,631682,247796663,18009,66158
UKCHLL095,annotation_1_vs_weighted,annotation_1.nii.gz,weighted,3,liver,0.9223548487994602,nan,0.9214461421027715,2659874,245404814,385077,62747
UKCHLL095,annotation_2_vs_annotation_3,annotation_2.nii.gz,annotation_3.nii.gz,0,background,0.9997930311853137,nan,0.9863668601846345,244689116,3722089,66537,34770
UKCHLL095,annotation_2_vs_annotation_3,annotation_2.nii.gz,annotation_3.nii.gz,1,pancreas,0.51240744446668,nan,0.5123710498022669,10242,248482778,15111,4381
UKCHLL095,annotation_2_vs_annotation_3,annotation_2.nii.gz,annotation_3.nii.gz,2,kidney,0.9839578335744269,nan,0.9839150144077218,650956,247840330,7543,13683
UKCHLL095,annotation_2_vs_annotation_3,annotation_2.nii.gz,annotation_3.nii.gz,3,liver,0.9901544245727084,nan,0.9900304197249903,3060751,245390892,12256,48613
UKCHLL095,annotation_2_vs_weighted,annotation_2.nii.gz,weighted,0,background,0.998866715139172,nan,0.9217057533738333,244637916,3319478,117737,437381
UKCHLL095,annotation_2_vs_weighted,annotation_2.nii.gz,weighted,1,pancreas,0.3591326857767117,nan,0.359080652798863,7561,248477966,17792,9193
UKCHLL095,annotation_2_vs_weighted,annotation_2.nii.gz,weighted,2,kidney,0.9419370821011561,nan,0.9417783337964618,638793,247794966,19706,59047
UKCHLL095,annotation_2_vs_weighted,annotation_2.nii.gz,weighted,3,liver,0.9223801113529025,nan,0.9214677220837457,2672886,245389770,400121,49735
UKCHLL095,annotation_3_vs_weighted,annotation_3.nii.gz,weighted,0,background,0.9988292079286706,nan,0.9194705980897429,244612865,3326194,111021,462432
UKCHLL095,annotation_3_vs_weighted,annotation_3.nii.gz,weighted,1,pancreas,0.006565318545431367,nan,0.006502888748064075,103,248481238,14520,16651
UKCHLL095,annotation_3_vs_weighted,annotation_3.nii.gz,weighted,2,kidney,0.9399117344193929,nan,0.9397466619256435,640305,247790338,24334,57535
UKCHLL095,annotation_3_vs_weighted,annotation_3.nii.gz,weighted,3,liver,0.9209358391696824,nan,0.9200012792830871,2685442,245365969,423922,37179
UKCHLL096,annotation_1_vs_annotation_2,annotation_1.nii.gz,annotation_2.nii.gz,0,background,0.9995771223956222,nan,0.9759012861586008,236325405,4122829,169266,30692
UKCHLL096,annotation_1_vs_annotation_2,annotation_1.nii.gz,annotation_2.nii.gz,1,pancreas,0.8525613011816731,nan,0.8524916339914005,98519,240515598,2220,31855
UKCHLL096,annotation_1_vs_annotation_2,annotation_1.nii.gz,annotation_2.nii.gz,2,kidney,0.9591298163769827,nan,0.9589233475160458,1161206,239388024,13220,85742
UKCHLL096,annotation_1_vs_annotation_2,annotation_1.nii.gz,annotation_2.nii.gz,3,liver,0.9882396887761347,nan,0.9880964168337362,2862500,237717563,15856,52273
UKCHLL096,annotation_1_vs_annotation_3,annotation_1.nii.gz,annotation_3.nii.gz,0,background,0.9997507899692417,nan,0.9856007477191607,236424324,4106000,70347,47521
UKCHLL096,annotation_1_vs_annotation_3,annotation_1.nii.gz,annotation_3.nii.gz,1,pancreas,0.9392360777378367,nan,0.9392098221604104,97720,240537828,3019,9625
UKCHLL096,annotation_1_vs_annotation_3,annotation_1.nii.gz,annotation_3.nii.gz,2,kidney,0.9750647365600924,nan,0.9749427989623021,1141891,239447898,32535,25868
UKCHLL096,annotation_1_vs_annotation_3,annotation_1.nii.gz,annotation_3.nii.gz,3,liver,0.9916895618536857,nan,0.9915885554556526,2865784,237734377,12572,35459
UKCHLL096,annotation_1_vs_weighted,annotation_1.nii.gz,weighted,0,background,0.9979783848269995,nan,0.8743871947097511,236296859,3393995,197812,759526
UKCHLL096,annotation_1_vs_weighted,annotation_1.nii.gz,weighted,1,pancreas,0.7340450498345236,nan,0.7339297676088651,76631,240516032,24108,31421
UKCHLL096,annotation_1_vs_weighted,annotation_1.nii.gz,weighted,2,kidney,0.6597917262607963,nan,0.658567570713607,612388,239404273,562038,69493
UKCHLL096,annotation_1_vs_weighted,annotation_1.nii.gz,weighted,3,liver,0.9522920726801556,nan,0.9517224068235743,2704619,237672581,173737,97255
UKCHLL096,annotation_2_vs_annotation_3,annotation_2.nii.gz,annotation_3.nii.gz,0,background,0.9996319802944302,nan,0.979083996693176,236326966,4147216,29131,144879
UKCHLL096,annotation_2_vs_annotation_3,annotation_2.nii.gz,annotation_3.nii.gz,1,pancreas,0.8868958728582906,nan,0.8868405063284811,105416,240515889,24958,1929
UKCHLL096,annotation_2_vs_annotation_3,annotation_2.nii.gz,annotation_3.nii.gz,2,kidney,0.9610780935326729,nan,0.9608820463319904,1160361,239393846,86587,7398
UKCHLL096,annotation_2_vs_annotation_3,annotation_2.nii.gz,annotation_3.nii.gz,3,liver,0.9905547027380942,nan,0.9904391696840145,2880541,237712717,34232,20702
UKCHLL096,annotation_2_vs_weighted,annotation_2.nii.gz,weighted,0,background,0.9978989316128762,nan,0.871750845553956,236208905,3444615,147192,847480
UKCHLL096,annotation_2_vs_weighted,annotation_2.nii.gz,weighted,1,pancreas,0.7496749515572966,nan,0.7495519713565488,89371,240499137,41003,18681
UKCHLL096,annotation_2_vs_weighted,annotation_2.nii.gz,weighted,2,kidney,0.6510509744513381,nan,0.6497678564436917,627883,239347246,619065,53998
UKCHLL096,annotation_2_vs_weighted,annotation_2.nii.gz,weighted,3,liver,0.953909170882862,nan,0.9533553604957056,2726581,237658126,188192,75293
UKCHLL096,annotation_3_vs_weighted,annotation_3.nii.gz,weighted,0,background,0.9979785957006195,nan,0.8747702199283348,236285519,3405481,186326,770866
UKCHLL096,annotation_3_vs_weighted,annotation_3.nii.gz,weighted,1,pancreas,0.7301215894371788,nan,0.7300007566147781,78633,240511428,28712,29419
UKCHLL096,annotation_3_vs_weighted,annotation_3.nii.gz,weighted,2,kidney,0.6629646850197877,nan,0.6617544937051205,613123,239411675,554636,68758
UKCHLL096,annotation_3_vs_weighted,annotation_3.nii.gz,weighted,3,liver,0.9514611045153027,nan,0.9508792250543641,2713147,237658222,188096,88727
UKCHLL097,annotation_1_vs_annotation_2,annotation_1.nii.gz,annotation_2.nii.gz,0,background,0.9996181561476002,nan,0.9724398979750588,234897687,3211752,99244,80213
UKCHLL097,annotation_1_vs_annotation_2,annotation_1.nii.gz,annotation_2.nii.gz,1,pancreas,0.9356466456230828,nan,0.9355980143401823,168364,238097372,12709,10451
UKCHLL097,annotation_1_vs_annotation_2,annotation_1.nii.gz,annotation_2.nii.gz,2,kidney,0.9532555177164843,nan,0.9531610420581194,458361,237785582,12639,32314
UKCHLL097,annotation_1_vs_annotation_2,annotation_1.nii.gz,annotation_2.nii.gz,3,liver,0.9789173245417218,nan,0.9786810698389441,2585026,235592524,54866,56480
UKCHLL097,annotation_1_vs_annotation_3,annotation_1.nii.gz,annotation_3.nii.gz,0,background,0.9995612643947326,nan,0.9684934680246703,234867582,3215134,129349,76831
UKCHLL097,annotation_1_vs_annotation_3,annotation_1.nii.gz,annotation_3.nii.gz,1,pancreas,0.9283515741496216,nan,0.9282981182371355,164982,238098448,16091,9375
UKCHLL097,annotation_1_vs_annotation_3,annotation_1.nii.gz,annotation_3.nii.gz,2,kidney,0.9471308309011657,nan,0.947022880534904,460325,237777180,10675,40716
UKCHLL097,annotation_1_vs_annotation_3,annotation_1.nii.gz,annotation_3.nii.gz,3,liver,0.9756388095107589,nan,0.9753643821749909,2589822,235569741,50070,79263
UKCHLL097,annotation_1_vs_weighted,annotation_1.nii.gz,weighted,0,background,0.9991338182197719,nan,0.9367929834804425,234819842,3061908,177089,230057
UKCHLL097,annotation_1_vs_weighted,annotation_1.nii.gz,weighted,1,pancreas,0.8715926891497477,nan,0.871495783344862,156630,238086115,24443,21708
UKCHLL097,annotation_1_vs_weighted,annotation_1.nii.gz,weighted,2,kidney,0.8974565913279658,nan,0.8972359523549907,462594,237720590,8406,97306
UKCHLL097,annotation_1_vs_weighted,annotation_1.nii.gz,weighted,3,liver,0.950340336272585,nan,0.9497992377074816,2442684,235590929,197208,58075
UKCHLL097,annotation_2_vs_annotation_3,annotation_2.nii.gz,annotation_3.nii.gz,0,background,0.9998195637924518,nan,0.9870795387442468,234918761,3285344,59139,25652
UKCHLL097,annotation_2_vs_annotation_3,annotation_2.nii.gz,annotation_3.nii.gz,1,pancreas,0.9660788510980486,nan,0.9660536989130066,170596,238106320,8219,3761
UKCHLL097,annotation_2_vs_annotation_3,annotation_2.nii.gz,annotation_3.nii.gz,2,kidney,0.9776125423004166,nan,0.9775658639590157,484757,237781937,5918,16284
UKCHLL097,annotation_2_vs_annotation_3,annotation_2.nii.gz,annotation_3.nii.gz,3,liver,0.9904701755416676,nan,0.9903627892868658,2629991,235608296,11515,39094
UKCHLL097,annotation_2_vs_weighted,annotation_2.nii.gz,weighted,0,background,0.9991669109766846,nan,0.9393845064027978,234818112,3079209,159788,231787
UKCHLL097,annotation_2_vs_weighted,annotation_2.nii.gz,weighted,1,pancreas,0.8840244937043787,nan,0.8839375152690608,157866,238089609,20949,20472
UKCHLL097,annotation_2_vs_weighted,annotation_2.nii.gz,weighted,2,kidney,0.904297170597054,nan,0.9040866558324371,475016,237713337,15659,84884
UKCHLL097,annotation_2_vs_weighted,annotation_2.nii.gz,weighted,3,liver,0.9514040991664179,nan,0.9508744323559113,2446186,235592817,195320,54573
UKCHLL097,annotation_3_vs_weighted,annotation_3.nii.gz,weighted,0,background,0.9991313256574049,nan,0.9371169333877855,234793020,3087604,151393,256879
UKCHLL097,annotation_3_vs_weighted,annotation_3.nii.gz,weighted,1,pancreas,0.890276301053318,nan,0.8901950494222257,156998,238093199,17359,21340
UKCHLL097,annotation_3_vs_weighted,annotation_3.nii.gz,weighted,2,kidney,0.9061201329762918,nan,0.905911320683027,480670,237708625,20371,79230
UKCHLL097,annotation_3_vs_weighted,annotation_3.nii.gz,weighted,3,liver,0.9477051918781302,nan,0.9471322990015515,2449744,235568796,219341,51015
UKCHLL098,annotation_1_vs_annotation_2,annotation_1.nii.gz,annotation_2.nii.gz,0,background,0.9997264321302799,nan,0.9673449502806908,265853948,2173866,120257,25241
UKCHLL098,annotation_1_vs_annotation_2,annotation_1.nii.gz,annotation_2.nii.gz,1,pancreas,0.8737298391532995,nan,0.8736768013096472,99271,268045348,3567,25126
UKCHLL098,annotation_1_vs_annotation_2,annotation_1.nii.gz,annotation_2.nii.gz,2,kidney,0.952398867638261,nan,0.9523412798538433,308842,267833598,6719,24153
UKCHLL098,annotation_1_vs_annotation_2,annotation_1.nii.gz,annotation_2.nii.gz,3,liver,0.9762447963877207,nan,0.9760835282388819,1765753,266321626,14955,70978
UKCHLL098,annotation_1_vs_annotation_3,annotation_1.nii.gz,annotation_3.nii.gz,0,background,0.999698634463584,nan,0.9641138664737499,265841110,2171923,133095,27184
UKCHLL098,annotation_1_vs_annotation_3,annotation_1.nii.gz,annotation_3.nii.gz,1,pancreas,0.9078169622102676,nan,0.9077807390706895,95683,268058197,7155,12277
UKCHLL098,annotation_1_vs_annotation_3,annotation_1.nii.gz,annotation_3.nii.gz,2,kidney,0.9491019525438287,nan,0.9490400702251304,309393,267830735,6168,27016
UKCHLL098,annotation_1_vs_annotation_3,annotation_1.nii.gz,annotation_3.nii.gz,3,liver,0.9704332752872075,nan,0.9702312672300529,1766847,266298802,13861,93802
UKCHLL098,annotation_1_vs_weighted,annotation_1.nii.gz,weighted,0,background,0.9996497392970881,nan,0.958092942120135,265838771,2148250,135434,50857
UKCHLL098,annotation_1_vs_weighted,annotation_1.nii.gz,weighted,1,pancreas,0.8210293505163029,nan,0.8209596368041806,85752,268050175,17086,20299
UKCHLL098,annotation_1_vs_weighted,annotation_1.nii.gz,weighted,2,kidney,0.914049726724903,nan,0.9139404917309645,313073,267801361,2488,56390
UKCHLL098,annotation_1_vs_weighted,annotation_1.nii.gz,weighted,3,liver,0.9749147226514805,nan,0.9747457477397413,1749425,266333859,31283,58745
UKCHLL098,annotation_2_vs_annotation_3,annotation_2.nii.gz,annotation_3.nii.gz,0,background,0.9998523152388856,nan,0.9827771709553413,265834476,2260305,44713,33818
UKCHLL098,annotation_2_vs_annotation_3,annotation_2.nii.gz,annotation_3.nii.gz,1,pancreas,0.9100909376519752,nan,0.9100521652975059,105733,268046688,18664,2227
UKCHLL098,annotation_2_vs_annotation_3,annotation_2.nii.gz,annotation_3.nii.gz,2,kidney,0.9792053826986394,nan,0.9791793975774685,327742,267831650,5253,8667
UKCHLL098,annotation_2_vs_annotation_3,annotation_2.nii.gz,annotation_3.nii.gz,3,liver,0.9881754106962227,nan,0.9880933338731428,1826830,266302762,9901,33819
UKCHLL098,annotation_2_vs_weighted,annotation_2.nii.gz,weighted,0,background,0.9996303525259173,nan,0.9566912353624021,265786125,2190620,93064,103503
UKCHLL098,annotation_2_vs_weighted,annotation_2.nii.gz,weighted,1,pancreas,0.8209140456849268,nan,0.8208375541890456,94589,268037453,29808,11462
UKCHLL098,annotation_2_vs_weighted,annotation_2.nii.gz,weighted,2,kidney,0.9173900788374536,nan,0.9172820343566584,322214,267793068,10781,47249
UKCHLL098,annotation_2_vs_weighted,annotation_2.nii.gz,weighted,3,liver,0.9733142271902584,nan,0.97313164661533,1773817,266302228,62914,34353
UKCHLL098,annotation_3_vs_weighted,annotation_3.nii.gz,weighted,0,background,0.9996179577367914,nan,0.9553453155431176,265777384,2192774,90910,112244
UKCHLL098,annotation_3_vs_weighted,annotation_3.nii.gz,weighted,1,pancreas,0.8364710225175341,nan,0.8364057509533592,89507,268048808,18453,16544
UKCHLL098,annotation_3_vs_weighted,annotation_3.nii.gz,weighted,2,kidney,0.9199684928712287,nan,0.9198632582301597,324690,267792130,11719,44773
UKCHLL098,annotation_3_vs_weighted,annotation_3.nii.gz,weighted,3,liver,0.9695610494821358,nan,0.9693514443658264,1778572,266283065,82077,29598
UKCHLL099,annotation_1_vs_annotation_2,annotation_1.nii.gz,annotation_2.nii.gz,0,background,0.9996594639595368,nan,0.9737281634983415,273918802,3505072,144298,42324
UKCHLL099,annotation_1_vs_annotation_2,annotation_1.nii.gz,annotation_2.nii.gz,1,pancreas,0.8849494840188488,nan,0.8849073773041751,89956,277497150,8721,14669
UKCHLL099,annotation_1_vs_annotation_2,annotation_1.nii.gz,annotation_2.nii.gz,2,kidney,0.9614313579872231,nan,0.9613621293922159,478352,277093765,10882,27497
UKCHLL099,annotation_1_vs_annotation_2,annotation_1.nii.gz,annotation_2.nii.gz,3,liver,0.9791855502343049,nan,0.9789582637455654,2936764,274548879,22721,102132
UKCHLL099,annotation_1_vs_annotation_3,annotation_1.nii.gz,annotation_3.nii.gz,0,background,0.9995069462054924,nan,0.9617722439688449,273894825,3445448,168275,101948
UKCHLL099,annotation_1_vs_annotation_3,annotation_1.nii.gz,annotation_3.nii.gz,1,pancreas,0.4687644402045106,nan,0.46866450876109184,31448,277507770,67229,4049
UKCHLL099,annotation_1_vs_annotation_3,annotation_1.nii.gz,annotation_3.nii.gz,2,kidney,0.9554510732837594,nan,0.9553702358282451,480804,277084856,8430,36406
UKCHLL099,annotation_1_vs_annotation_3,annotation_1.nii.gz,annotation_3.nii.gz,3,liver,0.9744019642219144,nan,0.974121431534494,2933194,274523189,26291,127822
UKCHLL099,annotation_1_vs_weighted,annotation_1.nii.gz,weighted,0,background,0.9995617175972085,nan,0.9660620559415166,273905275,3465020,157825,82376
UKCHLL099,annotation_1_vs_weighted,annotation_1.nii.gz,weighted,1,pancreas,0.8431721964133043,nan,0.8431173490333426,81856,277498190,16821,13629
UKCHLL099,annotation_1_vs_weighted,annotation_1.nii.gz,weighted,2,kidney,0.938134194074981,nan,0.9380200861207526,480434,277066697,8800,54565
UKCHLL099,annotation_1_vs_weighted,annotation_1.nii.gz,weighted,3,liver,0.9754049415929108,nan,0.9751384393029013,2902730,274561380,56755,89631
UKCHLL099,annotation_2_vs_annotation_3,annotation_2.nii.gz,annotation_3.nii.gz,0,background,0.9996937593192721,nan,0.9765896980451328,273895046,3547643,66080,101727
UKCHLL099,annotation_2_vs_annotation_3,annotation_2.nii.gz,annotation_3.nii.gz,1,pancreas,0.4441558070823996,nan,0.44404964952520054,31118,277501492,73507,4379
UKCHLL099,annotation_2_vs_annotation_3,annotation_2.nii.gz,annotation_3.nii.gz,2,kidney,0.9776112619115809,nan,0.9775699370188078,500077,277087514,5772,17133
UKCHLL099,annotation_2_vs_annotation_3,annotation_2.nii.gz,annotation_3.nii.gz,3,liver,0.98900574303367,nan,0.9888836149443289,3016424,274527008,22472,44592
UKCHLL099,annotation_2_vs_weighted,annotation_2.nii.gz,weighted,0,background,0.999519336457977,nan,0.9633021793910641,273842699,3504418,118427,144952
UKCHLL099,annotation_2_vs_weighted,annotation_2.nii.gz,weighted,1,pancreas,0.819119484283644,nan,0.8190544048206897,81957,277492343,22668,13528
UKCHLL099,annotation_2_vs_weighted,annotation_2.nii.gz,weighted,2,kidney,0.935571764561204,nan,0.9354508520665985,486894,277056542,18955,48105
UKCHLL099,annotation_2_vs_weighted,annotation_2.nii.gz,weighted,3,liver,0.9734511396214752,nan,0.9731595949096515,2935567,274514806,103329,56794
UKCHLL099,annotation_3_vs_weighted,annotation_3.nii.gz,weighted,0,background,0.999416585607185,nan,0.9552379095824568,273832361,3458433,164412,155290
UKCHLL099,annotation_3_vs_weighted,annotation_3.nii.gz,weighted,1,pancreas,0.39803942526454017,nan,0.39792718250918746,26068,277505582,9429,69417
UKCHLL099,annotation_3_vs_weighted,annotation_3.nii.gz,weighted,2,kidney,0.9378421967498852,nan,0.9377242105464828,493403,277051690,23807,41596
UKCHLL099,annotation_3_vs_weighted,annotation_3.nii.gz,weighted,3,liver,0.9710123787102637,nan,0.9706928948678053,2938952,274496071,122064,53409
UKCHLL100,annotation_1_vs_annotation_2,annotation_1.nii.gz,annotation_2.nii.gz,0,background,0.999670167742704,nan,0.9796905815272697,230216860,3725816,114144,37772
UKCHLL100,annotation_1_vs_annotation_2,annotation_1.nii.gz,annotation_2.nii.gz,1,pancreas,0.9084702438171808,nan,0.908434559899118,83165,233994669,3008,13750
UKCHLL100,annotation_1_vs_annotation_2,annotation_1.nii.gz,annotation_2.nii.gz,2,kidney,0.9713537178117136,nan,0.9712825546806267,563560,233497792,9681,23559
UKCHLL100,annotation_1_vs_annotation_2,annotation_1.nii.gz,annotation_2.nii.gz,3,liver,0.9836775770355106,nan,0.9834563895726336,3078960,230913452,25214,76966
UKCHLL100,annotation_1_vs_annotation_3,annotation_1.nii.gz,annotation_3.nii.gz,0,background,0.9995886777835813,nan,0.9747865931150775,230180955,3724202,150049,39386
UKCHLL100,annotation_1_vs_annotation_3,annotation_1.nii.gz,annotation_3.nii.gz,1,pancreas,0.9150647443598986,nan,0.915032172677811,82257,233997065,3916,11354
UKCHLL100,annotation_1_vs_annotation_3,annotation_1.nii.gz,annotation_3.nii.gz,2,kidney,0.9661544469928862,nan,0.9660698576637289,564040,233491034,9201,30317
UKCHLL100,annotation_1_vs_annotation_3,annotation_1.nii.gz,annotation_3.nii.gz,3,liver,0.9784812136860644,nan,0.978188206550549,3077547,230881682,26627,108736
UKCHLL100,annotation_1_vs_weighted,annotation_1.nii.gz,weighted,0,background,0.9994391295687594,nan,0.9653250428912067,230178921,3657325,152083,106263
UKCHLL100,annotation_1_vs_weighted,annotation_1.nii.gz,weighted,1,pancreas,0.7845599739586068,nan,0.784473088112864,74716,233978842,11457,29577
UKCHLL100,annotation_1_vs_weighted,annotation_1.nii.gz,weighted,2,kidney,0.9467794263925029,nan,0.9466447087526347,560154,233471463,13087,49888
UKCHLL100,annotation_1_vs_weighted,annotation_1.nii.gz,weighted,3,liver,0.9750816510456835,nan,0.9747472830211314,3022386,230917731,81788,72687
UKCHLL100,annotation_2_vs_annotation_3,annotation_2.nii.gz,annotation_3.nii.gz,0,background,0.9997956696769272,nan,0.9875988334311631,230190442,3810061,64190,29899
UKCHLL100,annotation_2_vs_annotation_3,annotation_2.nii.gz,annotation_3.nii.gz,1,pancreas,0.954956278933059,nan,0.9549379467905285,90972,233995038,5943,2639
UKCHLL100,annotation_2_vs_annotation_3,annotation_2.nii.gz,annotation_3.nii.gz,2,kidney,0.9830381658197035,nan,0.9829952559369733,580718,233493834,6401,13639
UKCHLL100,annotation_2_vs_annotation_3,annotation_2.nii.gz,annotation_3.nii.gz,3,liver,0.9896034646603415,nan,0.9894606999088789,3138136,230890519,17790,48147
UKCHLL100,annotation_2_vs_weighted,annotation_2.nii.gz,weighted,0,background,0.9994318015708765,nan,0.9652227101121847,230139069,3693845,115563,146115
UKCHLL100,annotation_2_vs_weighted,annotation_2.nii.gz,weighted,1,pancreas,0.78838813566061,nan,0.7882972770743835,79315,233972699,17600,24978
UKCHLL100,annotation_2_vs_weighted,annotation_2.nii.gz,weighted,2,kidney,0.9526371139721391,nan,0.9525157411109769,570230,233467661,16889,39812
UKCHLL100,annotation_2_vs_weighted,annotation_2.nii.gz,weighted,3,liver,0.9739998358662352,nan,0.9736480325419162,3044236,230887829,111690,50837
UKCHLL100,annotation_3_vs_weighted,annotation_3.nii.gz,weighted,0,background,0.9994037965125391,nan,0.963671514756513,230115485,3704552,104856,169699
UKCHLL100,annotation_3_vs_weighted,annotation_3.nii.gz,weighted,1,pancreas,0.7957696661007357,nan,0.7956835529627793,78743,233975431,14868,25550
UKCHLL100,annotation_3_vs_weighted,annotation_3.nii.gz,weighted,2,kidney,0.9534747205867823,nan,0.9533547477874454,574182,233464375,20175,35860
UKCHLL100,annotation_3_vs_weighted,annotation_3.nii.gz,weighted,3,liver,0.9715605993355575,nan,0.9711739424943904,3051359,230864595,134924,43714
UKCHLL101,annotation_1_vs_annotation_2,annotation_1.nii.gz,annotation_2.nii.gz,0,background,0.9990177803017137,nan,0.9653290513195936,219859855,6200235,347240,85086
UKCHLL101,annotation_1_vs_annotation_2,annotation_1.nii.gz,annotation_2.nii.gz,1,pancreas,0.9202239208108377,nan,0.9201212830710163,268110,226177820,13461,33025
UKCHLL101,annotation_1_vs_annotation_2,annotation_1.nii.gz,annotation_2.nii.gz,2,kidney,0.9495938245106518,nan,0.9494260751894023,714284,225702301,11271,64560
UKCHLL101,annotation_1_vs_annotation_2,annotation_1.nii.gz,annotation_2.nii.gz,3,liver,0.9710796634669655,nan,0.970377169760276,5217461,220964186,60734,250035
UKCHLL101,annotation_1_vs_annotation_3,annotation_1.nii.gz,annotation_3.nii.gz,0,background,0.9988234910723233,nan,0.9586595520417046,219787892,6186750,419203,98571
UKCHLL101,annotation_1_vs_annotation_3,annotation_1.nii.gz,annotation_3.nii.gz,1,pancreas,0.9114771539463675,nan,0.9113618951910243,269012,226171151,12559,39694
UKCHLL101,annotation_1_vs_annotation_3,annotation_1.nii.gz,annotation_3.nii.gz,2,kidney,0.9370401860870905,nan,0.9368272149888147,717457,225678547,8098,88314
UKCHLL101,annotation_1_vs_annotation_3,annotation_1.nii.gz,annotation_3.nii.gz,3,liver,0.965583999734068,nan,0.9647461720699524,5199511,220922256,78684,291965
UKCHLL101,annotation_1_vs_weighted,annotation_1.nii.gz,weighted,0,background,0.9977053511084455,nan,0.917280271324068,219704203,5777606,502892,507715
UKCHLL101,annotation_1_vs_weighted,annotation_1.nii.gz,weighted,1,pancreas,0.6908786133091287,nan,0.6905056073011001,188766,226134730,92805,76115
UKCHLL101,annotation_1_vs_weighted,annotation_1.nii.gz,weighted,2,kidney,0.852702810913789,nan,0.8521663244159573,713459,225532469,12096,234392
UKCHLL101,annotation_1_vs_weighted,annotation_1.nii.gz,weighted,3,liver,0.9422782475209408,nan,0.9409296669509175,4874387,221020842,403808,193379
UKCHLL101,annotation_2_vs_annotation_3,annotation_2.nii.gz,annotation_3.nii.gz,0,background,0.9995321070798301,nan,0.983886461342635,219812805,6473817,132136,73658
UKCHLL101,annotation_2_vs_annotation_3,annotation_2.nii.gz,annotation_3.nii.gz,1,pancreas,0.9622672139131347,nan,0.9622163546722228,293415,226175990,7720,15291
UKCHLL101,annotation_2_vs_annotation_3,annotation_2.nii.gz,annotation_3.nii.gz,2,kidney,0.9680218854422052,nan,0.9679096606033627,766971,225674772,11873,38800
UKCHLL101,annotation_2_vs_annotation_3,annotation_2.nii.gz,annotation_3.nii.gz,3,liver,0.9877731232455015,nan,0.9874699886222833,5412489,220945933,55007,78987
UKCHLL101,annotation_2_vs_weighted,annotation_2.nii.gz,weighted,0,background,0.9977779126236449,nan,0.9215340435704412,219589396,5924953,355545,622522
UKCHLL101,annotation_2_vs_weighted,annotation_2.nii.gz,weighted,1,pancreas,0.7071496212121212,nan,0.7067847444308633,200129,226126529,101006,64752
UKCHLL101,annotation_2_vs_weighted,annotation_2.nii.gz,weighted,2,kidney,0.8651522127532656,nan,0.8646411929042644,746927,225512648,31917,200924
UKCHLL101,annotation_2_vs_weighted,annotation_2.nii.gz,weighted,3,liver,0.9448053593731224,nan,0.9434930448831678,4976886,220934040,490610,90880
UKCHLL101,annotation_3_vs_weighted,annotation_3.nii.gz,weighted,0,background,0.9977038656727074,nan,0.9192877389574957,219543928,5937963,342535,667990
UKCHLL101,annotation_3_vs_weighted,annotation_3.nii.gz,weighted,1,pancreas,0.6990744211427385,nan,0.6986951244389634,200490,226119319,108216,64391
UKCHLL101,annotation_3_vs_weighted,annotation_3.nii.gz,weighted,2,kidney,0.8667774469070302,nan,0.8662631152521683,760000,225498794,45771,187851
UKCHLL101,annotation_3_vs_weighted,annotation_3.nii.gz,weighted,3,liver,0.9424282538462515,nan,0.9410564710085157,4975664,220908838,515812,92102
UKCHLL102,annotation_1_vs_annotation_2,annotation_1.nii.gz,annotation_2.nii.gz,0,background,0.9992041093468668,nan,0.9751771567114452,162263664,5250002,145233,113261
UKCHLL102,annotation_1_vs_annotation_2,annotation_1.nii.gz,annotation_2.nii.gz,1,pancreas,0.9190534109876061,nan,0.9189449432490898,207037,167528653,31316,5154
UKCHLL102,annotation_1_vs_annotation_2,annotation_1.nii.gz,annotation_2.nii.gz,2,kidney,0.9669373899578416,nan,0.9667285389799966,1018465,166684046,22117,47532
UKCHLL102,annotation_1_vs_annotation_2,annotation_1.nii.gz,annotation_2.nii.gz,3,liver,0.9814207983417415,nan,0.980955315531107,4024500,163595285,59828,92547
UKCHLL102,annotation_1_vs_annotation_3,annotation_1.nii.gz,annotation_3.nii.gz,0,background,0.9990549769788923,nan,0.9705377248414963,162237290,5227944,171607,135319
UKCHLL102,annotation_1_vs_annotation_3,annotation_1.nii.gz,annotation_3.nii.gz,1,pancreas,0.9050284574836699,nan,0.9049022235897017,202425,167527251,35928,6556
UKCHLL102,annotation_1_vs_annotation_3,annotation_1.nii.gz,annotation_3.nii.gz,2,kidney,0.963517099268028,nan,0.9632882629669032,1007651,166688201,32931,43377
UKCHLL102,annotation_1_vs_annotation_3,annotation_1.nii.gz,annotation_3.nii.gz,3,liver,0.9771231792331347,nan,0.9765484296062454,4017867,163566157,66461,121675
UKCHLL102,annotation_1_vs_weighted,annotation_1.nii.gz,weighted,0,background,0.9981944256495191,nan,0.9439230254451878,162077046,5108771,331851,254492
UKCHLL102,annotation_1_vs_weighted,annotation_1.nii.gz,weighted,1,pancreas,0.8371363037756995,nan,0.8369034148222161,200554,167493571,37799,40236
UKCHLL102,annotation_1_vs_weighted,annotation_1.nii.gz,weighted,2,kidney,0.9146004060682917,nan,0.9140286056508858,1025937,166554632,14645,176946
UKCHLL102,annotation_1_vs_weighted,annotation_1.nii.gz,weighted,3,liver,0.9607516237842113,nan,0.9597831511262972,3882050,163572933,202278,114899
UKCHLL102,annotation_2_vs_annotation_3,annotation_2.nii.gz,annotation_3.nii.gz,0,background,0.9993363931971031,nan,0.9793724959214379,162267014,5289640,109911,105595
UKCHLL102,annotation_2_vs_annotation_3,annotation_2.nii.gz,annotation_3.nii.gz,1,pancreas,0.9579696655998025,nan,0.9579168462988283,201735,167552723,10456,7246
UKCHLL102,annotation_2_vs_annotation_3,annotation_2.nii.gz,annotation_3.nii.gz,2,kidney,0.9712743118290998,nan,0.9710919334179303,1028106,166683241,37891,22922
UKCHLL102,annotation_2_vs_annotation_3,annotation_2.nii.gz,annotation_3.nii.gz,3,liver,0.9834082815554946,nan,0.9829897203186736,4059799,163575370,57248,79743
UKCHLL102,annotation_2_vs_weighted,annotation_2.nii.gz,weighted,0,background,0.9982693552400573,nan,0.9464086985322444,162073254,5136951,303671,258284
UKCHLL102,annotation_2_vs_weighted,annotation_2.nii.gz,weighted,1,pancreas,0.8597711603797952,nan,0.8595823537637007,194730,167513909,17461,46060
UKCHLL102,annotation_2_vs_weighted,annotation_2.nii.gz,weighted,2,kidney,0.9190843059130496,nan,0.918535464939872,1042646,166545926,23351,160237
UKCHLL102,annotation_2_vs_weighted,annotation_2.nii.gz,weighted,3,liver,0.9611890368198357,nan,0.9602274847678214,3899542,163557706,217505,97407
UKCHLL102,annotation_3_vs_weighted,annotation_3.nii.gz,weighted,0,background,0.9982247008382065,nan,0.9450478083176518,162063850,5131863,308759,267688
UKCHLL102,annotation_3_vs_weighted,annotation_3.nii.gz,weighted,1,pancreas,0.8539634614059155,nan,0.8537684297792427,192044,167514433,16937,48746
UKCHLL102,annotation_3_vs_weighted,annotation_3.nii.gz,weighted,2,kidney,0.9157699660723072,nan,0.9152029547523151,1032032,166550281,18996,170851
UKCHLL102,annotation_3_vs_weighted,annotation_3.nii.gz,weighted,3,liver,0.9604939033300719,nan,0.9595124368080591,3907525,163543194,232017,89424
UKCHLL103,annotation_1_vs_annotation_2,annotation_1.nii.gz,annotation_2.nii.gz,0,background,0.9998295472627026,nan,0.985302808865301,250510617,2897216,40073,45342
UKCHLL103,annotation_1_vs_annotation_2,annotation_1.nii.gz,annotation_2.nii.gz,1,pancreas,0.9096379931653568,nan,0.9096132069443594,63485,253417150,1905,10708
UKCHLL103,annotation_1_vs_annotation_2,annotation_1.nii.gz,annotation_2.nii.gz,2,kidney,0.9754939196910801,nan,0.9754580423331581,361500,253113585,10469,7694
UKCHLL103,annotation_1_vs_annotation_2,annotation_1.nii.gz,annotation_2.nii.gz,3,liver,0.9890702348282221,nan,0.988961390027062,2472231,250966378,32968,21671
UKCHLL103,annotation_1_vs_annotation_3,annotation_1.nii.gz,annotation_3.nii.gz,0,background,0.9998556636444064,nan,0.9875533222853083,250517481,2903439,33209,39119
UKCHLL103,annotation_1_vs_annotation_3,annotation_1.nii.gz,annotation_3.nii.gz,1,pancreas,0.9519998798870939,nan,0.9519872689889561,63407,253423447,1983,4411
UKCHLL103,annotation_1_vs_annotation_3,annotation_1.nii.gz,annotation_3.nii.gz,2,kidney,0.9797615367037221,nan,0.979731796020084,364437,253113755,7532,7524
UKCHLL103,annotation_1_vs_annotation_3,annotation_1.nii.gz,annotation_3.nii.gz,3,liver,0.9898286068881911,nan,0.9897272534304761,2475595,250966775,29604,21274
UKCHLL103,annotation_1_vs_weighted,annotation_1.nii.gz,weighted,0,background,0.9985687999336081,nan,0.8834669198327536,250021745,2754815,528945,187743
UKCHLL103,annotation_1_vs_weighted,annotation_1.nii.gz,weighted,1,pancreas,0.3476890135853514,nan,0.34743361800056977,47091,253269459,18299,158399
UKCHLL103,annotation_1_vs_weighted,annotation_1.nii.gz,weighted,2,kidney,0.6965305793125706,nan,0.6959533353285945,366894,252806652,5075,314627
UKCHLL103,annotation_1_vs_weighted,annotation_1.nii.gz,weighted,3,liver,0.954889362351457,nan,0.9544491561964022,2340409,250931709,164790,56340
UKCHLL103,annotation_2_vs_annotation_3,annotation_2.nii.gz,annotation_3.nii.gz,0,background,0.999960418074455,nan,0.9965836368803077,250546362,2927051,9597,10238
UKCHLL103,annotation_2_vs_annotation_3,annotation_2.nii.gz,annotation_3.nii.gz,1,pancreas,0.9521093436423939,nan,0.9520959523734305,67605,253418842,6588,213
UKCHLL103,annotation_2_vs_annotation_3,annotation_2.nii.gz,annotation_3.nii.gz,2,kidney,0.9900196315210719,nan,0.9900050202325226,366879,253118972,2315,5082
UKCHLL103,annotation_2_vs_annotation_3,annotation_2.nii.gz,annotation_3.nii.gz,3,liver,0.9988705151969506,nan,0.998859286021665,2492567,250995044,1335,4302
UKCHLL103,annotation_2_vs_weighted,annotation_2.nii.gz,weighted,0,background,0.9985629659468098,nan,0.8828929354732266,250022915,2750716,533044,186573
UKCHLL103,annotation_2_vs_weighted,annotation_2.nii.gz,weighted,1,pancreas,0.35589578201034744,nan,0.3556186452601341,49769,253263334,24424,155721
UKCHLL103,annotation_2_vs_weighted,annotation_2.nii.gz,weighted,2,kidney,0.6917460967055766,nan,0.6911625945839688,363414,252805947,5780,318107
UKCHLL103,annotation_2_vs_weighted,annotation_2.nii.gz,weighted,3,liver,0.955670318736708,nan,0.9552386987280093,2336925,250939522,156977,59824
UKCHLL103,annotation_3_vs_weighted,annotation_3.nii.gz,weighted,0,background,0.9985668358596999,nan,0.8831962851720586,250024204,2751364,532396,185284
UKCHLL103,annotation_3_vs_weighted,annotation_3.nii.gz,weighted,1,pancreas,0.35066664715266294,nan,0.350405317081223,47920,253267860,19898,157570
UKCHLL103,annotation_3_vs_weighted,annotation_3.nii.gz,weighted,2,kidney,0.6939919239246612,nan,0.6934098591545351,365554,252805320,6407,315967
UKCHLL103,annotation_3_vs_weighted,annotation_3.nii.gz,weighted,3,liver,0.9552224959120226,nan,0.9547862591230879,2337247,250936877,159622,59502
UKCHLL104,annotation_1_vs_annotation_2,annotation_1.nii.gz,annotation_2.nii.gz,0,background,0.9998368865767514,nan,0.9819056151194809,233504917,2086351,37754,38434
UKCHLL104,annotation_1_vs_annotation_2,annotation_1.nii.gz,annotation_2.nii.gz,1,pancreas,0.9465524724082427,nan,0.9465318306057084,86150,235571577,3125,6604
UKCHLL104,annotation_1_vs_annotation_2,annotation_1.nii.gz,annotation_2.nii.gz,2,kidney,0.9713021440685958,nan,0.9712614128195034,324429,235323856,10519,8652
UKCHLL104,annotation_1_vs_annotation_2,annotation_1.nii.gz,annotation_2.nii.gz,3,liver,0.9855968167888263,nan,0.9854921999839472,1674939,233943563,25623,23331
UKCHLL104,annotation_1_vs_annotation_3,annotation_1.nii.gz,annotation_3.nii.gz,0,background,0.9999331356906476,nan,0.9925926740736344,233524522,2111703,18149,13082
UKCHLL104,annotation_1_vs_annotation_3,annotation_1.nii.gz,annotation_3.nii.gz,1,pancreas,0.9839770450496451,nan,0.9839709180520627,88646,235575923,629,2258
UKCHLL104,annotation_1_vs_annotation_3,annotation_1.nii.gz,annotation_3.nii.gz,2,kidney,0.9884087072280107,nan,0.9883921499340663,332261,235327402,2687,5106
UKCHLL104,annotation_1_vs_annotation_3,annotation_1.nii.gz,annotation_3.nii.gz,3,liver,0.9936660510742787,nan,0.9936199995910763,1690297,233955610,10265,11284
UKCHLL104,annotation_1_vs_weighted,annotation_1.nii.gz,weighted,0,background,0.9995430959382667,nan,0.9500991464233199,233402942,2051131,139729,73654
UKCHLL104,annotation_1_vs_weighted,annotation_1.nii.gz,weighted,1,pancreas,0.7951558181859033,nan,0.795078417881231,70780,235560208,18495,17973
UKCHLL104,annotation_1_vs_weighted,annotation_1.nii.gz,weighted,2,kidney,0.9369901889821338,nan,0.9368969299872536,326862,235296633,8086,35875
UKCHLL104,annotation_1_vs_weighted,annotation_1.nii.gz,weighted,3,liver,0.9595236184901329,nan,0.9592260770450793,1650348,233877872,50214,89022
UKCHLL104,annotation_2_vs_annotation_3,annotation_2.nii.gz,annotation_3.nii.gz,0,background,0.9998225211301968,nan,0.9803354885604025,233499029,2085530,44322,38575
UKCHLL104,annotation_2_vs_annotation_3,annotation_2.nii.gz,annotation_3.nii.gz,1,pancreas,0.9413148351827854,nan,0.9412919616238832,86440,235570238,6314,4464
UKCHLL104,annotation_2_vs_annotation_3,annotation_2.nii.gz,annotation_3.nii.gz,2,kidney,0.9700110970574899,nan,0.9699683804755069,325171,235322179,7910,12196
UKCHLL104,annotation_2_vs_annotation_3,annotation_2.nii.gz,annotation_3.nii.gz,3,liver,0.9843319604300306,nan,0.984218122093155,1673291,233940896,24979,28290
UKCHLL104,annotation_2_vs_weighted,annotation_2.nii.gz,weighted,0,background,0.9995087297630993,nan,0.9463373858565144,233395257,2042766,148094,81339
UKCHLL104,annotation_2_vs_weighted,annotation_2.nii.gz,weighted,1,pancreas,0.7904598720710496,nan,0.7903791881322603,71737,235557686,21017,17016
UKCHLL104,annotation_2_vs_weighted,annotation_2.nii.gz,weighted,2,kidney,0.9301225320414246,nan,0.930019409396652,323598,235295236,9483,39139
UKCHLL104,annotation_2_vs_weighted,annotation_2.nii.gz,weighted,3,liver,0.9568843741636704,nan,0.956567649389245,1644712,233874528,53558,94658
UKCHLL104,annotation_3_vs_weighted,annotation_3.nii.gz,weighted,0,background,0.9995280743069482,nan,0.9485189837426382,233396902,2050158,140702,79694
UKCHLL104,annotation_3_vs_weighted,annotation_3.nii.gz,weighted,1,pancreas,0.7940464329249626,nan,0.7939679116869167,71328,235559127,19576,17425
UKCHLL104,annotation_3_vs_weighted,annotation_3.nii.gz,weighted,2,kidney,0.9351010706980677,nan,0.9350046557153493,327334,235294686,10033,35403
UKCHLL104,annotation_3_vs_weighted,annotation_3.nii.gz,weighted,3,liver,0.9576904756853556,nan,0.9573793639284274,1647683,233874188,53898,91687
UKCHLL105,annotation_1_vs_annotation_2,annotation_1.nii.gz,annotation_2.nii.gz,0,background,0.9996078456151495,nan,0.9701434952113717,251617204,3251485,132623,64800
UKCHLL105,annotation_1_vs_annotation_2,annotation_1.nii.gz,annotation_2.nii.gz,1,pancreas,0.9194723928161795,nan,0.9194288883947241,126661,254917265,9030,13156
UKCHLL105,annotation_1_vs_annotation_2,annotation_1.nii.gz,annotation_2.nii.gz,2,kidney,0.9610593108918403,nan,0.9609883540367091,445895,254584083,14239,21895
UKCHLL105,annotation_1_vs_annotation_2,annotation_1.nii.gz,annotation_2.nii.gz,3,liver,0.9745672199602653,nan,0.9742902113534417,2678579,252247730,41881,97922
UKCHLL105,annotation_1_vs_annotation_3,annotation_1.nii.gz,annotation_3.nii.gz,0,background,0.9996176436498727,nan,0.9709615448714177,251611360,3262268,138467,54017
UKCHLL105,annotation_1_vs_annotation_3,annotation_1.nii.gz,annotation_3.nii.gz,1,pancreas,0.9249916829926441,nan,0.9249518843593049,125119,254920701,10572,9720
UKCHLL105,annotation_1_vs_annotation_3,annotation_1.nii.gz,annotation_3.nii.gz,2,kidney,0.96004842744722,nan,0.9599752111504759,448033,254580790,12101,25188
UKCHLL105,annotation_1_vs_annotation_3,annotation_1.nii.gz,annotation_3.nii.gz,3,liver,0.9754482703579723,nan,0.975180080895472,2688889,252241866,31571,103786
UKCHLL105,annotation_1_vs_weighted,annotation_1.nii.gz,weighted,0,background,0.9991415117452295,nan,0.9348355709497763,251489745,3144194,260082,172091
UKCHLL105,annotation_1_vs_weighted,annotation_1.nii.gz,weighted,1,pancreas,0.7379196900493483,nan,0.7377987570985198,88374,254914964,47317,15457
UKCHLL105,annotation_1_vs_weighted,annotation_1.nii.gz,weighted,2,kidney,0.8363395915736481,nan,0.8360000284093168,451541,254437850,8593,168128
UKCHLL105,annotation_1_vs_weighted,annotation_1.nii.gz,weighted,3,liver,0.9642685489025105,nan,0.9638861997402598,2604121,252268997,116339,76655
UKCHLL105,annotation_2_vs_annotation_3,annotation_2.nii.gz,annotation_3.nii.gz,0,background,0.9996599306831399,nan,0.9744311986466501,251588104,3306835,93900,77273
UKCHLL105,annotation_2_vs_annotation_3,annotation_2.nii.gz,annotation_3.nii.gz,1,pancreas,0.9401360246999884,nan,0.9401037870772587,129107,254920563,10710,5732
UKCHLL105,annotation_2_vs_annotation_3,annotation_2.nii.gz,annotation_3.nii.gz,2,kidney,0.9555169918311263,nan,0.9554347877356136,449576,254574677,18214,23645
UKCHLL105,annotation_2_vs_annotation_3,annotation_2.nii.gz,annotation_3.nii.gz,3,liver,0.9796598275938846,nan,0.9794353223819527,2727949,252224885,48552,64726
UKCHLL105,annotation_2_vs_weighted,annotation_2.nii.gz,weighted,0,background,0.9991003008996793,nan,0.9323895866318141,251445491,3167763,236513,216345
UKCHLL105,annotation_2_vs_weighted,annotation_2.nii.gz,weighted,1,pancreas,0.7406258208563173,nan,0.740504584999149,90226,254912690,49591,13605
UKCHLL105,annotation_2_vs_weighted,annotation_2.nii.gz,weighted,2,kidney,0.8316175598344397,nan,0.8312648800797922,452175,254430828,15615,167494
UKCHLL105,annotation_2_vs_weighted,annotation_2.nii.gz,weighted,3,liver,0.9621366113539774,nan,0.9617273048532029,2625323,252234158,151178,55453
UKCHLL105,annotation_3_vs_weighted,annotation_3.nii.gz,weighted,0,background,0.999169031617609,nan,0.9377071179707125,251454482,3193381,210895,207354
UKCHLL105,annotation_3_vs_weighted,annotation_3.nii.gz,weighted,1,pancreas,0.7441572045083169,nan,0.7440394723904254,88804,254916246,46035,15027
UKCHLL105,annotation_3_vs_weighted,annotation_3.nii.gz,weighted,2,kidney,0.8444857213443256,nan,0.8441578454377437,461465,254434687,11756,158204
UKCHLL105,annotation_3_vs_weighted,annotation_3.nii.gz,weighted,3,liver,0.9657625509025293,nan,0.9653913737085376,2643027,252235688,149648,37749
UKCHLL106,annotation_1_vs_annotation_2,annotation_1.nii.gz,annotation_2.nii.gz,0,background,0.9996816217155129,nan,0.9703050851489773,237214505,2496159,110773,40323
UKCHLL106,annotation_1_vs_annotation_2,annotation_1.nii.gz,annotation_2.nii.gz,1,pancreas,0.8712876984269695,nan,0.8712505764672999,60568,239783297,3967,13928
UKCHLL106,annotation_1_vs_annotation_2,annotation_1.nii.gz,annotation_2.nii.gz,2,kidney,0.9527351009968597,nan,0.9526673674749925,327053,239502257,12851,19599
UKCHLL106,annotation_1_vs_annotation_2,annotation_1.nii.gz,annotation_2.nii.gz,3,liver,0.976275797988201,nan,0.9760603588615063,2107695,237651628,24348,78089
UKCHLL106,annotation_1_vs_annotation_3,annotation_1.nii.gz,annotation_3.nii.gz,0,background,0.9995367089235114,nan,0.957268675677239,237151286,2490632,173992,45850
UKCHLL106,annotation_1_vs_annotation_3,annotation_1.nii.gz,annotation_3.nii.gz,1,pancreas,0.820484873479247,nan,0.8204341709351393,55706,239781678,8829,15547
UKCHLL106,annotation_1_vs_annotation_3,annotation_1.nii.gz,annotation_3.nii.gz,2,kidney,0.9442179226363099,nan,0.9441372434583394,327214,239495884,12690,25972
UKCHLL106,annotation_1_vs_annotation_3,annotation_1.nii.gz,annotation_3.nii.gz,3,liver,0.9633733647925039,nan,0.9630366850896637,2106044,237595576,25999,134141
UKCHLL106,annotation_1_vs_weighted,annotation_1.nii.gz,weighted,0,background,0.9996394604405436,nan,0.9658926607809601,237240680,2449949,84598,86533
UKCHLL106,annotation_1_vs_weighted,annotation_1.nii.gz,weighted,1,pancreas,0.7649103673914526,nan,0.7648456762903267,50499,239780220,14036,17005
UKCHLL106,annotation_1_vs_weighted,annotation_1.nii.gz,weighted,2,kidney,0.9344435978069751,nan,0.9343462768632712,332953,239482090,6951,39766
UKCHLL106,annotation_1_vs_weighted,annotation_1.nii.gz,weighted,3,liver,0.9777011792870803,nan,0.9775029963405908,2066062,237701455,65981,28262
UKCHLL106,annotation_2_vs_annotation_3,annotation_2.nii.gz,annotation_3.nii.gz,0,background,0.9996717855297992,nan,0.9701317805542256,237148121,2557917,106707,49015
UKCHLL106,annotation_2_vs_annotation_3,annotation_2.nii.gz,annotation_3.nii.gz,1,pancreas,0.8793885378287329,nan,0.8793519008215526,64085,239780096,10411,7168
UKCHLL106,annotation_2_vs_annotation_3,annotation_2.nii.gz,annotation_3.nii.gz,2,kidney,0.976851785698976,nan,0.976817969863985,341819,239503741,4833,11367
UKCHLL106,annotation_2_vs_annotation_3,annotation_2.nii.gz,annotation_3.nii.gz,3,liver,0.9721238445185676,nan,0.9718643014459752,2151295,237587086,34489,88890
UKCHLL106,annotation_2_vs_weighted,annotation_2.nii.gz,weighted,0,background,0.9996148210757937,nan,0.9640611208235047,237199621,2479340,55207,127592
UKCHLL106,annotation_2_vs_weighted,annotation_2.nii.gz,weighted,1,pancreas,0.8058732394366197,nan,0.8058158995585868,57217,239776977,17279,10287
UKCHLL106,annotation_2_vs_weighted,annotation_2.nii.gz,weighted,2,kidney,0.9348806109782017,nan,0.9347829429335044,336263,239478652,10389,36456
UKCHLL106,annotation_2_vs_weighted,annotation_2.nii.gz,weighted,3,liver,0.9742235476301065,nan,0.9739916058951117,2084891,237666543,100893,9433
UKCHLL106,annotation_3_vs_weighted,annotation_3.nii.gz,weighted,0,background,0.999472977518378,nan,0.951372373384794,237137132,2474543,60004,190081
UKCHLL106,annotation_3_vs_weighted,annotation_3.nii.gz,weighted,1,pancreas,0.7874773885281463,nan,0.787415944818584,54634,239777637,16619,12870
UKCHLL106,annotation_3_vs_weighted,annotation_3.nii.gz,weighted,2,kidney,0.9369104772663089,nan,0.9368149365197733,340054,239475909,13132,32665
UKCHLL106,annotation_3_vs_weighted,annotation_3.nii.gz,weighted,3,liver,0.958740194102723,nan,0.9583644247170046,2077834,237605085,162351,16490
UKCHLL107,annotation_1_vs_annotation_2,annotation_1.nii.gz,annotation_2.nii.gz,0,background,0.9996578704807692,nan,0.9729294463611632,262623491,3272905,84632,95132
UKCHLL107,annotation_1_vs_annotation_2,annotation_1.nii.gz,annotation_2.nii.gz,1,pancreas,0.9143084039786377,nan,0.9142678399427863,115132,265939447,8880,12701
UKCHLL107,annotation_1_vs_annotation_2,annotation_1.nii.gz,annotation_2.nii.gz,2,kidney,0.9367748453747424,nan,0.936665576324173,430219,265587868,19405,38668
UKCHLL107,annotation_1_vs_annotation_2,annotation_1.nii.gz,annotation_2.nii.gz,3,liver,0.9818786589473176,nan,0.9816874989853646,2727275,263248217,67126,33542
UKCHLL107,annotation_1_vs_annotation_3,annotation_1.nii.gz,annotation_3.nii.gz,0,background,0.9996370483535045,nan,0.9713699168806763,262607689,3277774,100434,90263
UKCHLL107,annotation_1_vs_annotation_3,annotation_1.nii.gz,annotation_3.nii.gz,1,pancreas,0.9099047137461878,nan,0.9098618546678239,115163,265938191,8849,13957
UKCHLL107,annotation_1_vs_annotation_3,annotation_1.nii.gz,annotation_3.nii.gz,2,kidney,0.9335845258526136,nan,0.9334683852172321,434100,265580296,15524,46240
UKCHLL107,annotation_1_vs_annotation_3,annotation_1.nii.gz,annotation_3.nii.gz,3,liver,0.9807369890686013,nan,0.9805334894465672,2727993,263241004,66408,40755
UKCHLL107,annotation_1_vs_weighted,annotation_1.nii.gz,weighted,0,background,0.9994613564098447,nan,0.9572240724066315,262584158,3208971,123965,159066
UKCHLL107,annotation_1_vs_weighted,annotation_1.nii.gz,weighted,1,pancreas,0.7993198254491816,nan,0.7992277719052798,97539,265929644,26473,22504
UKCHLL107,annotation_1_vs_weighted,annotation_1.nii.gz,weighted,2,kidney,0.9241295046794503,nan,0.9239938640407841,440198,265563682,9426,62854
UKCHLL107,annotation_1_vs_weighted,annotation_1.nii.gz,weighted,3,liver,0.970226236419111,nan,0.9699151312912189,2670180,263242098,124221,39661
UKCHLL107,annotation_2_vs_annotation_3,annotation_2.nii.gz,annotation_3.nii.gz,0,background,0.9998630439094922,nan,0.9891798913850643,262672308,3331893,46315,25644
UKCHLL107,annotation_2_vs_annotation_3,annotation_2.nii.gz,annotation_3.nii.gz,1,pancreas,0.9718119656123883,nan,0.9717983486142437,124855,265944062,2978,4265
UKCHLL107,annotation_2_vs_annotation_3,annotation_2.nii.gz,annotation_3.nii.gz,2,kidney,0.974380206209895,nan,0.9743344319031043,462454,265589387,6433,17886
UKCHLL107,annotation_2_vs_annotation_3,annotation_2.nii.gz,annotation_3.nii.gz,3,liver,0.9925713867184851,nan,0.9924933860733941,2744244,263290839,16573,24504
UKCHLL107,annotation_2_vs_weighted,annotation_2.nii.gz,weighted,0,background,0.9995221746327855,nan,0.9619943412155705,262605384,3219697,113239,137840
UKCHLL107,annotation_2_vs_weighted,annotation_2.nii.gz,weighted,1,pancreas,0.8278816827768724,nan,0.8278015521378925,102606,265930890,25227,17437
UKCHLL107,annotation_2_vs_weighted,annotation_2.nii.gz,weighted,2,kidney,0.9322663253558093,nan,0.932142541592074,453053,265557274,15834,49999
UKCHLL107,annotation_2_vs_weighted,annotation_2.nii.gz,weighted,3,liver,0.9735062948552076,nan,0.9732311280983417,2662860,263268362,97957,46981
UKCHLL107,annotation_3_vs_weighted,annotation_3.nii.gz,weighted,0,background,0.9994970207664121,nan,0.9601168726976906,262588445,3223429,109507,154779
UKCHLL107,annotation_3_vs_weighted,annotation_3.nii.gz,weighted,1,pancreas,0.8225779911142506,nan,0.8224949904721145,102478,265929475,26642,17565
UKCHLL107,annotation_3_vs_weighted,annotation_3.nii.gz,weighted,2,kidney,0.935022859653119,nan,0.9349026269926036,459747,265552515,20593,43305
UKCHLL107,annotation_3_vs_weighted,annotation_3.nii.gz,weighted,3,liver,0.9709638740923986,nan,0.9706618684892685,2659756,263257327,108992,50085
UKCHLL108,annotation_1_vs_annotation_2,annotation_1.nii.gz,annotation_2.nii.gz,0,background,0.999892530790092,nan,0.9892791271118793,272462716,2729915,36193,22376
UKCHLL108,annotation_1_vs_annotation_2,annotation_1.nii.gz,annotation_2.nii.gz,1,pancreas,0.9401959808285808,nan,0.9401807264214899,66108,275176682,1280,7130
UKCHLL108,annotation_1_vs_annotation_2,annotation_1.nii.gz,annotation_2.nii.gz,2,kidney,0.9853178157776726,nan,0.9852939278511731,440542,274797529,6581,6548
UKCHLL108,annotation_1_vs_annotation_2,annotation_1.nii.gz,annotation_2.nii.gz,3,liver,0.9917409380046214,nan,0.9916731200495879,2223265,272990905,14515,22515
UKCHLL108,annotation_1_vs_annotation_3,annotation_1.nii.gz,annotation_3.nii.gz,0,background,0.999941240734147,nan,0.9941357796893732,272477182,2741995,21727,10296
UKCHLL108,annotation_1_vs_annotation_3,annotation_1.nii.gz,annotation_3.nii.gz,1,pancreas,0.9825027913263208,nan,0.9824984637314224,66877,275181941,511,1871
UKCHLL108,annotation_1_vs_annotation_3,annotation_1.nii.gz,annotation_3.nii.gz,2,kidney,0.9893609200932925,nan,0.9893435406015525,444135,274797513,2988,6564
UKCHLL108,annotation_1_vs_annotation_3,annotation_1.nii.gz,annotation_3.nii.gz,3,liver,0.9955179041756516,nan,0.9954811125841783,2230983,273000128,6797,13292
UKCHLL108,annotation_1_vs_weighted,annotation_1.nii.gz,weighted,0,background,0.9995036196232056,nan,0.9505249697769518,272354361,2626322,144548,125969
UKCHLL108,annotation_1_vs_weighted,annotation_1.nii.gz,weighted,1,pancreas,0.6593033824579627,nan,0.6592277746706028,40621,275168597,26767,15215
UKCHLL108,annotation_1_vs_weighted,annotation_1.nii.gz,weighted,2,kidney,0.9090738169617031,nan,0.9089145804578571,439999,274723183,7124,80894
UKCHLL108,annotation_1_vs_weighted,annotation_1.nii.gz,weighted,3,liver,0.968293884299833,nan,0.9680365818618323,2145701,272964980,92079,48440
UKCHLL108,annotation_2_vs_annotation_3,annotation_2.nii.gz,annotation_3.nii.gz,0,background,0.9999358206230453,nan,0.9936108522364496,272468797,2747427,16295,18681
UKCHLL108,annotation_2_vs_annotation_3,annotation_2.nii.gz,annotation_3.nii.gz,1,pancreas,0.956206949980984,nan,0.9561956632310968,67884,275177098,5354,864
UKCHLL108,annotation_2_vs_annotation_3,annotation_2.nii.gz,annotation_3.nii.gz,2,kidney,0.993340306018452,nan,0.9933294274648587,445905,274799316,1185,4794
UKCHLL108,annotation_2_vs_annotation_3,annotation_2.nii.gz,annotation_3.nii.gz,3,liver,0.9949267882019263,nan,0.9948850693696938,2233638,272994783,12142,10637
UKCHLL108,annotation_2_vs_weighted,annotation_2.nii.gz,weighted,0,background,0.9994895382555116,nan,0.9492484143268681,272343619,2629397,141473,136711
UKCHLL108,annotation_2_vs_weighted,annotation_2.nii.gz,weighted,1,pancreas,0.6374327904922757,nan,0.6373493068684528,41138,275163264,32100,14698
UKCHLL108,annotation_2_vs_weighted,annotation_2.nii.gz,weighted,2,kidney,0.9071708903978686,nan,0.9070083278193992,439063,274722280,8027,81830
UKCHLL108,annotation_2_vs_weighted,annotation_2.nii.gz,weighted,3,liver,0.9681221805523116,nan,0.9678630239462556,2149193,272960472,96587,44948
UKCHLL108,annotation_3_vs_weighted,annotation_3.nii.gz,weighted,0,background,0.9994918562235514,nan,0.9494570939029825,272345443,2628835,142035,134887
UKCHLL108,annotation_3_vs_weighted,annotation_3.nii.gz,weighted,1,pancreas,0.6591055031143646,nan,0.6590291669908307,41057,275167673,27691,14779
UKCHLL108,annotation_3_vs_weighted,annotation_3.nii.gz,weighted,2,kidney,0.90870447677626,nan,0.9085439067028406,441445,274721053,9254,79448
UKCHLL108,annotation_3_vs_weighted,annotation_3.nii.gz,weighted,3,liver,0.9671603563072952,nan,0.9668934695385879,2146330,272959114,97945,47811
UKCHLL109,annotation_1_vs_annotation_2,annotation_1.nii.gz,annotation_2.nii.gz,0,background,0.9996387279861602,nan,0.9730866108922093,278180085,3685789,129617,71453
UKCHLL109,annotation_1_vs_annotation_2,annotation_1.nii.gz,annotation_2.nii.gz,1,pancreas,0.9257291119036903,nan,0.9256942876589537,122380,281924927,9046,10591
UKCHLL109,annotation_1_vs_annotation_2,annotation_1.nii.gz,annotation_2.nii.gz,2,kidney,0.9573825309887576,nan,0.9572906305067238,581203,281433997,16869,34875
UKCHLL109,annotation_1_vs_annotation_2,annotation_1.nii.gz,annotation_2.nii.gz,3,liver,0.9786299898869415,nan,0.978396627109557,2981935,278954778,45809,84422
UKCHLL109,annotation_1_vs_annotation_3,annotation_1.nii.gz,annotation_3.nii.gz,0,background,0.9995861541238545,nan,0.9693128054962502,278147854,3688774,161848,68468
UKCHLL109,annotation_1_vs_annotation_3,annotation_1.nii.gz,annotation_3.nii.gz,1,pancreas,0.9249454190140307,nan,0.9249105462171462,121166,281926114,10260,9404
UKCHLL109,annotation_1_vs_annotation_3,annotation_1.nii.gz,annotation_3.nii.gz,2,kidney,0.9513372412827882,nan,0.9512310754059736,584572,281422568,13500,46304
UKCHLL109,annotation_1_vs_annotation_3,annotation_1.nii.gz,annotation_3.nii.gz,3,liver,0.9752094191194262,nan,0.9749376952359727,2982639,278932663,45105,106537
UKCHLL109,annotation_1_vs_weighted,annotation_1.nii.gz,weighted,0,background,0.9994147858098096,nan,0.9565756413156096,278102793,3638461,206909,118781
UKCHLL109,annotation_1_vs_weighted,annotation_1.nii.gz,weighted,1,pancreas,0.8174037926082242,nan,0.8173155231034881,111556,281905548,19870,29970
UKCHLL109,annotation_1_vs_weighted,annotation_1.nii.gz,weighted,2,kidney,0.917982839942057,nan,0.9177967015365232,589037,281372652,9035,96220
UKCHLL109,annotation_1_vs_weighted,annotation_1.nii.gz,weighted,3,liver,0.9717661834921045,nan,0.971460298506728,2937810,278958423,89934,80777
UKCHLL109,annotation_2_vs_annotation_3,annotation_2.nii.gz,annotation_3.nii.gz,0,background,0.9998398901241125,nan,0.9882177079795244,278189382,3788466,62156,26940
UKCHLL109,annotation_2_vs_annotation_3,annotation_2.nii.gz,annotation_3.nii.gz,1,pancreas,0.9690939929650415,nan,0.9690795493546189,127698,281931101,5273,2872
UKCHLL109,annotation_2_vs_annotation_3,annotation_2.nii.gz,annotation_3.nii.gz,2,kidney,0.977389703228828,nan,0.9773396220866887,609380,281429370,6698,21496
UKCHLL109,annotation_2_vs_annotation_3,annotation_2.nii.gz,annotation_3.nii.gz,3,liver,0.9913770261649154,nan,0.9912819001406786,3051227,278962638,15130,37949
UKCHLL109,annotation_2_vs_weighted,annotation_2.nii.gz,weighted,0,background,0.9993773499697861,nan,0.9541485211904346,278063312,3657144,188226,158262
UKCHLL109,annotation_2_vs_weighted,annotation_2.nii.gz,weighted,1,pancreas,0.8229088113895598,nan,0.8228226839600743,112943,281905390,20028,28583
UKCHLL109,annotation_2_vs_weighted,annotation_2.nii.gz,weighted,2,kidney,0.9160024129067458,nan,0.9158087507220106,596013,281361622,20065,89244
UKCHLL109,annotation_2_vs_weighted,annotation_2.nii.gz,weighted,3,liver,0.9688516443208023,nan,0.9685120250213983,2947704,278929704,118653,70883
UKCHLL109,annotation_3_vs_weighted,annotation_3.nii.gz,weighted,0,background,0.999357976869354,nan,0.9529382303744149,278040325,3669373,175997,181249
UKCHLL109,annotation_3_vs_weighted,annotation_3.nii.gz,weighted,1,pancreas,0.8173806303657533,nan,0.817292648877734,111203,281906051,19367,30323
UKCHLL109,annotation_3_vs_weighted,annotation_3.nii.gz,weighted,2,kidney,0.9209084492220772,nan,0.9207238124209869,606019,281356830,24857,79238
UKCHLL109,annotation_3_vs_weighted,annotation_3.nii.gz,weighted,3,liver,0.9664667735142964,nan,0.9660997918721946,2951475,278910656,137701,67112
UKCHLL110,annotation_1_vs_annotation_2,annotation_1.nii.gz,annotation_2.nii.gz,0,background,0.9997137364625996,nan,0.9714666697752011,281492106,2772926,118794,42414
UKCHLL110,annotation_1_vs_annotation_2,annotation_1.nii.gz,annotation_2.nii.gz,1,pancreas,0.864934376503156,nan,0.8648862586649205,88110,284310612,6094,21424
UKCHLL110,annotation_1_vs_annotation_2,annotation_1.nii.gz,annotation_2.nii.gz,2,kidney,0.9611842249501225,nan,0.9611156376860576,482254,283905036,15233,23717
UKCHLL110,annotation_1_vs_annotation_2,annotation_1.nii.gz,annotation_2.nii.gz,3,liver,0.9789406968743944,nan,0.9787728036768607,2202550,282128926,21099,73665
UKCHLL110,annotation_1_vs_annotation_3,annotation_1.nii.gz,annotation_3.nii.gz,0,background,0.9996618249546858,nan,0.9664787782466187,281461633,2774176,149267,41164
UKCHLL110,annotation_1_vs_annotation_3,annotation_1.nii.gz,annotation_3.nii.gz,1,pancreas,0.87942861837376,nan,0.879387368527003,85637,284317121,8567,14915
UKCHLL110,annotation_1_vs_annotation_3,annotation_1.nii.gz,annotation_3.nii.gz,2,kidney,0.9548168666677795,nan,0.9547358736652037,486198,283894027,11289,34726
UKCHLL110,annotation_1_vs_annotation_3,annotation_1.nii.gz,annotation_3.nii.gz,3,liver,0.9732655178875097,nan,0.9730511855862456,2202313,282102937,21336,99654
UKCHLL110,annotation_1_vs_weighted,annotation_1.nii.gz,weighted,0,background,0.9992809442664269,nan,0.9298660130465057,281307746,2713651,303154,101689
UKCHLL110,annotation_1_vs_weighted,annotation_1.nii.gz,weighted,1,pancreas,0.6954291195585398,nan,0.6953297560514576,64524,284305198,29680,26838
UKCHLL110,annotation_1_vs_weighted,annotation_1.nii.gz,weighted,2,kidney,0.8501438210938765,nan,0.8498461893745587,487963,283766249,9524,162504
UKCHLL110,annotation_1_vs_weighted,annotation_1.nii.gz,weighted,3,liver,0.9608078023840618,nan,0.9604954312290078,2161157,282088772,62492,113819
UKCHLL110,annotation_2_vs_annotation_3,annotation_2.nii.gz,annotation_3.nii.gz,0,background,0.9998378739787864,nan,0.9841404684798599,281473017,2861940,61503,29780
UKCHLL110,annotation_2_vs_annotation_3,annotation_2.nii.gz,annotation_3.nii.gz,1,pancreas,0.9366069133592909,nan,0.9365835354907779,98384,284314538,11150,2168
UKCHLL110,annotation_2_vs_annotation_3,annotation_2.nii.gz,annotation_3.nii.gz,2,kidney,0.9737237010599915,nan,0.9736761912804516,499956,283899301,6015,20968
UKCHLL110,annotation_2_vs_annotation_3,annotation_2.nii.gz,annotation_3.nii.gz,3,liver,0.9888606438101413,nan,0.988770268661892,2263592,282111650,12623,38375
UKCHLL110,annotation_2_vs_weighted,annotation_2.nii.gz,weighted,0,background,0.9992461043479897,nan,0.9274178591127309,281259777,2742062,274743,149658
UKCHLL110,annotation_2_vs_weighted,annotation_2.nii.gz,weighted,1,pancreas,0.726853695444409,nan,0.7267579868212819,73011,284298355,36523,18351
UKCHLL110,annotation_2_vs_weighted,annotation_2.nii.gz,weighted,2,kidney,0.849524142236765,nan,0.8492224072425603,491211,283761013,14760,159256
UKCHLL110,annotation_2_vs_weighted,annotation_2.nii.gz,weighted,3,liver,0.9570312474251246,nan,0.9566846967629133,2177816,282052865,98399,97160
UKCHLL110,annotation_3_vs_weighted,annotation_3.nii.gz,weighted,0,background,0.9992286612808939,nan,0.9261349358623547,281239018,2753026,263779,170417
UKCHLL110,annotation_3_vs_weighted,annotation_3.nii.gz,weighted,1,pancreas,0.7356315849807726,nan,0.7355425694545472,70589,284304915,29963,20773
UKCHLL110,annotation_3_vs_weighted,annotation_3.nii.gz,weighted,2,kidney,0.8583931411458685,nan,0.8581045209971259,502757,283757606,18167,147710
UKCHLL110,annotation_3_vs_weighted,annotation_3.nii.gz,weighted,3,liver,0.9524440221344247,nan,0.9520583003463513,2179641,282028938,122326,95335
UKCHLL111,annotation_1_vs_annotation_2,annotation_1.nii.gz,annotation_2.nii.gz,0,background,0.999635552003705,nan,0.9680832335144955,317343861,3551144,154213,77182
UKCHLL111,annotation_1_vs_annotation_2,annotation_1.nii.gz,annotation_2.nii.gz,1,pancreas,0.8455850736898195,nan,0.8454950078810995,160276,320907587,8164,50373
UKCHLL111,annotation_1_vs_annotation_2,annotation_1.nii.gz,annotation_2.nii.gz,2,kidney,0.9648219999652465,nan,0.9647557139517337,582999,320500888,7926,34587
UKCHLL111,annotation_1_vs_annotation_2,annotation_1.nii.gz,annotation_2.nii.gz,3,liver,0.9770739475917769,nan,0.9768669824045264,2807174,318187491,61787,69948
UKCHLL111,annotation_1_vs_annotation_3,annotation_1.nii.gz,annotation_3.nii.gz,0,background,0.99967744182682,nan,0.9714420724966502,317396906,3524670,101168,103656
UKCHLL111,annotation_1_vs_annotation_3,annotation_1.nii.gz,annotation_3.nii.gz,1,pancreas,0.9176788124156545,nan,0.9176361518203984,152660,320946351,15780,11609
UKCHLL111,annotation_1_vs_annotation_3,annotation_1.nii.gz,annotation_3.nii.gz,2,kidney,0.9607243475682088,nan,0.9606516293921682,570163,320509619,20762,25856
UKCHLL111,annotation_1_vs_annotation_3,annotation_1.nii.gz,annotation_3.nii.gz,3,liver,0.9769324707895756,nan,0.976724651226394,2801115,318193004,67846,64435
UKCHLL111,annotation_1_vs_weighted,annotation_1.nii.gz,weighted,0,background,0.99909723709154,nan,0.9176756956615859,317318263,3234693,179811,393633
UKCHLL111,annotation_1_vs_weighted,annotation_1.nii.gz,weighted,1,pancreas,0.7204102066203465,nan,0.7202530822724069,130592,320894443,37848,63517
UKCHLL111,annotation_1_vs_weighted,annotation_1.nii.gz,weighted,2,kidney,0.9283298179450045,nan,0.928192036642962,573045,320464873,17880,70602
UKCHLL111,annotation_1_vs_weighted,annotation_1.nii.gz,weighted,3,liver,0.9285589810252439,nan,0.9279498212618196,2528331,318209022,340630,48417
UKCHLL111,annotation_2_vs_annotation_3,annotation_2.nii.gz,annotation_3.nii.gz,0,background,0.9996391349763567,nan,0.9683862921376708,317346242,3551037,74801,154320
UKCHLL111,annotation_2_vs_annotation_3,annotation_2.nii.gz,annotation_3.nii.gz,1,pancreas,0.8603214569585883,nan,0.8602411206045233,161275,320912757,49374,2994
UKCHLL111,annotation_2_vs_annotation_3,annotation_2.nii.gz,annotation_3.nii.gz,2,kidney,0.9663127623897396,nan,0.9662490064374336,586361,320499156,31225,9658
UKCHLL111,annotation_2_vs_annotation_3,annotation_2.nii.gz,annotation_3.nii.gz,3,liver,0.975977384743548,nan,0.9757606506670532,2802359,318186087,74763,63191
UKCHLL111,annotation_2_vs_weighted,annotation_2.nii.gz,weighted,0,background,0.9991561121033277,nan,0.9238778361600268,317298479,3291940,122564,413417
UKCHLL111,annotation_2_vs_weighted,annotation_2.nii.gz,weighted,1,pancreas,0.807618379377307,nan,0.8074972636546351,163445,320885087,47204,30664
UKCHLL111,annotation_2_vs_weighted,annotation_2.nii.gz,weighted,2,kidney,0.9343507504164575,nan,0.9342216323710331,589217,320454384,28369,54430
UKCHLL111,annotation_2_vs_weighted,annotation_2.nii.gz,weighted,3,liver,0.9296264854131103,nan,0.9290256146554617,2535031,318207561,342091,41717
UKCHLL111,annotation_3_vs_weighted,annotation_3.nii.gz,weighted,0,background,0.999140832341799,nan,0.9216235058660153,317333352,3247294,167210,378544
UKCHLL111,annotation_3_vs_weighted,annotation_3.nii.gz,weighted,1,pancreas,0.7393757429306487,nan,0.7392312423850708,132488,320900510,31781,61621
UKCHLL111,annotation_3_vs_weighted,annotation_3.nii.gz,weighted,2,kidney,0.9391707121111654,nan,0.9390532473176492,582129,320468863,13890,61518
UKCHLL111,annotation_3_vs_weighted,annotation_3.nii.gz,weighted,3,liver,0.9291993933445026,nan,0.9285960369476851,2528490,318212592,337060,48258
UKCHLL112,annotation_1_vs_annotation_2,annotation_1.nii.gz,annotation_2.nii.gz,0,background,0.9997417064175972,nan,0.988147419832378,278156109,6126402,49208,94521
UKCHLL112,annotation_1_vs_annotation_2,annotation_1.nii.gz,annotation_2.nii.gz,1,pancreas,0.9447370335893454,nan,0.9446983014794517,188262,284215953,7317,14708
UKCHLL112,annotation_1_vs_annotation_2,annotation_1.nii.gz,annotation_2.nii.gz,2,kidney,0.9866362618763609,nan,0.9865977870463902,805626,283598790,14082,7742
UKCHLL112,annotation_1_vs_annotation_2,annotation_1.nii.gz,annotation_2.nii.gz,3,liver,0.990363638538808,nan,0.9901848020357346,5132514,279193846,73122,26758
UKCHLL112,annotation_1_vs_annotation_3,annotation_1.nii.gz,annotation_3.nii.gz,0,background,0.9998800314325124,nan,0.9945141443675193,278172830,6186658,32487,34265
UKCHLL112,annotation_1_vs_annotation_3,annotation_1.nii.gz,annotation_3.nii.gz,1,pancreas,0.9900824975530387,nan,0.9900756353546893,194722,284227617,857,3044
UKCHLL112,annotation_1_vs_annotation_3,annotation_1.nii.gz,annotation_3.nii.gz,2,kidney,0.9896684577924948,nan,0.9896385836252001,811589,283597706,8119,8826
UKCHLL112,annotation_1_vs_annotation_3,annotation_1.nii.gz,annotation_3.nii.gz,3,liver,0.9955887609786097,nan,0.9955065578641809,5180347,279199987,25289,20617
UKCHLL112,annotation_1_vs_weighted,annotation_1.nii.gz,weighted,0,background,0.9936568868577792,nan,0.6411880140791214,277630975,3250692,574342,2970231
UKCHLL112,annotation_1_vs_weighted,annotation_1.nii.gz,weighted,1,pancreas,0.6295104965178616,nan,0.6293337470870668,94233,284221088,101346,9573
UKCHLL112,annotation_1_vs_weighted,annotation_1.nii.gz,weighted,2,kidney,0.644816687153799,nan,0.6436256810221163,628960,283104382,190748,502150
UKCHLL112,annotation_1_vs_weighted,annotation_1.nii.gz,weighted,3,liver,0.6463323496354554,nan,0.6419781829678877,2519324,279149810,2686312,70794
UKCHLL112,annotation_2_vs_annotation_3,annotation_2.nii.gz,annotation_3.nii.gz,0,background,0.9997683507763325,nan,0.9893685515234003,278164411,6132926,86219,42684
UKCHLL112,annotation_2_vs_annotation_3,annotation_2.nii.gz,annotation_3.nii.gz,1,pancreas,0.9474666613431286,nan,0.9474296336665817,189842,284215346,13128,7924
UKCHLL112,annotation_2_vs_annotation_3,annotation_2.nii.gz,annotation_3.nii.gz,2,kidney,0.9869854197283238,nan,0.9869479340047661,806260,283598717,7108,14155
UKCHLL112,annotation_2_vs_annotation_3,annotation_2.nii.gz,annotation_3.nii.gz,3,liver,0.9916422753304075,nan,0.9914872390292335,5136824,279202828,22448,64140
UKCHLL112,annotation_2_vs_weighted,annotation_2.nii.gz,weighted,0,background,0.9936581652386305,nan,0.6396226598469341,277653845,3228249,596785,2947361
UKCHLL112,annotation_2_vs_weighted,annotation_2.nii.gz,weighted,1,pancreas,0.6017680652984588,nan,0.6015756502050107,92304,284211768,110666,11502
UKCHLL112,annotation_2_vs_weighted,annotation_2.nii.gz,weighted,2,kidney,0.6425673111241166,nan,0.6413741728190742,624729,283106491,188639,506381
UKCHLL112,annotation_2_vs_weighted,annotation_2.nii.gz,weighted,3,liver,0.6459971688094159,nan,0.6416520088736408,2503042,279179892,2656230,87076
UKCHLL112,annotation_3_vs_weighted,annotation_3.nii.gz,weighted,0,background,0.9936508584542304,nan,0.6407829470782432,277630174,3248113,576921,2971032
UKCHLL112,annotation_3_vs_weighted,annotation_3.nii.gz,weighted,1,pancreas,0.6272996166752881,nan,0.6271211277880899,94588,284219256,103178,9218
UKCHLL112,annotation_3_vs_weighted,annotation_3.nii.gz,weighted,2,kidney,0.6429781837281101,nan,0.6417804122141502,627394,283102109,193021,503716
UKCHLL112,annotation_3_vs_weighted,annotation_3.nii.gz,weighted,3,liver,0.6463687585370043,nan,0.6420163551101415,2517956,279153114,2683008,72162
UKCHLL113,annotation_1_vs_annotation_2,annotation_1.nii.gz,annotation_2.nii.gz,0,background,0.9995601738662073,nan,0.9687206468539246,248010506,3429475,178744,39515
UKCHLL113,annotation_1_vs_annotation_2,annotation_1.nii.gz,annotation_2.nii.gz,1,pancreas,0.9152535875734833,nan,0.9151921433122111,167134,251460155,8322,22629
UKCHLL113,annotation_1_vs_annotation_2,annotation_1.nii.gz,annotation_2.nii.gz,2,kidney,0.9538507306622916,nan,0.9537464404151061,541864,251063943,6943,45490
UKCHLL113,annotation_1_vs_annotation_2,annotation_1.nii.gz,annotation_2.nii.gz,3,liver,0.9758107718152763,nan,0.9755398631176058,2720477,248802888,24250,110625
UKCHLL113,annotation_1_vs_annotation_3,annotation_1.nii.gz,annotation_3.nii.gz,0,background,0.9995181250502182,nan,0.9658132278624781,247991492,3427631,197758,41359
UKCHLL113,annotation_1_vs_annotation_3,annotation_1.nii.gz,annotation_3.nii.gz,1,pancreas,0.9208863237251547,nan,0.9208300923634671,164660,251465288,10796,17496
UKCHLL113,annotation_1_vs_annotation_3,annotation_1.nii.gz,annotation_3.nii.gz,2,kidney,0.9458028349930714,nan,0.9456793765540733,541928,251054204,6879,55229
UKCHLL113,annotation_1_vs_annotation_3,annotation_1.nii.gz,annotation_3.nii.gz,3,liver,0.9733997066253274,nan,0.9731010128124394,2721043,248788480,23684,125033
UKCHLL113,annotation_1_vs_weighted,annotation_1.nii.gz,weighted,0,background,0.9992467448508819,nan,0.9462870567339502,247942166,3342265,247084,126725
UKCHLL113,annotation_1_vs_weighted,annotation_1.nii.gz,weighted,1,pancreas,0.6826610285294727,nan,0.6824823404431296,100415,251464468,75041,18316
UKCHLL113,annotation_1_vs_weighted,annotation_1.nii.gz,weighted,2,kidney,0.8872561261248028,nan,0.8869839770560696,543589,250976503,5218,132930
UKCHLL113,annotation_1_vs_weighted,annotation_1.nii.gz,weighted,3,liver,0.9743075518169374,nan,0.9740216921243531,2698260,248817674,46467,95839
UKCHLL113,annotation_2_vs_annotation_3,annotation_2.nii.gz,annotation_3.nii.gz,0,background,0.9998178570454656,nan,0.9873264430141206,247996257,3571625,53764,36594
UKCHLL113,annotation_2_vs_annotation_3,annotation_2.nii.gz,annotation_3.nii.gz,1,pancreas,0.9463404666069762,nan,0.9463008029013645,175981,251462302,13782,6175
UKCHLL113,annotation_2_vs_annotation_3,annotation_2.nii.gz,annotation_3.nii.gz,2,kidney,0.977956304331492,nan,0.9779043076274514,579200,251052929,8154,17957
UKCHLL113,annotation_2_vs_annotation_3,annotation_2.nii.gz,annotation_3.nii.gz,3,liver,0.9921985888059173,nan,0.9921095892269277,2816444,248797506,14658,29632
UKCHLL113,annotation_2_vs_weighted,annotation_2.nii.gz,weighted,0,background,0.9993042756652664,nan,0.9513489155933759,247886875,3426203,163146,182016
UKCHLL113,annotation_2_vs_weighted,annotation_2.nii.gz,weighted,1,pancreas,0.6816469688227323,nan,0.6814620807390748,105142,251454888,84621,13589
UKCHLL113,annotation_2_vs_weighted,annotation_2.nii.gz,weighted,2,kidney,0.9056226377175555,nan,0.9053862365313902,572296,250966663,15058,104223
UKCHLL113,annotation_2_vs_weighted,annotation_2.nii.gz,weighted,3,liver,0.9773030332605004,nan,0.9770465099531602,2748763,248781802,82339,45336
UKCHLL113,annotation_3_vs_weighted,annotation_3.nii.gz,weighted,0,background,0.9993025866053097,nan,0.95134687807957,247877877,3434375,154974,191014
UKCHLL113,annotation_3_vs_weighted,annotation_3.nii.gz,weighted,1,pancreas,0.7002097132810656,nan,0.7000383614536797,105342,251462695,76814,13389
UKCHLL113,annotation_3_vs_weighted,annotation_3.nii.gz,weighted,2,kidney,0.9095044579626216,nan,0.9092757655726534,579207,250963771,17950,97312
UKCHLL113,annotation_3_vs_weighted,annotation_3.nii.gz,weighted,3,liver,0.9750828653366252,nan,0.9748005032306012,2749819,248767884,96257,44280
UKCHLL114,annotation_1_vs_annotation_2,annotation_1.nii.gz,annotation_2.nii.gz,0,background,0.999703311226873,nan,0.98188927003917,239986732,3926887,84194,58251
UKCHLL114,annotation_1_vs_annotation_2,annotation_1.nii.gz,annotation_2.nii.gz,1,pancreas,0.9339782089697141,nan,0.9339475718511154,105823,243935280,4066,10895
UKCHLL114,annotation_1_vs_annotation_2,annotation_1.nii.gz,annotation_2.nii.gz,2,kidney,0.9622350848405931,nan,0.9621733099061209,383519,243642441,15937,14167
UKCHLL114,annotation_1_vs_annotation_2,annotation_1.nii.gz,annotation_2.nii.gz,3,liver,0.986016146358464,nan,0.9858135001808184,3437484,240521078,38309,59193
UKCHLL114,annotation_1_vs_annotation_3,annotation_1.nii.gz,annotation_3.nii.gz,0,background,0.9998270717541252,nan,0.9894179598756745,240026265,3946770,44661,38368
UKCHLL114,annotation_1_vs_annotation_3,annotation_1.nii.gz,annotation_3.nii.gz,1,pancreas,0.9755460739985989,nan,0.9755350551739437,107233,243943455,2656,2720
UKCHLL114,annotation_1_vs_annotation_3,annotation_1.nii.gz,annotation_3.nii.gz,2,kidney,0.979291122057363,nan,0.9792570620010139,392447,243647019,7009,9589
UKCHLL114,annotation_1_vs_annotation_3,annotation_1.nii.gz,annotation_3.nii.gz,3,liver,0.991214243659632,nan,0.991087243540072,3447064,240547893,28729,32378
UKCHLL114,annotation_1_vs_weighted,annotation_1.nii.gz,weighted,0,background,0.997620456848334,nan,0.8372064536534425,239917185,2994369,153741,990769
UKCHLL114,annotation_1_vs_weighted,annotation_1.nii.gz,weighted,1,pancreas,0.48658883611222314,nan,0.48630958280470626,67458,243846253,42431,99922
UKCHLL114,annotation_1_vs_weighted,annotation_1.nii.gz,weighted,2,kidney,0.8455833840300925,nan,0.8452936266286193,394742,243517150,4714,139458
UKCHLL114,annotation_1_vs_weighted,annotation_1.nii.gz,weighted,3,liver,0.7999472504285903,nan,0.7975652722942099,2368773,240502514,1107020,77757
UKCHLL114,annotation_2_vs_annotation_3,annotation_2.nii.gz,annotation_3.nii.gz,0,background,0.9998381994498523,nan,0.9901309985030796,240015967,3962415,29016,48666
UKCHLL114,annotation_2_vs_annotation_3,annotation_2.nii.gz,annotation_3.nii.gz,1,pancreas,0.9536729444878259,nan,0.9536514401736023,108085,243937478,8633,1868
UKCHLL114,annotation_2_vs_annotation_3,annotation_2.nii.gz,annotation_3.nii.gz,2,kidney,0.9812209742885653,nan,0.9811901571889952,392352,243648694,5334,9684
UKCHLL114,annotation_2_vs_annotation_3,annotation_2.nii.gz,annotation_3.nii.gz,3,liver,0.9925189062858589,nan,0.9924104365894358,3461965,240541910,34712,17477
UKCHLL114,annotation_2_vs_weighted,annotation_2.nii.gz,weighted,0,background,0.9976144755302742,nan,0.8373906161906778,239902806,3005933,142177,1005148
UKCHLL114,annotation_2_vs_weighted,annotation_2.nii.gz,weighted,1,pancreas,0.486120986420179,nan,0.4858312391828144,69053,243841019,47665,98327
UKCHLL114,annotation_2_vs_weighted,annotation_2.nii.gz,weighted,2,kidney,0.8403238164324821,nan,0.8400249521326618,391543,243515721,6143,142657
UKCHLL114,annotation_2_vs_weighted,annotation_2.nii.gz,weighted,3,liver,0.8003890828638478,nan,0.7980064168423199,2378439,240491296,1118238,68091
UKCHLL114,annotation_3_vs_weighted,annotation_3.nii.gz,weighted,0,background,0.9976240662547364,nan,0.8375971313393149,239914914,2998391,149719,993040
UKCHLL114,annotation_3_vs_weighted,annotation_3.nii.gz,weighted,1,pancreas,0.4858563531927322,nan,0.4855766031233525,67372,243846103,42581,100008
UKCHLL114,annotation_3_vs_weighted,annotation_3.nii.gz,weighted,2,kidney,0.8470065239960864,nan,0.8467183770817409,396499,243516327,5537,137701
UKCHLL114,annotation_3_vs_weighted,annotation_3.nii.gz,weighted,3,liver,0.8000908542936078,nan,0.7977095420649359,2370658,240500750,1108784,75872
UKCHLL115,annotation_1_vs_annotation_2,annotation_1.nii.gz,annotation_2.nii.gz,0,background,0.9998213330624605,nan,0.987336501501135,205944229,2910935,37853,35751
UKCHLL115,annotation_1_vs_annotation_2,annotation_1.nii.gz,annotation_2.nii.gz,1,pancreas,0.9720345640219953,nan,0.9720158178698485,136114,208784822,741,7091
UKCHLL115,annotation_1_vs_annotation_2,annotation_1.nii.gz,annotation_2.nii.gz,2,kidney,0.9792423270995804,nan,0.9791962855714449,452856,208456713,15163,4036
UKCHLL115,annotation_1_vs_annotation_2,annotation_1.nii.gz,annotation_2.nii.gz,3,liver,0.99006780296271,nan,0.9899550473579787,2321958,206560223,19854,26733
UKCHLL115,annotation_1_vs_annotation_3,annotation_1.nii.gz,annotation_3.nii.gz,0,background,0.9994761862337365,nan,0.9620300771992659,205938583,2774325,43499,172361
UKCHLL115,annotation_1_vs_annotation_3,annotation_1.nii.gz,annotation_3.nii.gz,1,pancreas,0.9886610462761846,nan,0.9886536709811345,134275,208791413,2580,500
UKCHLL115,annotation_1_vs_annotation_3,annotation_1.nii.gz,annotation_3.nii.gz,2,kidney,0.9694183324915963,nan,0.9693508182240956,446279,208454332,21740,6417
UKCHLL115,annotation_1_vs_annotation_3,annotation_1.nii.gz,annotation_3.nii.gz,3,liver,0.9596197862500587,nan,0.9591733294381476,2193770,206550373,148042,36583
UKCHLL115,annotation_1_vs_weighted,annotation_1.nii.gz,weighted,0,background,0.9993920894527294,nan,0.9579237019290284,205785054,2893364,197028,53322
UKCHLL115,annotation_1_vs_weighted,annotation_1.nii.gz,weighted,1,pancreas,0.9038684099536061,nan,0.9038005773540647,133942,208766335,2913,25578
UKCHLL115,annotation_1_vs_weighted,annotation_1.nii.gz,weighted,2,kidney,0.9045937773549372,nan,0.9043607774524601,463996,208366898,4023,93851
UKCHLL115,annotation_1_vs_weighted,annotation_1.nii.gz,weighted,3,liver,0.9736069348738885,nan,0.9733057472108164,2295199,206509130,46613,77826
UKCHLL115,annotation_2_vs_annotation_3,annotation_2.nii.gz,annotation_3.nii.gz,0,background,0.9994148378768953,nan,0.9575985625289671,205924892,2762736,55088,186052
UKCHLL115,annotation_2_vs_annotation_3,annotation_2.nii.gz,annotation_3.nii.gz,1,pancreas,0.9608461040362616,nan,0.9608200635282831,133548,208784336,9657,1227
UKCHLL115,annotation_2_vs_annotation_3,annotation_2.nii.gz,annotation_3.nii.gz,2,kidney,0.9528951569281917,nan,0.9527923980911771,433371,208452551,23521,19325
UKCHLL115,annotation_2_vs_annotation_3,annotation_2.nii.gz,annotation_3.nii.gz,3,liver,0.9590687488480129,nan,0.9586155449203291,2195809,206545533,152882,34544
UKCHLL115,annotation_2_vs_weighted,annotation_2.nii.gz,weighted,0,background,0.9994089675789003,nan,0.9591061435444131,205787479,2897891,192501,50897
UKCHLL115,annotation_2_vs_weighted,annotation_2.nii.gz,weighted,1,pancreas,0.9140771327112065,nan,0.914015020158121,138357,208764400,4848,21163
UKCHLL115,annotation_2_vs_weighted,annotation_2.nii.gz,weighted,2,kidney,0.8943028699990835,nan,0.8940481196872608,453742,208367771,3150,104105
UKCHLL115,annotation_2_vs_weighted,annotation_2.nii.gz,weighted,3,liver,0.9765614873914483,nan,0.9762936165807865,2305523,206512575,43168,67502
UKCHLL115,annotation_3_vs_weighted,annotation_3.nii.gz,weighted,0,background,0.999000605220079,nan,0.9293201376836406,205768810,2748258,342134,69566
UKCHLL115,annotation_3_vs_weighted,annotation_3.nii.gz,weighted,1,pancreas,0.8940892641737033,nan,0.894015147289995,131563,208766036,3212,27957
UKCHLL115,annotation_3_vs_weighted,annotation_3.nii.gz,weighted,2,kidney,0.8835052046276111,nan,0.8832258567327373,446410,208364635,6286,111437
UKCHLL115,annotation_3_vs_weighted,annotation_3.nii.gz,weighted,3,liver,0.9427954862711687,nan,0.9421588847221596,2170022,206495412,60331,203003
