case,label,structure,total_gt_voxels,correct_3_voxels,correct_2_voxels,correct_1_voxels,correct_0_voxels,correct_3_percent,correct_2_percent,correct_1_percent,correct_0_percent
word_0002.nii.gz,1,liver,698527,637550,17050,13700,30227,91.270631,2.440851,1.96127,4.327249
word_0002.nii.gz,2,spleen,119542,51705,58137,3480,6220,43.252581,48.633116,2.911111,5.203192
word_0002.nii.gz,3,left_kidney,68382,0,12552,53502,2328,0.0,18.355708,78.239888,3.404405
word_0002.nii.gz,4,right_kidney,68951,56824,8017,1434,2676,82.412148,11.627098,2.079738,3.881017
word_0002.nii.gz,5,stomach,186397,155541,17557,3806,9493,83.446086,9.419143,2.041878,5.092893
word_0002.nii.gz,6,gallbladder,9918,8689,318,201,710,87.608389,3.206292,2.026618,7.158701
word_0002.nii.gz,7,esophagus,10488,4639,2358,1345,2146,44.231503,22.482838,12.82418,20.46148
word_0002.nii.gz,8,pancreas,34611,3338,25367,2183,3723,9.644333,73.291728,6.307243,10.756696
word_0002.nii.gz,9,duodenum,32238,0,15885,5232,11121,0.0,49.274149,16.229295,34.496557
word_0002.nii.gz,10,colon,338916,0,299315,19587,20014,0.0,88.315394,5.779308,5.905298
word_0002.nii.gz,11,intestine,332169,0,289270,26139,16760,0.0,87.085189,7.869187,5.045624
word_0002.nii.gz,12,adrenal,3040,1196,646,406,792,39.342105,21.25,13.355263,26.052632
word_0002.nii.gz,13,rectum,10599,0,9766,557,276,0.0,92.140768,5.255213,2.604019
word_0002.nii.gz,14,bladder,45008,0,40411,2028,2569,0.0,89.78626,4.505866,5.707874
word_0002.nii.gz,15,head_of_femur_left,54767,0,22943,26982,4842,0.0,41.892015,49.266894,8.84109
word_0002.nii.gz,16,head_of_femur_right,54916,0,51292,1997,1627,0.0,93.40083,3.636463,2.962707
word_0003.nii.gz,1,liver,353845,332157,6816,4634,10238,93.870763,1.926267,1.309613,2.893357
word_0003.nii.gz,2,spleen,39644,35507,1025,885,2227,89.564625,2.585511,2.232368,5.617496
word_0003.nii.gz,3,left_kidney,40539,27093,10927,1053,1466,66.83194,26.954291,2.597499,3.616271
word_0003.nii.gz,4,right_kidney,35250,30545,3004,904,797,86.652482,8.521986,2.564539,2.260993
word_0003.nii.gz,5,stomach,73945,19350,45113,4151,5331,26.168098,61.008858,5.613632,7.209412
word_0003.nii.gz,6,gallbladder,3821,2812,473,256,280,73.5933,12.378958,6.699817,7.327925
word_0003.nii.gz,7,esophagus,3035,1156,1142,398,339,38.088962,37.627677,13.113674,11.169687
word_0003.nii.gz,8,pancreas,18055,13011,1627,1607,1810,72.06314,9.011354,8.900582,10.024924
word_0003.nii.gz,9,duodenum,36151,0,8639,8473,19039,0.0,23.896988,23.437803,52.66521
word_0003.nii.gz,10,colon,215834,0,156848,29289,29697,0.0,72.670664,13.570151,13.759185
word_0003.nii.gz,11,intestine,252237,0,205297,30014,16926,0.0,81.390518,11.899127,6.710356
word_0003.nii.gz,12,adrenal,1390,213,671,139,367,15.323741,48.273381,10.0,26.402878
word_0003.nii.gz,13,rectum,23644,0,6424,8599,8621,0.0,27.169684,36.368635,36.461682
word_0003.nii.gz,14,bladder,81219,0,75042,2923,3254,0.0,92.394637,3.598912,4.006452
word_0003.nii.gz,15,head_of_femur_left,33885,0,12587,20213,1085,0.0,37.14623,59.651763,3.202007
word_0003.nii.gz,16,head_of_femur_right,36665,0,35227,631,807,0.0,96.078004,1.720987,2.201009
word_0004.nii.gz,1,liver,314273,293644,8787,4985,6857,93.435962,2.795977,1.586201,2.181861
word_0004.nii.gz,2,spleen,41966,36875,1625,1222,2244,87.868751,3.872182,2.911881,5.347186
word_0004.nii.gz,3,left_kidney,43045,35887,3738,1051,2369,83.370891,8.683935,2.441631,5.503543
word_0004.nii.gz,4,right_kidney,39557,35387,1942,910,1318,89.45825,4.909371,2.300478,3.331901
word_0004.nii.gz,5,stomach,173806,17347,101129,21461,33869,9.980668,58.184988,12.347675,19.486669
word_0004.nii.gz,6,gallbladder,1697,487,644,184,382,28.697702,37.949322,10.842664,22.510312
word_0004.nii.gz,7,esophagus,8040,4867,1454,768,951,60.534826,18.084577,9.552239,11.828358
word_0004.nii.gz,8,pancreas,19206,7012,8467,1767,1960,36.509424,44.085182,9.20025,10.205144
word_0004.nii.gz,9,duodenum,24327,0,8891,7897,7539,0.0,36.547869,32.461874,30.990258
word_0004.nii.gz,10,colon,430930,0,215759,135080,80091,0.0,50.068225,31.346158,18.585617
word_0004.nii.gz,11,intestine,387849,0,251071,70300,66478,0.0,64.734214,18.125611,17.140176
word_0004.nii.gz,12,adrenal,2149,1011,521,167,450,47.045137,24.243834,7.771056,20.939972
word_0004.nii.gz,13,rectum,16305,0,9712,3670,2923,0.0,59.564551,22.508433,17.927016
word_0004.nii.gz,14,bladder,32756,0,30683,1063,1010,0.0,93.671388,3.245207,3.083405
word_0004.nii.gz,15,head_of_femur_left,48087,0,25749,20153,2185,0.0,53.546697,41.909456,4.543848
word_0004.nii.gz,16,head_of_femur_right,48794,0,44924,2030,1840,0.0,92.068697,4.160348,3.770955
word_0005.nii.gz,1,liver,513648,454400,16434,10217,32597,88.465252,3.199467,1.989105,6.346175
word_0005.nii.gz,2,spleen,66436,53910,3900,2488,6138,81.145764,5.870311,3.744958,9.238967
word_0005.nii.gz,3,left_kidney,64251,44103,14257,2409,3482,68.641733,22.189538,3.749358,5.419371
word_0005.nii.gz,4,right_kidney,50706,45832,1778,1134,1962,90.387725,3.506488,2.236422,3.869365
word_0005.nii.gz,5,stomach,247998,108747,116429,8945,13877,43.84995,46.947556,3.606884,5.59561
word_0005.nii.gz,6,gallbladder,1276,529,576,87,84,41.45768,45.141066,6.818182,6.583072
word_0005.nii.gz,7,esophagus,3262,1544,712,376,630,47.332925,21.8271,11.526671,19.313305
word_0005.nii.gz,8,pancreas,34886,16646,9756,2203,6281,47.715416,27.965373,6.314854,18.004357
word_0005.nii.gz,9,duodenum,21333,0,13891,3085,4357,0.0,65.11508,14.461163,20.423757
word_0005.nii.gz,10,colon,191553,0,126030,22432,43091,0.0,65.793801,11.710597,22.495602
word_0005.nii.gz,11,intestine,325956,0,214487,44358,67111,0.0,65.80244,13.608585,20.588975
word_0005.nii.gz,12,adrenal,1561,83,865,257,356,5.317104,55.413197,16.463805,22.805894
word_0005.nii.gz,13,rectum,12304,0,6172,2766,3366,0.0,50.162549,22.480494,27.356957
word_0005.nii.gz,14,bladder,171000,0,158913,4788,7299,0.0,92.931579,2.8,4.268421
word_0005.nii.gz,15,head_of_femur_left,45330,0,13494,27607,4229,0.0,29.768365,60.902272,9.329362
word_0005.nii.gz,16,head_of_femur_right,45493,0,38380,2855,4258,0.0,84.364628,6.275691,9.359682
word_0006.nii.gz,1,liver,549797,501288,13251,8541,26717,91.176925,2.410162,1.553482,4.85943
word_0006.nii.gz,2,spleen,67232,57149,2437,1584,6062,85.002677,3.624762,2.356021,9.01654
word_0006.nii.gz,3,left_kidney,75376,65534,5042,1751,3049,86.942793,6.689132,2.323021,4.045054
word_0006.nii.gz,4,right_kidney,69846,62784,2993,1614,2455,89.889185,4.285142,2.310798,3.514876
word_0006.nii.gz,5,stomach,135647,106773,18571,3129,7174,78.713868,13.690682,2.306723,5.288727
word_0006.nii.gz,6,gallbladder,2141,1522,258,79,282,71.088277,12.050444,3.689865,13.171415
word_0006.nii.gz,7,esophagus,4752,3157,671,340,584,66.435185,14.12037,7.154882,12.289562
word_0006.nii.gz,8,pancreas,33845,21910,8015,1558,2362,64.736298,23.681489,4.603339,6.978874
word_0006.nii.gz,9,duodenum,33760,0,19647,2679,11434,0.0,58.19609,7.935427,33.868483
word_0006.nii.gz,10,colon,155868,0,139307,7769,8792,0.0,89.374984,4.984346,5.64067
word_0006.nii.gz,11,intestine,412397,0,325615,30692,56090,0.0,78.956685,7.442343,13.600972
word_0006.nii.gz,12,adrenal,2690,905,862,190,733,33.643123,32.04461,7.063197,27.249071
word_0006.nii.gz,13,rectum,6434,0,5693,660,81,0.0,88.483059,10.258004,1.258937
word_0006.nii.gz,14,bladder,20005,0,17929,590,1486,0.0,89.622594,2.949263,7.428143
word_0006.nii.gz,15,head_of_femur_left,67385,0,23220,34284,9881,0.0,34.458707,50.877792,14.663501
word_0006.nii.gz,16,head_of_femur_right,64828,0,54176,4407,6245,0.0,83.568828,6.797989,9.633183
word_0008.nii.gz,1,liver,273427,249766,9304,4520,9837,91.346502,3.402736,1.653092,3.59767
word_0008.nii.gz,2,spleen,70549,62570,3717,1197,3065,88.69013,5.268679,1.696693,4.344498
word_0008.nii.gz,3,left_kidney,37612,27493,6493,1294,2332,73.096352,17.263108,3.440391,6.200149
word_0008.nii.gz,4,right_kidney,31609,27841,1692,734,1342,88.079344,5.352906,2.322123,4.245626
word_0008.nii.gz,5,stomach,46440,25504,11350,2773,6813,54.918174,24.440138,5.971146,14.670543
word_0008.nii.gz,6,gallbladder,846,338,303,105,100,39.952719,35.815603,12.411348,11.820331
word_0008.nii.gz,7,esophagus,5240,3061,831,436,912,58.416031,15.858779,8.320611,17.40458
word_0008.nii.gz,8,pancreas,20962,8877,7475,1947,2663,42.348058,35.659765,9.288236,12.70394
word_0008.nii.gz,9,duodenum,11674,0,8310,2221,1143,0.0,71.183827,19.025184,9.790989
word_0008.nii.gz,10,colon,193757,0,141268,21194,31295,0.0,72.909882,10.938444,16.151675
word_0008.nii.gz,11,intestine,327075,0,233192,50147,43736,0.0,71.296186,15.331958,13.371857
word_0008.nii.gz,12,adrenal,2753,765,832,324,832,27.787868,30.221576,11.768979,30.221576
word_0008.nii.gz,13,rectum,17026,0,7277,7544,2205,0.0,42.740515,44.308704,12.950781
word_0008.nii.gz,14,bladder,136764,0,124192,6141,6431,0.0,90.807522,4.490217,4.702261
word_0008.nii.gz,15,head_of_femur_left,39970,0,13649,23259,3062,0.0,34.148111,58.191143,7.660746
word_0008.nii.gz,16,head_of_femur_right,37499,0,34319,2163,1017,0.0,91.519774,5.768154,2.712072
word_0009.nii.gz,1,liver,663283,626675,12656,7529,16423,94.480787,1.908084,1.135111,2.476017
word_0009.nii.gz,2,spleen,105677,96438,2933,2102,4204,91.257322,2.775438,1.98908,3.97816
word_0009.nii.gz,3,left_kidney,36557,33362,1693,584,918,91.260224,4.631124,1.597505,2.511147
word_0009.nii.gz,4,right_kidney,89900,84594,2763,1201,1342,94.097887,3.073415,1.335929,1.49277
word_0009.nii.gz,5,stomach,150417,77797,61281,5234,6105,51.720883,40.740741,3.47966,4.058717
word_0009.nii.gz,6,gallbladder,2094,1030,533,343,188,49.188157,25.453677,16.380134,8.978032
word_0009.nii.gz,7,esophagus,4519,2553,1110,469,387,56.4948,24.562956,10.378402,8.563842
word_0009.nii.gz,8,pancreas,27640,20744,3173,1244,2479,75.050651,11.47974,4.500724,8.968886
word_0009.nii.gz,9,duodenum,23523,0,18054,3879,1590,0.0,76.750414,16.490244,6.759342
word_0009.nii.gz,10,colon,332420,0,268833,33072,30515,0.0,80.871488,9.94886,9.179652
word_0009.nii.gz,11,intestine,353719,0,269606,36387,47726,0.0,76.22039,10.286979,13.492631
word_0009.nii.gz,12,adrenal,4954,2541,1097,410,906,51.291885,22.143722,8.27614,18.288252
word_0009.nii.gz,13,rectum,40250,0,24795,6976,8479,0.0,61.602484,17.331677,21.065839
word_0009.nii.gz,14,bladder,8722,0,7203,988,531,0.0,82.58427,11.327677,6.088053
word_0009.nii.gz,15,head_of_femur_left,53629,0,23850,26773,3006,0.0,44.472207,49.922616,5.605176
word_0009.nii.gz,16,head_of_femur_right,51946,0,46808,3295,1843,0.0,90.108959,6.343126,3.547915
word_0010.nii.gz,1,liver,421689,378218,11653,10144,21674,89.691218,2.763411,2.405564,5.139807
word_0010.nii.gz,2,spleen,82050,47060,28427,1960,4603,57.355271,34.645948,2.388787,5.609994
word_0010.nii.gz,3,left_kidney,43237,13454,25371,1512,2900,31.116867,58.678909,3.497005,6.707218
word_0010.nii.gz,4,right_kidney,40097,35361,2230,916,1590,88.188643,5.561513,2.28446,3.965384
word_0010.nii.gz,5,stomach,291415,48555,162579,58234,22047,16.661805,55.78951,19.983185,7.565499
word_0010.nii.gz,6,gallbladder,3596,1470,655,652,819,40.878754,18.214683,18.131257,22.775306
word_0010.nii.gz,7,esophagus,6696,740,2012,1337,2607,11.051374,30.04779,19.967145,38.933692
word_0010.nii.gz,8,pancreas,14694,2935,7441,1840,2478,19.974139,50.639717,12.522118,16.864026
word_0010.nii.gz,9,duodenum,19955,0,7769,5072,7114,0.0,38.932598,25.417189,35.650213
word_0010.nii.gz,10,colon,337267,0,198693,61944,76630,0.0,58.912672,18.366457,22.720871
word_0010.nii.gz,11,intestine,250249,0,176225,39980,34044,0.0,70.419862,15.976088,13.60405
word_0010.nii.gz,12,adrenal,2054,953,461,176,464,46.397274,22.444012,8.568647,22.590068
word_0010.nii.gz,13,rectum,16778,0,13736,1920,1122,0.0,81.869114,11.443557,6.687329
word_0010.nii.gz,14,bladder,29466,0,26812,1304,1350,0.0,90.993009,4.425439,4.581552
word_0010.nii.gz,15,head_of_femur_left,35554,0,12821,20093,2640,0.0,36.06064,56.514035,7.425325
word_0010.nii.gz,16,head_of_femur_right,33850,0,30284,1823,1743,0.0,89.465288,5.385524,5.149188
word_0011.nii.gz,1,liver,551105,520215,11230,6196,13464,94.394898,2.037724,1.124287,2.443092
word_0011.nii.gz,2,spleen,86117,80022,2049,1408,2638,92.922419,2.379321,1.634985,3.063274
word_0011.nii.gz,3,left_kidney,28095,26877,772,215,231,95.664709,2.74782,0.765261,0.82221
word_0011.nii.gz,4,right_kidney,72987,69883,1770,758,576,95.747188,2.425089,1.038541,0.789182
word_0011.nii.gz,5,stomach,132884,66347,51787,5524,9226,49.928509,38.971584,4.157009,6.942898
word_0011.nii.gz,6,gallbladder,1657,802,429,134,292,48.400724,25.890163,8.086904,17.622209
word_0011.nii.gz,7,esophagus,3360,2056,675,351,278,61.190476,20.089286,10.446429,8.27381
word_0011.nii.gz,8,pancreas,22457,16496,2731,1186,2044,73.455938,12.161019,5.281204,9.101839
word_0011.nii.gz,9,duodenum,18556,0,14240,2966,1350,0.0,76.740677,15.984048,7.275275
word_0011.nii.gz,10,colon,277834,0,222610,29107,26117,0.0,80.123383,10.4764,9.400217
word_0011.nii.gz,11,intestine,274032,0,215777,27027,31228,0.0,78.741534,9.862717,11.395749
word_0011.nii.gz,12,adrenal,4269,2096,882,415,876,49.098149,20.660576,9.721246,20.520028
word_0011.nii.gz,13,rectum,32237,0,19612,6289,6336,0.0,60.836927,19.508639,19.654434
word_0011.nii.gz,14,bladder,3849,0,8,230,3611,0.0,0.207846,5.975578,93.816576
word_0011.nii.gz,15,head_of_femur_left,43795,0,18472,23074,2249,0.0,42.178331,52.68638,5.135289
word_0011.nii.gz,16,head_of_femur_right,41521,0,38045,2133,1343,0.0,91.628333,5.13716,3.234508
word_0012.nii.gz,1,liver,498862,433982,24157,12838,27885,86.994399,4.842421,2.573457,5.589722
word_0012.nii.gz,2,spleen,51960,13206,34292,1556,2906,25.415704,65.996921,2.994611,5.592764
word_0012.nii.gz,3,left_kidney,53293,18253,29724,2083,3233,34.250277,55.77468,3.908581,6.066463
word_0012.nii.gz,4,right_kidney,60201,46812,6570,2151,4668,77.759506,10.91344,3.57303,7.754024
word_0012.nii.gz,5,stomach,83795,6370,64428,6395,6602,7.601886,76.887642,7.63172,7.878752
word_0012.nii.gz,6,gallbladder,4262,2719,1110,191,242,63.79634,26.044111,4.481464,5.678085
word_0012.nii.gz,7,esophagus,792,0,343,213,236,0.0,43.308081,26.893939,29.79798
word_0012.nii.gz,8,pancreas,25324,2329,12843,3498,6654,9.196809,50.714737,13.812984,26.27547
word_0012.nii.gz,9,duodenum,20087,0,15171,2137,2779,0.0,75.52646,10.638722,13.834819
word_0012.nii.gz,10,colon,236066,0,173947,35798,26321,0.0,73.685749,15.164403,11.149848
word_0012.nii.gz,11,intestine,403163,0,277893,66777,58493,0.0,68.9282,16.563276,14.508524
word_0012.nii.gz,12,adrenal,4561,696,1760,740,1365,15.259811,38.588029,16.224512,29.927647
word_0012.nii.gz,13,rectum,23377,0,16616,5632,1129,0.0,71.07841,24.092056,4.829533
word_0012.nii.gz,14,bladder,62348,0,59579,998,1771,0.0,95.558799,1.600693,2.840508
word_0012.nii.gz,15,head_of_femur_left,50577,0,19848,27773,2956,0.0,39.243134,54.912312,5.844554
word_0012.nii.gz,16,head_of_femur_right,52370,0,46187,2853,3330,0.0,88.193622,5.447775,6.358602
word_0013.nii.gz,1,liver,483316,456344,11459,7367,8146,94.419386,2.370913,1.524262,1.68544
word_0013.nii.gz,2,spleen,113225,97275,4794,2895,8261,85.913005,4.234047,2.556856,7.296092
word_0013.nii.gz,3,left_kidney,49433,44842,2466,619,1506,90.712682,4.98857,1.2522,3.046548
word_0013.nii.gz,4,right_kidney,47278,44373,1463,612,830,93.855493,3.094463,1.294471,1.755573
word_0013.nii.gz,5,stomach,302074,224010,62138,8549,7377,74.157326,20.570456,2.830101,2.442117
word_0013.nii.gz,6,gallbladder,9307,7976,557,328,446,85.698936,5.984743,3.524229,4.792092
word_0013.nii.gz,7,esophagus,6002,5120,460,271,151,85.304898,7.664112,4.515162,2.515828
word_0013.nii.gz,8,pancreas,26372,16180,5394,1192,3606,61.35295,20.453511,4.519945,13.673593
word_0013.nii.gz,9,duodenum,20451,0,16943,1309,2199,0.0,82.846805,6.400665,10.75253
word_0013.nii.gz,10,colon,265508,0,233330,16584,15594,0.0,87.880591,6.246139,5.873269
word_0013.nii.gz,11,intestine,401568,0,318227,48468,34873,0.0,79.246105,12.069687,8.684208
word_0013.nii.gz,12,adrenal,3612,1336,974,344,958,36.987818,26.96567,9.52381,26.522702
word_0013.nii.gz,13,rectum,26412,0,15074,5387,5951,0.0,57.072543,20.396032,22.531425
word_0013.nii.gz,14,bladder,132051,0,127384,2524,2143,0.0,96.465759,1.911383,1.622858
word_0013.nii.gz,15,head_of_femur_left,55748,0,17718,33238,4792,0.0,31.782306,59.62187,8.595824
word_0013.nii.gz,16,head_of_femur_right,58993,0,51335,3234,4424,0.0,87.018799,5.482006,7.499195
word_0018.nii.gz,1,liver,372692,339097,10112,6683,16800,90.985854,2.713232,1.79317,4.507744
word_0018.nii.gz,2,spleen,58966,51201,1942,1338,4485,86.831394,3.293423,2.269104,7.606078
word_0018.nii.gz,3,left_kidney,50536,40814,4777,1033,3912,80.762229,9.452667,2.044087,7.741016
word_0018.nii.gz,4,right_kidney,45191,38861,2862,1271,2197,85.992786,6.333119,2.812507,4.861587
word_0018.nii.gz,5,stomach,73723,63104,4297,1624,4698,85.596083,5.828575,2.20284,6.372502
word_0018.nii.gz,6,gallbladder,5780,4454,473,268,585,77.058824,8.183391,4.636678,10.121107
word_0018.nii.gz,7,esophagus,4058,2053,906,467,632,50.591424,22.326269,11.508132,15.574174
word_0018.nii.gz,8,pancreas,20618,11605,3825,1526,3662,56.28577,18.551751,7.4013,17.76118
word_0018.nii.gz,9,duodenum,19440,0,13803,1883,3754,0.0,71.003086,9.686214,19.3107
word_0018.nii.gz,10,colon,109437,0,96428,6361,6648,0.0,88.112795,5.812477,6.074728
word_0018.nii.gz,11,intestine,262429,0,226378,17802,18249,0.0,86.26257,6.783549,6.953881
word_0018.nii.gz,12,adrenal,3243,1281,648,346,968,39.500463,19.981499,10.669134,29.848905
word_0018.nii.gz,13,rectum,14790,0,10532,2739,1519,0.0,71.210277,18.51927,10.270453
word_0018.nii.gz,14,bladder,58787,0,54382,2432,1973,0.0,92.506847,4.136969,3.356184
word_0018.nii.gz,15,head_of_femur_left,37281,0,10723,24668,1890,0.0,28.76264,66.167753,5.069607
word_0018.nii.gz,16,head_of_femur_right,40586,0,37159,1964,1463,0.0,91.556202,4.839107,3.604691
word_0020.nii.gz,1,liver,294037,266703,10033,5601,11700,90.703891,3.412156,1.904862,3.979091
word_0020.nii.gz,2,spleen,28320,24058,1277,1234,1751,84.950565,4.509181,4.357345,6.18291
word_0020.nii.gz,3,left_kidney,46569,13935,29150,1574,1910,29.92334,62.595289,3.379931,4.101441
word_0020.nii.gz,4,right_kidney,37240,33657,1933,750,900,90.378625,5.190655,2.013963,2.416756
word_0020.nii.gz,5,stomach,175485,84917,77308,6937,6323,48.389891,44.053908,3.953044,3.603157
word_0020.nii.gz,6,gallbladder,2832,311,1782,370,369,10.981638,62.923729,13.064972,13.029661
word_0020.nii.gz,7,esophagus,3096,2072,370,196,458,66.925065,11.950904,6.330749,14.793282
word_0020.nii.gz,8,pancreas,21353,9538,7149,2044,2622,44.668197,33.480073,9.572425,12.279305
word_0020.nii.gz,9,duodenum,16659,0,10445,2746,3468,0.0,62.698841,16.483582,20.817576
word_0020.nii.gz,10,colon,191003,0,109744,35508,45751,0.0,57.456689,18.590284,23.953027
word_0020.nii.gz,11,intestine,270414,0,227478,26032,16904,0.0,84.122124,9.626721,6.251156
word_0020.nii.gz,12,adrenal,1991,1009,377,175,430,50.678051,18.935208,8.789553,21.597187
word_0020.nii.gz,13,rectum,37584,0,17906,10005,9673,0.0,47.642614,26.62037,25.737016
word_0020.nii.gz,14,bladder,94872,0,91114,2151,1607,0.0,96.038873,2.267265,1.693861
word_0020.nii.gz,15,head_of_femur_left,37614,0,13149,22342,2123,0.0,34.957729,59.398096,5.644175
word_0020.nii.gz,16,head_of_femur_right,38360,0,35341,1761,1258,0.0,92.129823,4.590719,3.279458
word_0022.nii.gz,1,liver,356822,332777,8441,5851,9753,93.261346,2.365605,1.639753,2.733296
word_0022.nii.gz,2,spleen,82540,74519,3023,1536,3462,90.282287,3.662467,1.860916,4.19433
word_0022.nii.gz,3,left_kidney,67371,56352,5825,1725,3469,83.644298,8.646153,2.560449,5.1491
word_0022.nii.gz,4,right_kidney,50955,44437,3377,1335,1806,87.208321,6.627416,2.619959,3.544304
word_0022.nii.gz,5,stomach,141820,131526,4107,2355,3832,92.741503,2.895924,1.660556,2.702017
word_0022.nii.gz,6,gallbladder,3910,3074,420,115,301,78.618926,10.741688,2.941176,7.69821
word_0022.nii.gz,7,esophagus,2847,2460,279,48,60,86.406744,9.799789,1.685985,2.107482
word_0022.nii.gz,8,pancreas,26274,13133,7952,1785,3404,49.984776,30.265662,6.793789,12.955774
word_0022.nii.gz,9,duodenum,32654,0,22255,7296,3103,0.0,68.153978,22.343358,9.502664
word_0022.nii.gz,10,colon,164128,0,137888,11158,15082,0.0,84.012478,6.798353,9.189169
word_0022.nii.gz,11,intestine,357747,0,293504,30200,34043,0.0,82.042337,8.44172,9.515943
word_0022.nii.gz,12,adrenal,2996,1947,459,236,354,64.986649,15.320427,7.87717,11.815754
word_0022.nii.gz,13,rectum,35338,0,15997,9566,9775,0.0,45.268549,27.07001,27.661441
word_0022.nii.gz,14,bladder,70771,0,66816,1384,2571,0.0,94.411553,1.955603,3.632844
word_0022.nii.gz,15,head_of_femur_left,71988,0,32531,30948,8509,0.0,45.189476,42.990498,11.820026
word_0022.nii.gz,16,head_of_femur_right,75041,0,59243,8788,7010,0.0,78.947509,11.710931,9.34156
word_0026.nii.gz,1,liver,427419,397202,10461,6326,13430,92.930356,2.447481,1.480047,3.142116
word_0026.nii.gz,2,spleen,62691,56788,2380,1112,2411,90.583975,3.796398,1.773779,3.845847
word_0026.nii.gz,3,left_kidney,71122,59368,7772,1994,1988,83.473468,10.927702,2.803633,2.795197
word_0026.nii.gz,4,right_kidney,82103,65882,13572,1279,1370,80.243109,16.530456,1.557799,1.668636
word_0026.nii.gz,5,stomach,134485,36828,85665,5074,6918,27.384467,63.698554,3.772911,5.144068
word_0026.nii.gz,6,gallbladder,5399,3059,1357,424,559,56.65864,25.134284,7.853306,10.353769
word_0026.nii.gz,7,esophagus,8196,4021,2679,678,818,49.060517,32.686676,8.272328,9.980478
word_0026.nii.gz,8,pancreas,35904,13184,15591,2181,4948,36.720143,43.424131,6.074532,13.781194
word_0026.nii.gz,9,duodenum,31124,0,19288,5631,6205,0.0,61.971469,18.092148,19.936383
word_0026.nii.gz,10,colon,323664,0,183731,33676,106257,0.0,56.765967,10.404617,32.829416
word_0026.nii.gz,11,intestine,383361,0,294596,56930,31835,0.0,76.845584,14.850233,8.304183
word_0026.nii.gz,12,adrenal,2850,1079,542,417,812,37.859649,19.017544,14.631579,28.491228
word_0026.nii.gz,13,rectum,14799,0,11609,2211,979,0.0,78.444489,14.940199,6.615312
word_0026.nii.gz,14,bladder,33797,0,30823,1523,1451,0.0,91.200402,4.506317,4.29328
word_0026.nii.gz,15,head_of_femur_left,63533,0,31203,27910,4420,0.0,49.113059,43.929926,6.957014
word_0026.nii.gz,16,head_of_femur_right,64314,0,56910,4445,2959,0.0,88.487732,6.911403,4.600865
word_0027.nii.gz,1,liver,298044,281835,5824,3200,7185,94.561541,1.954074,1.073667,2.410718
word_0027.nii.gz,2,spleen,49329,42703,1825,1247,3554,86.567739,3.699649,2.527925,7.204687
word_0027.nii.gz,3,left_kidney,49546,40388,4510,1436,3212,81.516167,9.102652,2.898317,6.482864
word_0027.nii.gz,4,right_kidney,51327,41751,4665,1806,3105,81.343153,9.088784,3.518616,6.049448
word_0027.nii.gz,5,stomach,78959,52340,15352,3448,7819,66.287567,19.443002,4.366823,9.902608
word_0027.nii.gz,6,gallbladder,9379,7061,878,634,806,75.285212,9.361339,6.759782,8.593667
word_0027.nii.gz,7,esophagus,2709,1029,831,330,519,37.984496,30.675526,12.181617,19.158361
word_0027.nii.gz,8,pancreas,23922,14481,4048,1781,3612,60.534236,16.921662,7.44503,15.099072
word_0027.nii.gz,9,duodenum,34600,0,23870,5493,5237,0.0,68.988439,15.875723,15.135838
word_0027.nii.gz,10,colon,193448,0,153963,21701,17784,0.0,79.58883,11.218002,9.193168
word_0027.nii.gz,11,intestine,579735,0,346769,122160,110806,0.0,59.815088,21.071697,19.113216
word_0027.nii.gz,12,adrenal,4203,2387,895,298,623,56.792767,21.294314,7.090174,14.822746
word_0027.nii.gz,13,rectum,15996,0,10382,4325,1289,0.0,64.903726,27.03801,8.058265
word_0027.nii.gz,14,bladder,85640,0,79029,2258,4353,0.0,92.280476,2.636618,5.082905
word_0027.nii.gz,15,head_of_femur_left,60192,0,30094,26108,3990,0.0,49.996677,43.374535,6.628788
word_0027.nii.gz,16,head_of_femur_right,59503,0,52884,3843,2776,0.0,88.876191,6.458498,4.665311
word_0028.nii.gz,1,liver,394919,358555,16297,7091,12976,90.792036,4.126669,1.795558,3.285737
word_0028.nii.gz,2,spleen,55508,51002,1542,1002,1962,91.882251,2.777978,1.805145,3.534626
word_0028.nii.gz,3,left_kidney,56373,52983,1827,668,895,93.986483,3.240913,1.184964,1.587639
word_0028.nii.gz,4,right_kidney,59695,40588,16056,1513,1538,67.992294,26.896725,2.534551,2.57643
word_0028.nii.gz,5,stomach,60154,41746,7000,3256,8152,69.398544,11.636799,5.412774,13.551883
word_0028.nii.gz,6,gallbladder,5835,5361,220,140,114,91.876607,3.770351,2.399314,1.953728
word_0028.nii.gz,7,esophagus,3885,1678,1069,587,551,43.191763,27.516088,15.109395,14.182754
word_0028.nii.gz,8,pancreas,35041,19915,7466,2847,4813,56.833424,21.30647,8.124768,13.735339
word_0028.nii.gz,9,duodenum,20610,0,16354,1533,2723,0.0,79.34983,7.438137,13.212033
word_0028.nii.gz,10,colon,222198,0,189045,19652,13501,0.0,85.079524,8.844364,6.076112
word_0028.nii.gz,11,intestine,360972,0,251697,51602,57673,0.0,69.727569,14.295292,15.97714
word_0028.nii.gz,12,adrenal,2741,751,1410,253,327,27.39876,51.44108,9.230208,11.929953
word_0028.nii.gz,13,rectum,27271,0,14403,5541,7327,0.0,52.814345,20.318287,26.867368
word_0028.nii.gz,14,bladder,183275,0,173974,4600,4701,0.0,94.925113,2.50989,2.564998
word_0028.nii.gz,15,head_of_femur_left,38923,0,15207,21716,2000,0.0,39.069445,55.792205,5.13835
word_0028.nii.gz,16,head_of_femur_right,38529,0,36046,1073,1410,0.0,93.555504,2.784915,3.659581
word_0029.nii.gz,1,liver,537056,490333,17702,8466,20555,91.300162,3.296118,1.576372,3.827348
word_0029.nii.gz,2,spleen,67639,59145,1912,1417,5165,87.442156,2.826772,2.094945,7.636127
word_0029.nii.gz,3,left_kidney,59617,48712,5018,1485,4402,81.708238,8.417062,2.4909,7.3838
word_0029.nii.gz,4,right_kidney,71235,59253,6069,2420,3493,83.179617,8.519688,3.397206,4.903488
word_0029.nii.gz,5,stomach,76498,59814,6228,2366,8090,78.190279,8.141389,3.092891,10.57544
word_0029.nii.gz,6,gallbladder,4908,3739,327,274,568,76.181744,6.662592,5.582722,11.572942
word_0029.nii.gz,7,esophagus,4926,1231,2705,294,696,24.98985,54.912708,5.968331,14.129111
word_0029.nii.gz,8,pancreas,38724,13554,17271,3575,4324,35.001549,44.600248,9.232001,11.166202
word_0029.nii.gz,9,duodenum,18446,0,14639,2189,1618,0.0,79.361379,11.867071,8.771549
word_0029.nii.gz,10,colon,253242,0,208602,24000,20640,0.0,82.372592,9.477101,8.150307
word_0029.nii.gz,11,intestine,311558,0,254992,41670,14896,0.0,81.844151,13.374717,4.781132
word_0029.nii.gz,12,adrenal,3372,666,1861,341,504,19.75089,55.189798,10.112693,14.946619
word_0029.nii.gz,13,rectum,25942,0,17769,6778,1395,0.0,68.495104,26.127515,5.37738
word_0029.nii.gz,14,bladder,204608,0,189626,4905,10077,0.0,92.677706,2.397267,4.925027
word_0029.nii.gz,15,head_of_femur_left,41745,0,10990,28164,2591,0.0,26.326506,67.466762,6.206731
word_0029.nii.gz,16,head_of_femur_right,42893,0,40051,1822,1020,0.0,93.37421,4.247779,2.37801
word_0030.nii.gz,1,liver,646415,572524,23536,16769,33586,88.569108,3.641005,2.594154,5.195733
word_0030.nii.gz,2,spleen,78629,71246,1833,1437,4113,90.610335,2.331201,1.82757,5.230894
word_0030.nii.gz,3,left_kidney,69153,60039,5606,985,2523,86.820528,8.106662,1.424378,3.648432
word_0030.nii.gz,4,right_kidney,68836,45007,19269,1677,2883,65.382939,27.99262,2.436225,4.188215
word_0030.nii.gz,5,stomach,93357,72866,9780,2674,8037,78.050923,10.475915,2.864274,8.608888
word_0030.nii.gz,6,gallbladder,19280,14467,1434,740,2639,75.036307,7.437759,3.838174,13.687759
word_0030.nii.gz,7,esophagus,8620,4813,2561,421,825,55.835267,29.709977,4.883991,9.570766
word_0030.nii.gz,8,pancreas,32299,4725,20977,1776,4821,14.628936,64.946283,5.498622,14.926159
word_0030.nii.gz,9,duodenum,32633,0,15907,4792,11934,0.0,48.745135,14.684522,36.570343
word_0030.nii.gz,10,colon,332088,0,279017,20305,32766,0.0,84.018995,6.114343,9.866662
word_0030.nii.gz,11,intestine,451091,0,295347,65737,90007,0.0,65.473929,14.572891,19.95318
word_0030.nii.gz,12,adrenal,3146,1590,563,226,767,50.540369,17.895741,7.183725,24.380165
word_0030.nii.gz,13,rectum,23648,0,16061,2326,5261,0.0,67.916949,9.835927,22.247124
word_0030.nii.gz,14,bladder,87345,0,81859,1693,3793,0.0,93.71916,1.938291,4.34255
word_0030.nii.gz,15,head_of_femur_left,51464,0,19222,28353,3889,0.0,37.350381,55.09288,7.556739
word_0030.nii.gz,16,head_of_femur_right,56068,0,48440,3381,4247,0.0,86.395092,6.030178,7.574731
word_0032.nii.gz,1,liver,414310,386946,8384,5337,13643,93.395284,2.023606,1.288166,3.292945
word_0032.nii.gz,2,spleen,43121,38137,1557,1025,2402,88.441826,3.61077,2.377032,5.570372
word_0032.nii.gz,3,left_kidney,52868,47995,2945,590,1338,90.782704,5.570477,1.115987,2.530832
word_0032.nii.gz,4,right_kidney,53461,44095,7338,1002,1026,82.480687,13.725894,1.874263,1.919156
word_0032.nii.gz,5,stomach,120763,45156,67218,4699,3690,37.392248,55.661088,3.891092,3.055572
word_0032.nii.gz,6,gallbladder,5016,3520,692,225,579,70.175439,13.795853,4.485646,11.543062
word_0032.nii.gz,7,esophagus,6321,4723,910,327,361,74.71919,14.396456,5.173232,5.711122
word_0032.nii.gz,8,pancreas,28182,9365,12616,1624,4577,33.230431,44.766163,5.762543,16.240863
word_0032.nii.gz,9,duodenum,16012,0,13876,945,1191,0.0,86.660005,5.901824,7.438171
word_0032.nii.gz,10,colon,315059,0,262075,25897,27087,0.0,83.182832,8.21973,8.597437
word_0032.nii.gz,11,intestine,383831,0,293269,45032,45530,0.0,76.405762,11.732247,11.861991
word_0032.nii.gz,12,adrenal,2241,1075,641,200,325,47.969656,28.603302,8.924587,14.502454
word_0032.nii.gz,13,rectum,22200,0,12805,4369,5026,0.0,57.68018,19.68018,22.63964
word_0032.nii.gz,14,bladder,25932,0,23830,1150,952,0.0,91.894185,4.434675,3.67114
word_0032.nii.gz,15,head_of_femur_left,40473,0,12049,25610,2814,0.0,29.770464,63.276752,6.952783
word_0032.nii.gz,16,head_of_femur_right,41737,0,37695,1706,2336,0.0,90.315547,4.0875,5.596952
word_0036.nii.gz,1,liver,399818,344427,37023,5492,12876,86.145946,9.259963,1.373625,3.220465
word_0036.nii.gz,2,spleen,204798,139923,50266,4408,10201,68.322445,24.544185,2.152365,4.981006
word_0036.nii.gz,3,left_kidney,51239,25689,21792,1410,2348,50.135639,42.530104,2.75181,4.582447
word_0036.nii.gz,4,right_kidney,41150,36743,2412,884,1111,89.290401,5.861482,2.148238,2.699878
word_0036.nii.gz,5,stomach,100807,25652,64223,4637,6295,25.446646,63.708869,4.599879,6.244606
word_0036.nii.gz,6,gallbladder,9832,0,0,842,8990,0.0,0.0,8.563873,91.436127
word_0036.nii.gz,7,esophagus,3540,2353,719,243,225,66.468927,20.310734,6.864407,6.355932
word_0036.nii.gz,8,pancreas,21314,9348,7409,1835,2722,43.858497,34.76119,8.609365,12.770949
word_0036.nii.gz,9,duodenum,17568,0,14179,1457,1932,0.0,80.709244,8.293488,10.997268
word_0036.nii.gz,10,colon,194792,0,146169,23324,25299,0.0,75.038503,11.973798,12.9877
word_0036.nii.gz,11,intestine,381343,0,317699,40270,23374,0.0,83.310563,10.560047,6.12939
word_0036.nii.gz,12,adrenal,2735,1068,823,262,582,39.04936,30.091408,9.579525,21.279707
word_0036.nii.gz,13,rectum,11618,0,9781,1426,411,0.0,84.188328,12.274057,3.537614
word_0036.nii.gz,14,bladder,121103,0,115012,2602,3489,0.0,94.970397,2.148584,2.881019
word_0036.nii.gz,15,head_of_femur_left,36703,0,16061,19925,717,0.0,43.759366,54.287115,1.953519
word_0036.nii.gz,16,head_of_femur_right,37055,0,35481,984,590,0.0,95.75226,2.655512,1.592228
word_0038.nii.gz,1,liver,698727,643763,30674,11472,12818,92.133695,4.389983,1.641843,1.834479
word_0038.nii.gz,2,spleen,572488,201782,316136,34256,20314,35.246503,55.221419,5.983706,3.548371
word_0038.nii.gz,3,left_kidney,93321,23260,62610,2223,5228,24.924722,67.091008,2.3821,5.602169
word_0038.nii.gz,4,right_kidney,69191,39605,24868,1389,3329,57.240103,35.941091,2.007487,4.811319
word_0038.nii.gz,5,stomach,186024,118104,52454,6964,8502,63.488582,28.197437,3.743603,4.570378
word_0038.nii.gz,6,gallbladder,8376,4920,1795,612,1049,58.739255,21.430277,7.30659,12.523878
word_0038.nii.gz,7,esophagus,13003,3804,3971,2035,3193,29.254787,30.539106,15.650235,24.555872
word_0038.nii.gz,8,pancreas,38292,12228,16580,3156,6328,31.933563,43.298861,8.24193,16.525645
word_0038.nii.gz,9,duodenum,33187,0,17719,5361,10107,0.0,53.391388,16.153916,30.454696
word_0038.nii.gz,10,colon,440610,0,254737,103876,81997,0.0,57.814621,23.575498,18.609882
word_0038.nii.gz,11,intestine,732336,0,174270,322534,235532,0.0,23.796454,44.041806,32.16174
word_0038.nii.gz,12,adrenal,5103,1787,779,597,1940,35.018617,15.26553,11.699001,38.016853
word_0038.nii.gz,13,rectum,34247,0,20665,2913,10669,0.0,60.341052,8.505855,31.153094
word_0038.nii.gz,14,bladder,53251,0,41624,5984,5643,0.0,78.165668,11.237348,10.596984
word_0038.nii.gz,15,head_of_femur_left,52467,0,17247,29677,5543,0.0,32.872091,56.563173,10.564736
word_0038.nii.gz,16,head_of_femur_right,53648,0,46687,3145,3816,0.0,87.024679,5.862288,7.113033
word_0040.nii.gz,1,liver,292436,262345,8155,6781,15155,89.710227,2.788644,2.318798,5.18233
word_0040.nii.gz,2,spleen,32300,25053,1522,1457,4268,77.563467,4.712074,4.510836,13.213622
word_0040.nii.gz,3,left_kidney,37088,30995,2571,768,2754,83.571506,6.932161,2.070751,7.425582
word_0040.nii.gz,4,right_kidney,32366,28227,2040,535,1564,87.211889,6.30291,1.652969,4.832231
word_0040.nii.gz,5,stomach,145322,122698,7817,3986,10821,84.431813,5.379089,2.742874,7.446223
word_0040.nii.gz,6,gallbladder,5811,2910,1128,1018,755,50.077439,19.411461,17.518499,12.9926
word_0040.nii.gz,7,esophagus,3228,2415,398,120,295,74.814126,12.329616,3.717472,9.138786
word_0040.nii.gz,8,pancreas,18025,10651,3176,1312,2886,59.090153,17.619972,7.278779,16.011096
word_0040.nii.gz,9,duodenum,45898,0,26346,7870,11682,0.0,57.401194,17.146717,25.452089
word_0040.nii.gz,10,colon,257696,0,182757,42127,32812,0.0,70.919611,16.347557,12.732832
word_0040.nii.gz,11,intestine,328571,0,173241,85285,70045,0.0,52.725591,25.956338,21.318071
word_0040.nii.gz,12,adrenal,2867,1622,288,196,761,56.574817,10.045344,6.836414,26.543425
word_0040.nii.gz,13,rectum,8595,0,5350,2595,650,0.0,62.245492,30.191972,7.562536
word_0040.nii.gz,14,bladder,97737,0,89030,4335,4372,0.0,91.091398,4.435372,4.473229
word_0040.nii.gz,15,head_of_femur_left,42246,0,18246,22787,1213,0.0,43.189888,53.938834,2.871278
word_0040.nii.gz,16,head_of_femur_right,45729,0,41705,2607,1417,0.0,91.200332,5.700977,3.09869
word_0041.nii.gz,1,liver,298200,272519,10583,5878,9220,91.387995,3.54896,1.97116,3.091885
word_0041.nii.gz,2,spleen,42484,38864,1467,882,1271,91.479145,3.453065,2.076076,2.991715
word_0041.nii.gz,3,left_kidney,54666,46037,6361,1155,1113,84.215051,11.636118,2.112831,2.036
word_0041.nii.gz,4,right_kidney,54669,49782,2846,965,1076,91.060747,5.205875,1.765169,1.968209
word_0041.nii.gz,5,stomach,175734,47276,99401,20196,8861,26.902022,56.563329,11.492369,5.04228
word_0041.nii.gz,6,gallbladder,850,37,483,174,156,4.352941,56.823529,20.470588,18.352941
word_0041.nii.gz,7,esophagus,3269,1426,966,450,427,43.621903,29.550321,13.765678,13.062099
word_0041.nii.gz,8,pancreas,26449,10102,9553,2802,3992,38.194261,36.118568,10.593973,15.093198
word_0041.nii.gz,9,duodenum,11830,0,5627,2214,3989,0.0,47.565511,18.715131,33.719358
word_0041.nii.gz,10,colon,165991,0,112587,39332,14072,0.0,67.827171,23.695261,8.477568
word_0041.nii.gz,11,intestine,278645,0,212907,36538,29200,0.0,76.407974,13.112742,10.479284
word_0041.nii.gz,12,adrenal,2607,898,689,225,795,34.445723,26.428845,8.63061,30.494822
word_0041.nii.gz,13,rectum,18036,0,10970,4302,2764,0.0,60.822799,23.852295,15.324906
word_0041.nii.gz,14,bladder,73288,0,68956,2462,1870,0.0,94.089073,3.359349,2.551577
word_0041.nii.gz,15,head_of_femur_left,40209,0,16284,19944,3981,0.0,40.498396,49.600836,9.900768
word_0041.nii.gz,16,head_of_femur_right,39965,0,34926,1771,3268,0.0,87.391468,4.431377,8.177155
word_0042.nii.gz,1,liver,427506,401053,11775,5818,8860,93.812251,2.754347,1.360917,2.072486
word_0042.nii.gz,2,spleen,63555,56744,2350,1256,3205,89.283298,3.697585,1.976241,5.042876
word_0042.nii.gz,3,left_kidney,41666,34689,4668,720,1589,83.254932,11.203379,1.728028,3.813661
word_0042.nii.gz,4,right_kidney,35247,32021,1951,471,804,90.847448,5.535223,1.336284,2.281045
word_0042.nii.gz,5,stomach,171092,42450,115693,8848,4101,24.811213,67.620345,5.171487,2.396956
word_0042.nii.gz,6,gallbladder,8560,7078,740,386,356,82.686916,8.64486,4.509346,4.158879
word_0042.nii.gz,7,esophagus,4916,2328,1660,489,439,47.355574,33.76729,9.947111,8.930024
word_0042.nii.gz,8,pancreas,32450,13748,13584,2409,2709,42.366718,41.861325,7.423729,8.348228
word_0042.nii.gz,9,duodenum,24944,0,16752,4829,3363,0.0,67.158435,19.359365,13.4822
word_0042.nii.gz,10,colon,345815,0,244214,57197,44404,0.0,70.61984,16.539768,12.840392
word_0042.nii.gz,11,intestine,379611,0,275995,52121,51495,0.0,72.70469,13.730108,13.565202
word_0042.nii.gz,12,adrenal,3382,1972,531,352,527,58.308693,15.700769,10.408043,15.582496
word_0042.nii.gz,13,rectum,22156,0,12175,5446,4535,0.0,54.951255,24.580249,20.468496
word_0042.nii.gz,14,bladder,79162,0,76776,1532,854,0.0,96.985928,1.935272,1.0788
word_0042.nii.gz,15,head_of_femur_left,59137,0,24627,28871,5639,0.0,41.643979,48.820535,9.535485
word_0042.nii.gz,16,head_of_femur_right,59135,0,52669,3368,3098,0.0,89.065697,5.695443,5.23886
word_0044.nii.gz,1,liver,292558,259214,10032,6292,17020,88.602602,3.429064,2.150685,5.81765
word_0044.nii.gz,2,spleen,41450,34837,1637,1083,3893,84.045838,3.949337,2.612786,9.392039
word_0044.nii.gz,3,left_kidney,39982,17697,18846,889,2550,44.262418,47.136211,2.223501,6.37787
word_0044.nii.gz,4,right_kidney,41621,18235,20042,1208,2136,43.812018,48.153576,2.902381,5.132025
word_0044.nii.gz,5,stomach,111139,36907,57893,4204,12135,33.207965,52.090625,3.782651,10.918759
word_0044.nii.gz,6,gallbladder,4078,2526,714,224,614,61.942128,17.508583,5.492889,15.0564
word_0044.nii.gz,7,esophagus,5252,2381,1204,709,958,45.33511,22.9246,13.499619,18.24067
word_0044.nii.gz,8,pancreas,30550,16903,7477,1774,4396,55.328969,24.474632,5.806874,14.389525
word_0044.nii.gz,9,duodenum,19464,0,11853,2747,4864,0.0,60.897041,14.113235,24.989725
word_0044.nii.gz,10,colon,334246,0,251321,40801,42124,0.0,75.190429,12.206878,12.602694
word_0044.nii.gz,11,intestine,287386,0,207228,36052,44106,0.0,72.107897,12.5448,15.347303
word_0044.nii.gz,12,adrenal,4657,1603,1123,367,1564,34.421301,24.114237,7.88061,33.583852
word_0044.nii.gz,13,rectum,11074,0,8691,2120,263,0.0,78.481127,19.143941,2.374932
word_0044.nii.gz,14,bladder,50275,0,43550,2727,3998,0.0,86.62357,5.424167,7.952263
word_0044.nii.gz,15,head_of_femur_left,47888,0,22304,21355,4229,0.0,46.575342,44.593635,8.831022
word_0044.nii.gz,16,head_of_femur_right,53300,0,47821,2419,3060,0.0,89.72045,4.538462,5.741088
word_0046.nii.gz,1,liver,482128,452433,10948,5896,12851,93.840847,2.270766,1.222912,2.665475
word_0046.nii.gz,2,spleen,82446,19045,55593,2899,4909,23.099968,67.42959,3.516241,5.9542
word_0046.nii.gz,3,left_kidney,49031,6712,37834,1983,2502,13.689299,77.163427,4.04438,5.102894
word_0046.nii.gz,4,right_kidney,53958,23530,26010,2013,2405,43.607991,48.204159,3.730679,4.45717
word_0046.nii.gz,5,stomach,234328,50151,168505,7504,8168,21.402052,71.909887,3.202349,3.485712
word_0046.nii.gz,6,gallbladder,2611,1303,875,150,283,49.904251,33.512064,5.744925,10.838759
word_0046.nii.gz,7,esophagus,4049,2084,1098,357,510,51.469499,27.117807,8.816992,12.595703
word_0046.nii.gz,8,pancreas,46777,72,38940,3174,4591,0.153922,83.24604,6.785386,9.814653
word_0046.nii.gz,9,duodenum,17883,0,13602,2675,1606,0.0,76.061064,14.95834,8.980596
word_0046.nii.gz,10,colon,222862,0,151913,30858,40091,0.0,68.164604,13.846237,17.989159
word_0046.nii.gz,11,intestine,277584,0,204655,46871,26058,0.0,73.727232,16.885339,9.387429
word_0046.nii.gz,12,adrenal,3522,824,1771,375,552,23.395798,50.28393,10.647359,15.672913
word_0046.nii.gz,13,rectum,22488,0,8674,3641,10173,0.0,38.571683,16.190857,45.23746
word_0046.nii.gz,14,bladder,15542,0,13832,683,1027,0.0,88.997555,4.394544,6.607901
word_0046.nii.gz,15,head_of_femur_left,50248,0,21424,25660,3164,0.0,42.636523,51.066709,6.296768
word_0046.nii.gz,16,head_of_femur_right,50894,0,45024,2771,3099,0.0,88.466224,5.44465,6.089126
word_0047.nii.gz,1,liver,509310,473247,12079,6452,17532,92.919244,2.37164,1.266812,3.442304
word_0047.nii.gz,2,spleen,91696,77351,3490,2109,8746,84.355915,3.806055,2.299991,9.538039
word_0047.nii.gz,3,left_kidney,82544,69720,6347,2171,4306,84.464043,7.689232,2.630112,5.216612
word_0047.nii.gz,4,right_kidney,76017,66234,4032,1908,3843,87.13051,5.304077,2.509965,5.055448
word_0047.nii.gz,5,stomach,153322,81599,50282,4706,16735,53.220673,32.795033,3.069357,10.914937
word_0047.nii.gz,6,gallbladder,6395,5161,319,263,652,80.703675,4.988272,4.112588,10.195465
word_0047.nii.gz,7,esophagus,3218,2420,310,94,394,75.201989,9.633313,2.921069,12.24363
word_0047.nii.gz,8,pancreas,51852,16253,27278,2385,5936,31.344982,52.607421,4.59963,11.447967
word_0047.nii.gz,9,duodenum,23171,0,17481,3111,2579,0.0,75.443442,13.426266,11.130292
word_0047.nii.gz,10,colon,199652,0,169300,14717,15635,0.0,84.797548,7.371326,7.831126
word_0047.nii.gz,11,intestine,451841,0,343035,68367,40439,0.0,75.919405,15.130765,8.94983
word_0047.nii.gz,12,adrenal,3681,1148,1258,322,953,31.187177,34.175496,8.747623,25.889704
word_0047.nii.gz,13,rectum,23086,0,11739,4748,6599,0.0,50.848999,20.566577,28.584423
word_0047.nii.gz,14,bladder,75572,0,71338,1221,3013,0.0,94.397396,1.615678,3.986926
word_0047.nii.gz,15,head_of_femur_left,58216,0,19734,33744,4738,0.0,33.897897,57.963446,8.138656
word_0047.nii.gz,16,head_of_femur_right,58503,0,52507,3531,2465,0.0,89.750953,6.035588,4.213459
word_0049.nii.gz,1,liver,353067,320083,16596,6140,10248,90.657864,4.700524,1.739047,2.902565
word_0049.nii.gz,2,spleen,82051,73978,2367,1324,4382,90.160997,2.884791,1.613631,5.340581
word_0049.nii.gz,3,left_kidney,51940,43499,4581,970,2890,83.748556,8.819792,1.867539,5.564112
word_0049.nii.gz,4,right_kidney,47953,35266,8948,1418,2321,73.542844,18.659938,2.957062,4.840156
word_0049.nii.gz,5,stomach,194455,167330,12486,4664,9975,86.050757,6.421023,2.398498,5.129722
word_0049.nii.gz,6,gallbladder,2477,2049,233,77,118,82.721034,9.40654,3.108599,4.763827
word_0049.nii.gz,7,esophagus,5223,2079,1299,899,946,39.80471,24.870764,17.21233,18.112196
word_0049.nii.gz,8,pancreas,29574,9552,13924,2023,4075,32.298641,47.081896,6.840468,13.778995
word_0049.nii.gz,9,duodenum,18416,0,13660,1886,2870,0.0,74.174631,10.241095,15.584275
word_0049.nii.gz,10,colon,315068,0,245832,35692,33544,0.0,78.025061,11.328348,10.646591
word_0049.nii.gz,11,intestine,383946,0,314033,44062,25851,0.0,81.790929,11.476093,6.732978
word_0049.nii.gz,12,adrenal,2506,962,1038,209,297,38.387869,41.420591,8.339984,11.851556
word_0049.nii.gz,13,rectum,18436,0,14952,2429,1055,0.0,81.102191,13.175309,5.722499
word_0049.nii.gz,14,bladder,66769,0,64022,859,1888,0.0,95.885815,1.286525,2.82766
word_0049.nii.gz,15,head_of_femur_left,52928,0,22436,26661,3831,0.0,42.389661,50.372204,7.238135
word_0049.nii.gz,16,head_of_femur_right,54024,0,50201,2066,1757,0.0,92.923515,3.824226,3.252258
word_0051.nii.gz,1,liver,312525,282598,12685,5707,11535,90.424126,4.058875,1.826094,3.690905
word_0051.nii.gz,2,spleen,51520,43455,2188,2043,3834,84.345885,4.246894,3.96545,7.44177
word_0051.nii.gz,3,left_kidney,43097,19784,17256,2050,4007,45.905747,40.03991,4.756712,9.297631
word_0051.nii.gz,4,right_kidney,40778,27999,8434,1690,2655,68.662024,20.682721,4.144392,6.510864
word_0051.nii.gz,5,stomach,129863,21585,97446,4596,6236,16.621363,75.03754,3.539114,4.801984
word_0051.nii.gz,6,gallbladder,9410,3505,3944,829,1132,37.247609,41.912859,8.809777,12.029756
word_0051.nii.gz,7,esophagus,2965,1178,540,649,598,39.730185,18.212479,21.888702,20.168634
word_0051.nii.gz,8,pancreas,35737,12046,14836,2701,6154,33.707362,41.514397,7.557993,17.220248
word_0051.nii.gz,9,duodenum,18923,0,12385,3447,3091,0.0,65.449453,18.215928,16.334619
word_0051.nii.gz,10,colon,103711,0,55917,15750,32044,0.0,53.916171,15.186432,30.897398
word_0051.nii.gz,11,intestine,247983,0,191821,30934,25228,0.0,77.35248,12.474242,10.173278
word_0051.nii.gz,12,adrenal,5326,1891,1414,489,1532,35.505069,26.549005,9.181374,28.764551
word_0051.nii.gz,13,rectum,24785,0,16733,4260,3792,0.0,67.512608,17.187815,15.299576
word_0051.nii.gz,14,bladder,38876,0,35157,2065,1654,0.0,90.433687,5.31176,4.254553
word_0051.nii.gz,15,head_of_femur_left,50290,0,14292,31551,4447,0.0,28.419169,62.738119,8.842712
word_0051.nii.gz,16,head_of_femur_right,50127,0,44850,2337,2940,0.0,89.472739,4.662158,5.865103
word_0053.nii.gz,1,liver,496219,455619,11372,7531,21697,91.818129,2.29173,1.517677,4.372465
word_0053.nii.gz,2,spleen,231116,161170,55393,4172,10381,69.735544,23.967618,1.805154,4.491684
word_0053.nii.gz,3,left_kidney,78368,65411,7708,2126,3123,83.466466,9.835647,2.712842,3.985045
word_0053.nii.gz,4,right_kidney,33164,23662,3665,2621,3216,71.34845,11.05114,7.903148,9.697262
word_0053.nii.gz,5,stomach,64602,30712,26482,2330,5078,47.540324,40.992539,3.606699,7.860438
word_0053.nii.gz,6,gallbladder,14511,11341,1286,679,1205,78.154503,8.862242,4.679209,8.304045
word_0053.nii.gz,7,esophagus,7282,2124,1627,1153,2378,29.167811,22.342763,15.833562,32.655864
word_0053.nii.gz,8,pancreas,8724,6726,644,388,966,77.097662,7.381935,4.447501,11.072902
word_0053.nii.gz,9,duodenum,4114,0,13,64,4037,0.0,0.315994,1.555664,98.128342
word_0053.nii.gz,10,colon,182220,0,117821,38112,26287,0.0,64.658654,20.915377,14.425969
word_0053.nii.gz,11,intestine,345185,0,195739,75972,73474,0.0,56.705535,22.009068,21.285398
word_0053.nii.gz,12,adrenal,327,0,7,3,317,0.0,2.140673,0.917431,96.941896
word_0053.nii.gz,13,rectum,23308,0,13748,6982,2578,0.0,58.98404,29.95538,11.06058
word_0053.nii.gz,14,bladder,47434,0,42308,1756,3370,0.0,89.193406,3.701986,7.104609
word_0053.nii.gz,15,head_of_femur_left,40062,0,7418,26839,5805,0.0,18.5163,66.99366,14.49004
word_0053.nii.gz,16,head_of_femur_right,39567,0,31842,2852,4873,0.0,80.476154,7.208027,12.315819
word_0055.nii.gz,1,liver,464880,432804,14082,6197,11797,93.100155,3.029169,1.333032,2.537644
word_0055.nii.gz,2,spleen,71498,64492,2113,1638,3255,90.201125,2.955327,2.290973,4.552575
word_0055.nii.gz,3,left_kidney,59428,52221,4285,1078,1844,87.87272,7.210406,1.81396,3.102914
word_0055.nii.gz,4,right_kidney,58669,54457,2177,990,1045,92.82074,3.710648,1.687433,1.781179
word_0055.nii.gz,5,stomach,50188,38102,6781,2521,2784,75.918546,13.511198,5.023113,5.547143
word_0055.nii.gz,6,gallbladder,5371,3935,603,418,415,73.263824,11.22696,7.782536,7.72668
word_0055.nii.gz,7,esophagus,3277,1549,1160,229,339,47.268843,35.39823,6.988099,10.344828
word_0055.nii.gz,8,pancreas,28667,15537,8444,2224,2462,54.198207,29.455471,7.758049,8.588272
word_0055.nii.gz,9,duodenum,10207,0,8022,1063,1122,0.0,78.593122,10.414421,10.992456
word_0055.nii.gz,10,colon,225118,0,198734,13544,12840,0.0,88.279924,6.0164,5.703675
word_0055.nii.gz,11,intestine,278008,0,240374,20963,16671,0.0,86.462979,7.54043,5.99659
word_0055.nii.gz,12,adrenal,3106,885,1175,413,633,28.493239,37.830006,13.296845,20.37991
word_0055.nii.gz,13,rectum,47829,0,13734,11084,23011,0.0,28.714796,23.174225,48.110979
word_0055.nii.gz,14,bladder,140021,0,130150,6072,3799,0.0,92.950343,4.336492,2.713164
word_0055.nii.gz,15,head_of_femur_left,39262,0,14089,23672,1501,0.0,35.88457,60.292395,3.823035
word_0055.nii.gz,16,head_of_femur_right,39924,0,36928,1821,1175,0.0,92.495742,4.561166,2.943092
word_0056.nii.gz,1,liver,352553,317896,10190,6862,17605,90.169705,2.890346,1.946374,4.993575
word_0056.nii.gz,2,spleen,65157,57947,1907,1415,3888,88.93442,2.926777,2.171678,5.967126
word_0056.nii.gz,3,left_kidney,63016,48951,8339,1477,4249,77.680272,13.233147,2.343849,6.742732
word_0056.nii.gz,4,right_kidney,43803,31815,8192,1334,2462,72.632012,18.701915,3.045454,5.62062
word_0056.nii.gz,5,stomach,161026,59030,72619,7751,21626,36.658676,45.097686,4.813508,13.430129
word_0056.nii.gz,6,gallbladder,3184,1620,615,341,608,50.879397,19.315327,10.709799,19.095477
word_0056.nii.gz,7,esophagus,6184,1598,1516,1303,1767,25.84088,24.514877,21.070505,28.573739
word_0056.nii.gz,8,pancreas,35739,10562,15597,2790,6790,29.553149,43.6414,7.806598,18.998853
word_0056.nii.gz,9,duodenum,27039,0,11698,5352,9989,0.0,43.263434,19.793631,36.942934
word_0056.nii.gz,10,colon,158057,0,106182,24145,27730,0.0,67.179562,15.276135,17.544304
word_0056.nii.gz,11,intestine,331401,0,273659,24085,33657,0.0,82.576395,7.26763,10.155974
word_0056.nii.gz,12,adrenal,6229,752,1250,685,3542,12.072564,20.067427,10.99695,56.86306
word_0056.nii.gz,13,rectum,17294,0,6112,6982,4200,0.0,35.341737,40.372383,24.285879
word_0056.nii.gz,14,bladder,31265,0,25070,2997,3198,0.0,80.185511,9.585799,10.22869
word_0056.nii.gz,15,head_of_femur_left,39377,0,13686,23408,2283,0.0,34.75633,59.445869,5.797801
word_0056.nii.gz,16,head_of_femur_right,40356,0,37111,1551,1694,0.0,91.959064,3.843295,4.197641
word_0058.nii.gz,1,liver,388234,346654,12321,6997,22262,89.289964,3.173601,1.802264,5.734171
word_0058.nii.gz,2,spleen,43671,38492,1445,1095,2639,88.140872,3.308832,2.507385,6.042912
word_0058.nii.gz,3,left_kidney,39163,33999,2714,664,1786,86.814085,6.93001,1.695478,4.560427
word_0058.nii.gz,4,right_kidney,40846,35793,3128,924,1001,87.629144,7.658033,2.262155,2.450668
word_0058.nii.gz,5,stomach,96839,58621,22686,5243,10289,60.534495,23.426512,5.414141,10.624852
word_0058.nii.gz,6,gallbladder,7293,4341,1598,429,925,59.52283,21.911422,5.882353,12.683395
word_0058.nii.gz,7,esophagus,4903,1180,1913,622,1188,24.066898,39.016928,12.686111,24.230063
word_0058.nii.gz,8,pancreas,21318,11586,3622,1440,4670,54.348438,16.990337,6.754855,21.90637
word_0058.nii.gz,9,duodenum,9480,0,7106,796,1578,0.0,74.957806,8.396624,16.64557
word_0058.nii.gz,10,colon,193626,0,150971,14239,28416,0.0,77.970417,7.353868,14.675715
word_0058.nii.gz,11,intestine,285406,0,199274,29192,56940,0.0,69.821237,10.228236,19.950527
word_0058.nii.gz,12,adrenal,915,330,347,83,155,36.065574,37.923497,9.071038,16.939891
word_0058.nii.gz,13,rectum,12987,0,9085,1546,2356,0.0,69.95457,11.904212,18.141218
word_0058.nii.gz,14,bladder,251689,0,226700,11105,13884,0.0,90.071477,4.412191,5.516332
word_0058.nii.gz,15,head_of_femur_left,35779,0,9241,23142,3396,0.0,25.828,64.680399,9.491601
word_0058.nii.gz,16,head_of_femur_right,36853,0,32504,2739,1610,0.0,88.199061,7.432231,4.368708
word_0059.nii.gz,1,liver,362668,328522,11133,6691,16322,90.584777,3.06975,1.844938,4.500535
word_0059.nii.gz,2,spleen,41547,35279,1639,1035,3594,84.913471,3.94493,2.491155,8.650444
word_0059.nii.gz,3,left_kidney,64018,52102,6363,1188,4365,81.386485,9.939392,1.855728,6.818395
word_0059.nii.gz,4,right_kidney,61501,50284,6018,1656,3543,81.761272,9.785207,2.692639,5.760882
word_0059.nii.gz,5,stomach,201555,143368,43395,5052,9740,71.130957,21.530103,2.506512,4.832428
word_0059.nii.gz,6,gallbladder,4977,3519,458,254,746,70.705244,9.202331,5.103476,14.988949
word_0059.nii.gz,7,esophagus,4551,2398,885,490,778,52.691716,19.446276,10.766864,17.095144
word_0059.nii.gz,8,pancreas,30895,17275,8121,1704,3795,55.915197,26.285807,5.515456,12.283541
word_0059.nii.gz,9,duodenum,53216,0,27847,10172,15197,0.0,52.328247,19.114552,28.557201
word_0059.nii.gz,10,colon,266558,0,209185,28940,28433,0.0,78.476354,10.856924,10.666722
word_0059.nii.gz,11,intestine,368377,0,303803,25424,39150,0.0,82.470675,6.901625,10.627699
word_0059.nii.gz,12,adrenal,3069,1189,490,302,1088,38.742261,15.966113,9.840339,35.451287
word_0059.nii.gz,13,rectum,22517,0,13935,5641,2941,0.0,61.886575,25.052183,13.061243
word_0059.nii.gz,14,bladder,118000,0,107270,3332,7398,0.0,90.90678,2.823729,6.269492
word_0059.nii.gz,15,head_of_femur_left,55089,0,23993,25210,5886,0.0,43.553159,45.762312,10.684529
word_0059.nii.gz,16,head_of_femur_right,56757,0,50034,2743,3980,0.0,88.154765,4.832884,7.012351
word_0061.nii.gz,1,liver,339853,290524,10182,7627,31520,85.485195,2.996001,2.244206,9.274598
word_0061.nii.gz,2,spleen,68323,56255,3444,1892,6732,82.336841,5.040762,2.769199,9.853197
word_0061.nii.gz,3,left_kidney,51995,43510,2890,953,4642,83.681123,5.558227,1.832869,8.927782
word_0061.nii.gz,4,right_kidney,47632,25053,16895,1848,3836,52.596994,35.469852,3.879745,8.053409
word_0061.nii.gz,5,stomach,53023,38904,3703,2219,8197,73.371933,6.983762,4.184976,15.459329
word_0061.nii.gz,6,gallbladder,2598,1486,273,320,519,57.197844,10.508083,12.317167,19.976905
word_0061.nii.gz,7,esophagus,5895,2651,985,1089,1170,44.970314,16.709075,18.473282,19.847328
word_0061.nii.gz,8,pancreas,28603,15424,5306,1834,6039,53.924414,18.550502,6.411915,21.11317
word_0061.nii.gz,9,duodenum,17332,0,12339,1517,3476,0.0,71.192015,8.752596,20.055389
word_0061.nii.gz,10,colon,138260,0,114394,9901,13965,0.0,82.738319,7.161146,10.100535
word_0061.nii.gz,11,intestine,276247,0,198269,36722,41256,0.0,71.772363,13.293176,14.934461
word_0061.nii.gz,12,adrenal,1169,148,244,65,712,12.660393,20.872541,5.560308,60.906758
word_0061.nii.gz,13,rectum,12454,0,6502,2941,3011,0.0,52.208126,23.614903,24.176971
word_0061.nii.gz,14,bladder,12986,0,10578,898,1510,0.0,81.456954,6.915139,11.627907
word_0061.nii.gz,15,head_of_femur_left,54468,0,21077,26749,6642,0.0,38.696115,49.109569,12.194316
word_0061.nii.gz,16,head_of_femur_right,53056,0,45959,2880,4217,0.0,86.623568,5.428227,7.948206
word_0062.nii.gz,1,liver,440279,403826,12930,8152,15371,91.720477,2.936774,1.851553,3.491195
word_0062.nii.gz,2,spleen,62199,54862,4247,1274,1816,88.20399,6.828084,2.048264,2.919661
word_0062.nii.gz,3,left_kidney,53924,46455,3937,1517,2015,86.149025,7.301016,2.813219,3.736741
word_0062.nii.gz,4,right_kidney,49307,42458,4743,1001,1105,86.109477,9.619324,2.030138,2.241061
word_0062.nii.gz,5,stomach,167751,111724,45748,4503,5776,66.601093,27.271372,2.684336,3.443199
word_0062.nii.gz,6,gallbladder,2174,978,871,143,182,44.986201,40.064397,6.577737,8.371665
word_0062.nii.gz,7,esophagus,8164,3449,2246,1114,1355,42.246448,27.511024,13.645272,16.597256
word_0062.nii.gz,8,pancreas,24358,12487,8424,1542,1905,51.264472,34.58412,6.330569,7.820839
word_0062.nii.gz,9,duodenum,23256,0,14297,3642,5317,0.0,61.476608,15.660475,22.862917
word_0062.nii.gz,10,colon,163561,0,102126,15703,45732,0.0,62.43909,9.600699,27.960211
word_0062.nii.gz,11,intestine,359891,0,270633,59041,30217,0.0,75.198602,16.405245,8.396153
word_0062.nii.gz,12,adrenal,3753,1724,668,341,1020,45.936584,17.799094,9.086064,27.178257
word_0062.nii.gz,13,rectum,22204,0,13601,4498,4105,0.0,61.254729,20.257611,18.48766
word_0062.nii.gz,14,bladder,143730,0,133904,5529,4297,0.0,93.163571,3.846796,2.989633
word_0062.nii.gz,15,head_of_femur_left,53566,0,17422,32611,3533,0.0,32.524362,60.880036,6.595602
word_0062.nii.gz,16,head_of_femur_right,55957,0,48966,3942,3049,0.0,87.506478,7.044695,5.448827
word_0063.nii.gz,1,liver,367374,343037,7093,5033,12211,93.375416,1.93073,1.369994,3.323861
word_0063.nii.gz,2,spleen,39246,32320,1547,1127,4252,82.352342,3.941803,2.87163,10.834225
word_0063.nii.gz,3,left_kidney,49150,37740,6405,1182,3823,76.785351,13.031536,2.404883,7.77823
word_0063.nii.gz,4,right_kidney,44900,37445,3644,1100,2711,83.396437,8.115813,2.449889,6.037862
word_0063.nii.gz,5,stomach,118371,107812,4200,2047,4312,91.079741,3.548166,1.729309,3.642784
word_0063.nii.gz,6,gallbladder,2157,148,608,365,1036,6.861382,28.187297,16.92165,48.029671
word_0063.nii.gz,7,esophagus,1530,1059,229,103,139,69.215686,14.96732,6.732026,9.084967
word_0063.nii.gz,8,pancreas,24849,11196,5678,2263,5712,45.056139,22.850014,9.107006,22.986841
word_0063.nii.gz,9,duodenum,38847,0,22881,9256,6710,0.0,58.900301,23.826808,17.272891
word_0063.nii.gz,10,colon,180403,0,132818,15951,31634,0.0,73.622944,8.841871,17.535185
word_0063.nii.gz,11,intestine,267486,0,194073,38478,34935,0.0,72.554451,14.385052,13.060497
word_0063.nii.gz,12,adrenal,3969,1321,838,340,1470,33.282943,21.113631,8.56639,37.037037
word_0063.nii.gz,13,rectum,24721,0,17573,4165,2983,0.0,71.085312,16.848024,12.066664
word_0063.nii.gz,14,bladder,114574,0,105977,2361,6236,0.0,92.496552,2.060677,5.442771
word_0063.nii.gz,15,head_of_femur_left,36669,0,10893,22068,3708,0.0,29.706291,60.181625,10.112084
word_0063.nii.gz,16,head_of_femur_right,38996,0,33766,3082,2148,0.0,86.588368,7.903375,5.508257
word_0064.nii.gz,1,liver,443990,417869,11971,6363,7787,94.116759,2.696232,1.43314,1.753868
word_0064.nii.gz,2,spleen,54267,48258,1852,1646,2511,88.926972,3.412755,3.033151,4.627121
word_0064.nii.gz,3,left_kidney,64740,44284,12666,1831,5959,68.402842,19.564411,2.828236,9.20451
word_0064.nii.gz,4,right_kidney,54669,44169,6059,1475,2966,80.793503,11.083064,2.698056,5.425378
word_0064.nii.gz,5,stomach,73967,49546,17963,1597,4861,66.983925,24.285154,2.159071,6.57185
word_0064.nii.gz,6,gallbladder,21478,15415,3787,1034,1242,71.771115,17.631996,4.814229,5.782661
word_0064.nii.gz,7,esophagus,4702,1680,1512,896,614,35.729477,32.156529,19.055721,13.058273
word_0064.nii.gz,8,pancreas,33405,16919,8260,2886,5340,50.648107,24.726837,8.639425,15.985631
word_0064.nii.gz,9,duodenum,41740,0,21534,4121,16085,0.0,51.5908,9.873023,38.536176
word_0064.nii.gz,10,colon,262585,0,228826,16650,17109,0.0,87.143592,6.340804,6.515604
word_0064.nii.gz,11,intestine,364681,0,251877,65393,47411,0.0,69.067761,17.931562,13.000677
word_0064.nii.gz,12,adrenal,5103,2288,1725,372,718,44.836371,33.803645,7.28983,14.070155
word_0064.nii.gz,13,rectum,32302,0,16951,6171,9180,0.0,52.476627,19.10408,28.419293
word_0064.nii.gz,14,bladder,103292,0,98801,1688,2803,0.0,95.652132,1.634202,2.713666
word_0064.nii.gz,15,head_of_femur_left,64409,0,34712,24636,5061,0.0,53.893089,38.249313,7.857598
word_0064.nii.gz,16,head_of_femur_right,67539,0,57077,4770,5692,0.0,84.509691,7.062586,8.427723
word_0065.nii.gz,1,liver,537554,496399,16318,8799,16038,92.344025,3.035602,1.636859,2.983514
word_0065.nii.gz,2,spleen,48490,43527,2344,893,1726,89.7649,4.833986,1.841617,3.559497
word_0065.nii.gz,3,left_kidney,68175,59065,5713,1474,1923,86.63733,8.379905,2.162083,2.820682
word_0065.nii.gz,4,right_kidney,61193,22186,35839,1254,1914,36.255781,58.567156,2.049254,3.127809
word_0065.nii.gz,5,stomach,336569,241246,80334,7065,7924,71.678021,23.868508,2.099124,2.354346
word_0065.nii.gz,6,gallbladder,7264,5211,1259,303,491,71.737335,17.332048,4.171256,6.759361
word_0065.nii.gz,7,esophagus,4268,2353,982,468,465,55.131209,23.008435,10.965323,10.895033
word_0065.nii.gz,8,pancreas,29610,15042,7573,2471,4524,50.800405,25.575819,8.345154,15.278622
word_0065.nii.gz,9,duodenum,38341,0,23409,8815,6117,0.0,61.054746,22.991054,15.9542
word_0065.nii.gz,10,colon,237717,0,189934,25865,21918,0.0,79.899208,10.880585,9.220207
word_0065.nii.gz,11,intestine,434814,0,360672,46740,27402,0.0,82.948571,10.749424,6.302005
word_0065.nii.gz,12,adrenal,3125,745,1472,360,548,23.84,47.104,11.52,17.536
word_0065.nii.gz,13,rectum,27776,0,11019,11188,5569,0.0,39.670939,40.279378,20.049683
word_0065.nii.gz,14,bladder,185583,0,172390,5581,7612,0.0,92.891051,3.00728,4.101669
word_0065.nii.gz,15,head_of_femur_left,51553,0,21867,28147,1539,0.0,42.416542,54.598181,2.985277
word_0065.nii.gz,16,head_of_femur_right,52315,0,49032,2406,877,0.0,93.724553,4.599063,1.676383
word_0067.nii.gz,1,liver,477474,414774,22617,10025,30058,86.868395,4.736802,2.099591,6.295212
word_0067.nii.gz,2,spleen,125762,107646,4502,2797,10817,85.595013,3.579778,2.224042,8.601167
word_0067.nii.gz,3,left_kidney,73771,60593,5822,2081,5275,82.136612,7.89199,2.820892,7.150506
word_0067.nii.gz,4,right_kidney,67761,20250,41173,2377,3961,29.884447,60.76209,3.507918,5.845545
word_0067.nii.gz,5,stomach,180193,150113,12807,5502,11771,83.306788,7.107379,3.053393,6.53244
word_0067.nii.gz,6,gallbladder,3131,1728,934,320,149,55.190035,29.830725,10.220377,4.758863
word_0067.nii.gz,7,esophagus,6692,4807,707,401,777,71.832038,10.564854,5.99223,11.610879
word_0067.nii.gz,8,pancreas,31882,20196,4875,1599,5212,63.346089,15.29076,5.015369,16.347782
word_0067.nii.gz,9,duodenum,31943,0,21513,1812,8618,0.0,67.348089,5.672604,26.979307
word_0067.nii.gz,10,colon,317261,0,213746,40131,63384,0.0,67.37229,12.649207,19.978504
word_0067.nii.gz,11,intestine,454097,0,351637,68312,34148,0.0,77.436539,15.043482,7.519979
word_0067.nii.gz,12,adrenal,2994,1235,395,410,954,41.249165,13.193053,13.694055,31.863727
word_0067.nii.gz,13,rectum,21585,0,14827,3127,3631,0.0,68.691221,14.486912,16.821867
word_0067.nii.gz,14,bladder,90999,0,77222,6073,7704,0.0,84.860273,6.6737,8.466027
word_0067.nii.gz,15,head_of_femur_left,59164,0,28063,25808,5293,0.0,47.43256,43.621121,8.946319
word_0067.nii.gz,16,head_of_femur_right,58776,0,50445,3747,4584,0.0,85.825847,6.375051,7.799102
word_0068.nii.gz,1,liver,369967,352805,5283,3566,8313,95.361208,1.427965,0.96387,2.246957
word_0068.nii.gz,2,spleen,77682,70574,2325,1225,3558,90.849875,2.992971,1.576942,4.580212
word_0068.nii.gz,3,left_kidney,37588,33623,2000,393,1572,89.451421,5.320847,1.045546,4.182186
word_0068.nii.gz,4,right_kidney,33840,30275,2147,664,754,89.46513,6.344563,1.962175,2.228132
word_0068.nii.gz,5,stomach,95637,82381,4121,3099,6036,86.139256,4.309002,3.240378,6.311365
word_0068.nii.gz,6,gallbladder,1769,1308,250,41,170,73.940079,14.132278,2.317694,9.609949
word_0068.nii.gz,7,esophagus,4492,2608,852,422,610,58.058771,18.967053,9.394479,13.579697
word_0068.nii.gz,8,pancreas,35209,20841,7290,1783,5295,59.192252,20.704933,5.064046,15.038768
word_0068.nii.gz,9,duodenum,17360,0,14992,919,1449,0.0,86.359447,5.293779,8.346774
word_0068.nii.gz,10,colon,102594,0,41637,17259,43698,0.0,40.584245,16.822621,42.593134
word_0068.nii.gz,11,intestine,241156,0,200925,26254,13977,0.0,83.317438,10.886729,5.795833
word_0068.nii.gz,12,adrenal,2797,1522,430,259,586,54.415445,15.373615,9.259921,20.951019
word_0068.nii.gz,13,rectum,7940,0,2111,4328,1501,0.0,26.586902,54.508816,18.904282
word_0068.nii.gz,14,bladder,35598,0,33713,1128,757,0.0,94.704759,3.168717,2.126524
word_0068.nii.gz,15,head_of_femur_left,49052,0,17890,28771,2391,0.0,36.4715,58.654081,4.874419
word_0068.nii.gz,16,head_of_femur_right,48205,0,45753,1499,953,0.0,94.913391,3.109636,1.976973
word_0070.nii.gz,1,liver,456808,413527,17957,7982,17342,90.525341,3.930973,1.747342,3.796343
word_0070.nii.gz,2,spleen,65073,55126,3038,1767,5142,84.71409,4.668603,2.715412,7.901895
word_0070.nii.gz,3,left_kidney,70666,27948,31536,4752,6430,39.54943,44.626836,6.724592,9.099142
word_0070.nii.gz,4,right_kidney,58836,41348,9113,2286,6089,70.276701,15.488816,3.885376,10.349106
word_0070.nii.gz,5,stomach,203301,86693,87772,7979,20857,42.642683,43.173423,3.924722,10.259172
word_0070.nii.gz,6,gallbladder,2058,1213,457,166,222,58.940719,22.206025,8.066084,10.787172
word_0070.nii.gz,7,esophagus,4477,2743,1047,279,408,61.268707,23.386196,6.231852,9.113245
word_0070.nii.gz,8,pancreas,42519,6075,25191,3963,7290,14.28773,59.246455,9.320539,17.145276
word_0070.nii.gz,9,duodenum,27685,0,19153,3171,5361,0.0,69.181867,11.453856,19.364277
word_0070.nii.gz,10,colon,282221,0,225773,28667,27781,0.0,79.998654,10.157642,9.843704
word_0070.nii.gz,11,intestine,492514,0,295884,90423,106207,0.0,60.076262,18.359478,21.56426
word_0070.nii.gz,12,adrenal,7641,955,1883,856,3947,12.498364,24.643371,11.202722,51.655542
word_0070.nii.gz,13,rectum,31345,0,15441,4606,11298,0.0,49.261445,14.694529,36.044026
word_0070.nii.gz,14,bladder,168213,0,152713,5339,10161,0.0,90.785492,3.173952,6.040556
word_0070.nii.gz,15,head_of_femur_left,58012,0,21457,31356,5199,0.0,36.987175,54.050886,8.961939
word_0070.nii.gz,16,head_of_femur_right,59292,0,51299,4495,3498,0.0,86.519261,7.581124,5.899615
word_0071.nii.gz,1,liver,376045,354985,6720,5440,8900,94.399606,1.78702,1.446635,2.366738
word_0071.nii.gz,2,spleen,82862,76102,2587,1128,3045,91.841858,3.122058,1.3613,3.674785
word_0071.nii.gz,3,left_kidney,21825,17534,2996,498,797,80.339061,13.727377,2.281787,3.651775
word_0071.nii.gz,4,right_kidney,58804,54330,2393,974,1107,92.391674,4.069451,1.65635,1.882525
word_0071.nii.gz,5,stomach,135013,116846,10979,2583,4605,86.544259,8.13181,1.913149,3.410783
word_0071.nii.gz,6,gallbladder,5430,4574,355,211,290,84.235727,6.537753,3.88582,5.3407
word_0071.nii.gz,7,esophagus,7061,5659,792,329,281,80.144455,11.216542,4.659397,3.979606
word_0071.nii.gz,8,pancreas,32749,21115,6997,1622,3015,64.475251,21.365538,4.952823,9.206388
word_0071.nii.gz,9,duodenum,22107,0,16479,2743,2885,0.0,74.542,12.407835,13.050165
word_0071.nii.gz,10,colon,262939,0,218594,24954,19391,0.0,83.134872,9.490414,7.374714
word_0071.nii.gz,11,intestine,368790,0,271738,56555,40497,0.0,73.683668,15.335286,10.981046
word_0071.nii.gz,12,adrenal,3654,1919,669,279,787,52.517789,18.308703,7.635468,21.538041
word_0071.nii.gz,13,rectum,32662,0,13895,10109,8658,0.0,42.541792,30.95034,26.507868
word_0071.nii.gz,14,bladder,106433,0,30185,54483,21765,0.0,28.360565,51.18995,20.449485
word_0071.nii.gz,15,head_of_femur_left,60920,0,31397,26240,3283,0.0,51.538083,43.072882,5.389035
word_0071.nii.gz,16,head_of_femur_right,63312,0,55517,3201,4594,0.0,87.687958,5.055914,7.256128
word_0072.nii.gz,1,liver,619137,578696,16572,7627,16242,93.468166,2.676629,1.231876,2.623329
word_0072.nii.gz,2,spleen,177472,155259,12208,2612,7393,87.483659,6.878832,1.471781,4.165728
word_0072.nii.gz,3,left_kidney,67855,62222,2447,1067,2119,91.698475,3.606219,1.572471,3.122835
word_0072.nii.gz,4,right_kidney,68078,62912,2932,849,1385,92.411645,4.306825,1.247099,2.034431
word_0072.nii.gz,5,stomach,72109,61983,4163,2067,3896,85.95737,5.773204,2.866494,5.402932
word_0072.nii.gz,6,gallbladder,1827,1269,236,80,242,69.458128,12.917351,4.378763,13.245758
word_0072.nii.gz,7,esophagus,5200,376,2460,758,1606,7.230769,47.307692,14.576923,30.884615
word_0072.nii.gz,8,pancreas,27143,17970,5363,1541,2269,66.204915,19.758317,5.677339,8.35943
word_0072.nii.gz,9,duodenum,45150,0,30011,5418,9721,0.0,66.469546,12.0,21.530454
word_0072.nii.gz,10,colon,244722,0,186676,27567,30479,0.0,76.280841,11.264619,12.45454
word_0072.nii.gz,11,intestine,310617,0,255674,32181,22762,0.0,82.311657,10.360347,7.327996
word_0072.nii.gz,12,adrenal,3322,759,895,380,1288,22.847682,26.941601,11.438892,38.771824
word_0072.nii.gz,13,rectum,33218,0,18926,7184,7108,0.0,56.975134,21.626829,21.398037
word_0072.nii.gz,14,bladder,22502,0,20207,853,1442,0.0,89.800907,3.790774,6.408319
word_0072.nii.gz,15,head_of_femur_left,42016,0,10885,25221,5910,0.0,25.906797,60.027133,14.06607
word_0072.nii.gz,16,head_of_femur_right,46551,0,39363,3452,3736,0.0,84.558871,7.415523,8.025606
word_0073.nii.gz,1,liver,618278,555775,15996,11194,35313,89.890793,2.587186,1.810512,5.711508
word_0073.nii.gz,2,spleen,39335,32480,1275,919,4661,82.572772,3.241388,2.336342,11.849498
word_0073.nii.gz,3,left_kidney,81855,68183,6041,1419,6212,83.297294,7.380123,1.733553,7.589029
word_0073.nii.gz,4,right_kidney,81081,68649,4709,2111,5612,84.667185,5.807772,2.603569,6.921474
word_0073.nii.gz,5,stomach,432665,249256,133992,26558,22859,57.609467,30.968994,6.138236,5.283302
word_0073.nii.gz,6,gallbladder,4303,2957,594,266,486,68.719498,13.804323,6.181734,11.294446
word_0073.nii.gz,7,esophagus,8501,5763,1409,522,807,67.792024,16.574521,6.140454,9.493001
word_0073.nii.gz,8,pancreas,37364,23240,7086,1709,5329,62.198908,18.964779,4.573921,14.262392
word_0073.nii.gz,9,duodenum,29110,0,20179,2241,6690,0.0,69.319821,7.698385,22.981793
word_0073.nii.gz,10,colon,355127,0,313417,20188,21522,0.0,88.254906,5.684727,6.060367
word_0073.nii.gz,11,intestine,484838,0,389873,51263,43702,0.0,80.413045,10.573222,9.013732
word_0073.nii.gz,12,adrenal,5625,2324,946,443,1912,41.315556,16.817778,7.875556,33.991111
word_0073.nii.gz,13,rectum,20383,0,14871,2691,2821,0.0,72.957857,13.202178,13.839965
word_0073.nii.gz,14,bladder,139312,0,129594,3643,6075,0.0,93.024291,2.614994,4.360716
word_0073.nii.gz,15,head_of_femur_left,56764,0,11811,36933,8020,0.0,20.807202,65.064125,14.128673
word_0073.nii.gz,16,head_of_femur_right,58453,0,50354,3152,4947,0.0,86.144424,5.392367,8.46321
word_0078.nii.gz,1,liver,442113,390084,12115,9172,30742,88.231742,2.74025,2.074583,6.953426
word_0078.nii.gz,2,spleen,78997,69487,2197,1532,5781,87.961568,2.781118,1.939314,7.317999
word_0078.nii.gz,3,left_kidney,56039,42947,6686,1924,4482,76.637699,11.930977,3.433323,7.998001
word_0078.nii.gz,4,right_kidney,55826,43036,6116,1848,4826,77.089528,10.955469,3.310286,8.644718
word_0078.nii.gz,5,stomach,151356,114477,19782,5861,11236,75.634266,13.069849,3.872327,7.423558
word_0078.nii.gz,6,gallbladder,194,0,42,62,90,0.0,21.649485,31.958763,46.391753
word_0078.nii.gz,7,esophagus,3628,2461,341,187,639,67.833517,9.399118,5.154355,17.61301
word_0078.nii.gz,8,pancreas,26777,14205,4044,1999,6529,53.049259,15.102513,7.465362,24.382866
word_0078.nii.gz,9,duodenum,36278,0,16216,11832,8230,0.0,44.699267,32.614808,22.685925
word_0078.nii.gz,10,colon,539063,0,308470,83933,146660,0.0,57.223367,15.570165,27.206468
word_0078.nii.gz,11,intestine,383338,0,290963,56719,35656,0.0,75.902467,14.796081,9.301452
word_0078.nii.gz,12,adrenal,3324,1704,571,322,727,51.263538,17.178099,9.687124,21.871239
word_0078.nii.gz,13,rectum,20814,0,7223,4901,8690,0.0,34.702604,23.546651,41.750745
word_0078.nii.gz,14,bladder,63088,0,56826,1970,4292,0.0,90.074182,3.122622,6.803196
word_0078.nii.gz,15,head_of_femur_left,62098,0,13488,37969,10641,0.0,21.720506,61.143676,17.135818
word_0078.nii.gz,16,head_of_femur_right,60715,0,49470,5296,5949,0.0,81.479041,8.722721,9.798238
word_0079.nii.gz,1,liver,469665,389943,17532,12963,49227,83.025774,3.732873,2.760052,10.481301
word_0079.nii.gz,2,spleen,54930,42203,2296,2059,8372,76.830512,4.179865,3.748407,15.241216
word_0079.nii.gz,3,left_kidney,53863,43150,4059,1448,5206,80.110651,7.535785,2.688302,9.665262
word_0079.nii.gz,4,right_kidney,46006,36441,3089,1701,4775,79.209234,6.714342,3.697344,10.379081
word_0079.nii.gz,5,stomach,88265,26564,46795,3551,11355,30.095734,53.016484,4.023112,12.864669
word_0079.nii.gz,6,gallbladder,4776,2783,715,382,896,58.270519,14.970687,7.998325,18.760469
word_0079.nii.gz,7,esophagus,2477,1298,353,112,714,52.402099,14.25111,4.521599,28.825192
word_0079.nii.gz,8,pancreas,39231,13568,16115,2213,7335,34.584895,41.077209,5.640947,18.696949
word_0079.nii.gz,9,duodenum,23434,0,11894,3305,8235,0.0,50.755313,14.103439,35.141248
word_0079.nii.gz,10,colon,184761,0,101459,27410,55892,0.0,54.913645,14.835382,30.250973
word_0079.nii.gz,11,intestine,385665,0,267898,48605,69162,0.0,69.463913,12.602907,17.93318
word_0079.nii.gz,12,adrenal,3494,1750,384,388,972,50.085861,10.990269,11.104751,27.819118
word_0079.nii.gz,13,rectum,19224,0,12969,3724,2531,0.0,67.462547,19.371619,13.165834
word_0079.nii.gz,14,bladder,39000,0,34538,1973,2489,0.0,88.558974,5.058974,6.382051
word_0079.nii.gz,15,head_of_femur_left,64415,0,25282,28043,11090,0.0,39.248622,43.534891,17.216487
word_0079.nii.gz,16,head_of_femur_right,66230,0,49562,6259,10409,0.0,74.833157,9.4504,15.716443
word_0081.nii.gz,1,liver,443654,398163,13907,7880,23704,89.746289,3.13465,1.776159,5.342902
word_0081.nii.gz,2,spleen,89395,75291,2836,2540,8728,84.222831,3.172437,2.841322,9.76341
word_0081.nii.gz,3,left_kidney,44173,38481,2515,844,2333,87.114301,5.693523,1.910669,5.281507
word_0081.nii.gz,4,right_kidney,36148,30879,2676,991,1602,85.423813,7.402899,2.741507,4.43178
word_0081.nii.gz,5,stomach,86087,45673,31762,2510,6142,53.054468,36.895234,2.915655,7.134643
word_0081.nii.gz,6,gallbladder,12862,9404,971,847,1640,73.114601,7.54937,6.58529,12.750739
word_0081.nii.gz,7,esophagus,4360,1577,1094,602,1087,36.169725,25.091743,13.807339,24.931193
word_0081.nii.gz,8,pancreas,18648,10168,4908,953,2619,54.525955,26.319176,5.110468,14.044402
word_0081.nii.gz,9,duodenum,27808,0,14351,3150,10307,0.0,51.607451,11.327675,37.064873
word_0081.nii.gz,10,colon,233646,0,176843,24796,32007,0.0,75.688435,10.612636,13.698929
word_0081.nii.gz,11,intestine,269430,0,190248,40465,38717,0.0,70.611291,15.018743,14.369966
word_0081.nii.gz,12,adrenal,3675,1210,1116,327,1022,32.92517,30.367347,8.897959,27.809524
word_0081.nii.gz,13,rectum,19348,0,12995,4695,1658,0.0,67.164565,24.266074,8.569361
word_0081.nii.gz,14,bladder,90074,0,82950,2630,4494,0.0,92.090947,2.919821,4.989231
word_0081.nii.gz,15,head_of_femur_left,33847,0,12365,18986,2496,0.0,36.532041,56.093598,7.374361
word_0081.nii.gz,16,head_of_femur_right,36047,0,33184,1502,1361,0.0,92.057591,4.166782,3.775626
word_0082.nii.gz,1,liver,489672,442650,14669,9192,23161,90.397246,2.995679,1.877175,4.729901
word_0082.nii.gz,2,spleen,77291,68331,2268,1639,5053,88.407447,2.934365,2.120557,6.537631
word_0082.nii.gz,3,left_kidney,59845,49514,6109,1878,2344,82.737071,10.208037,3.138107,3.916785
word_0082.nii.gz,4,right_kidney,48887,44174,2266,1103,1344,90.3594,4.635179,2.256224,2.749197
word_0082.nii.gz,5,stomach,39860,35876,1596,704,1684,90.005018,4.004014,1.766182,4.224787
word_0082.nii.gz,6,gallbladder,5988,4032,595,336,1025,67.334669,9.93654,5.611222,17.117568
word_0082.nii.gz,7,esophagus,6847,3649,1324,901,973,53.293413,19.336936,13.159048,14.210603
word_0082.nii.gz,8,pancreas,16326,9525,3249,852,2700,58.342521,19.900772,5.21867,16.538037
word_0082.nii.gz,9,duodenum,34598,0,14795,5019,14784,0.0,42.762587,14.506619,42.730794
word_0082.nii.gz,10,colon,122566,0,80070,15489,27007,0.0,65.328068,12.637273,22.034659
word_0082.nii.gz,11,intestine,268348,0,195630,35581,37137,0.0,72.901605,13.259275,13.839119
word_0082.nii.gz,12,adrenal,3127,1038,1223,252,614,33.194755,39.110969,8.058842,19.635433
word_0082.nii.gz,13,rectum,28246,0,16508,3949,7789,0.0,58.443673,13.980741,27.575586
word_0082.nii.gz,14,bladder,95726,0,87638,2749,5339,0.0,91.550885,2.871738,5.577377
word_0082.nii.gz,15,head_of_femur_left,37711,0,8488,25479,3744,0.0,22.508022,67.563841,9.928138
word_0082.nii.gz,16,head_of_femur_right,37956,0,31903,2568,3485,0.0,84.052587,6.765729,9.181684
word_0084.nii.gz,1,liver,482377,439843,11717,7747,23070,91.182415,2.429013,1.606005,4.782566
word_0084.nii.gz,2,spleen,68882,59895,2220,1344,5423,86.95305,3.222903,1.951163,7.872884
word_0084.nii.gz,3,left_kidney,70233,58791,5884,1268,4290,83.708513,8.377828,1.805419,6.10824
word_0084.nii.gz,4,right_kidney,65997,52692,8315,1811,3179,79.839993,12.599058,2.744064,4.816886
word_0084.nii.gz,5,stomach,222458,177142,13176,7101,25039,79.629413,5.922916,3.192063,11.255608
word_0084.nii.gz,6,gallbladder,9565,6986,693,349,1537,73.037114,7.245165,3.648719,16.069002
word_0084.nii.gz,7,esophagus,3926,2657,537,176,556,67.677025,13.678044,4.482934,14.161997
word_0084.nii.gz,8,pancreas,39039,16534,13180,2291,7034,42.352519,33.761111,5.86849,18.01788
word_0084.nii.gz,9,duodenum,62210,0,19810,3562,38838,0.0,31.843755,5.725768,62.430477
word_0084.nii.gz,10,colon,143104,0,110721,10063,22320,0.0,77.371003,7.031949,15.597048
word_0084.nii.gz,11,intestine,355868,0,294517,34353,26998,0.0,82.760181,9.653298,7.586521
word_0084.nii.gz,12,adrenal,8215,2028,1151,450,4586,24.686549,14.010956,5.477785,55.824711
word_0084.nii.gz,13,rectum,25130,0,13036,5076,7018,0.0,51.874254,20.198965,27.926781
word_0084.nii.gz,14,bladder,39801,0,34827,1351,3623,0.0,87.502827,3.394387,9.102786
word_0084.nii.gz,15,head_of_femur_left,58646,0,21771,30377,6498,0.0,37.122736,51.797224,11.08004
word_0084.nii.gz,16,head_of_femur_right,59891,0,51555,3308,5028,0.0,86.081381,5.523367,8.395251
word_0086.nii.gz,1,liver,442512,417688,9323,5137,10364,94.390209,2.106836,1.160872,2.342083
word_0086.nii.gz,2,spleen,63155,58112,1668,1090,2285,92.014884,2.641121,1.725912,3.618082
word_0086.nii.gz,3,left_kidney,49461,43767,3466,844,1384,88.4879,7.007541,1.706395,2.798164
word_0086.nii.gz,4,right_kidney,48464,43784,1753,1354,1573,90.343348,3.617118,2.793826,3.245708
word_0086.nii.gz,5,stomach,117617,37021,64382,6489,9725,31.475892,54.738686,5.51706,8.268363
word_0086.nii.gz,6,gallbladder,3478,2666,372,145,295,76.653249,10.695802,4.169063,8.481886
word_0086.nii.gz,7,esophagus,3455,1275,1005,522,653,36.903039,29.088278,15.108538,18.900145
word_0086.nii.gz,8,pancreas,14072,7900,3189,1073,1910,56.139852,22.662024,7.625071,13.573053
word_0086.nii.gz,9,duodenum,7760,0,6271,679,810,0.0,80.811856,8.75,10.438144
word_0086.nii.gz,10,colon,486250,0,362063,65971,58216,0.0,74.460257,13.567301,11.972442
word_0086.nii.gz,11,intestine,371804,0,257723,67778,46303,0.0,69.316898,18.229497,12.453605
word_0086.nii.gz,12,adrenal,3058,861,1323,279,595,28.155657,43.263571,9.12361,19.457162
word_0086.nii.gz,13,rectum,14290,0,8104,3065,3121,0.0,56.710987,21.448565,21.840448
word_0086.nii.gz,14,bladder,69824,0,65944,1691,2189,0.0,94.443171,2.421803,3.135025
word_0086.nii.gz,15,head_of_femur_left,34949,0,16016,17474,1459,0.0,45.826776,49.998569,4.174654
word_0086.nii.gz,16,head_of_femur_right,35185,0,33657,1108,420,0.0,95.65724,3.149069,1.19369
word_0087.nii.gz,1,liver,357823,333555,8418,5752,10098,93.217876,2.35256,1.607499,2.822066
word_0087.nii.gz,2,spleen,70094,59198,2694,2162,6040,84.45516,3.84341,3.084429,8.617
word_0087.nii.gz,3,left_kidney,46406,38543,3856,1196,2811,83.05607,8.30927,2.577253,6.057406
word_0087.nii.gz,4,right_kidney,48061,8166,35587,1505,2803,16.990907,74.045484,3.131437,5.832172
word_0087.nii.gz,5,stomach,47247,28231,11610,2217,5189,59.751942,24.572989,4.692361,10.982708
word_0087.nii.gz,6,gallbladder,9323,6232,1990,395,706,66.845436,21.345061,4.236834,7.57267
word_0087.nii.gz,7,esophagus,3065,2251,389,183,242,73.442088,12.69168,5.970636,7.895595
word_0087.nii.gz,8,pancreas,24766,15113,4381,1378,3894,61.023177,17.689574,5.56408,15.723169
word_0087.nii.gz,9,duodenum,20842,0,10232,5060,5550,0.0,49.093177,24.2779,26.628922
word_0087.nii.gz,10,colon,406409,0,321415,36422,48572,0.0,79.086585,8.961908,11.951507
word_0087.nii.gz,11,intestine,295230,0,200819,67041,27370,0.0,68.021204,22.708058,9.270738
word_0087.nii.gz,12,adrenal,3307,930,1185,340,852,28.122165,35.833081,10.281222,25.763532
word_0087.nii.gz,13,rectum,12573,0,86,10283,2204,0.0,0.684005,81.786368,17.529627
word_0087.nii.gz,14,bladder,55819,0,52946,1069,1804,0.0,94.853007,1.915119,3.231874
word_0087.nii.gz,15,head_of_femur_left,36171,0,10207,22482,3482,0.0,28.218739,62.154765,9.626496
word_0087.nii.gz,16,head_of_femur_right,37450,0,32215,3142,2093,0.0,86.021362,8.389853,5.588785
word_0089.nii.gz,1,liver,436564,399850,11630,7028,18056,91.590236,2.663985,1.609844,4.135934
word_0089.nii.gz,2,spleen,49476,44809,1558,1070,2039,90.567144,3.149002,2.162665,4.12119
word_0089.nii.gz,3,left_kidney,53887,47750,1682,807,3648,88.611353,3.121347,1.497578,6.769722
word_0089.nii.gz,4,right_kidney,55468,49074,1764,1576,3054,88.472633,3.180212,2.841278,5.505877
word_0089.nii.gz,5,stomach,144823,101993,28904,4396,9530,70.425968,19.958156,3.035429,6.580446
word_0089.nii.gz,6,gallbladder,17911,14531,898,665,1817,81.128915,5.013679,3.712802,10.144604
word_0089.nii.gz,7,esophagus,5046,3359,321,329,1037,66.567578,6.361474,6.520016,20.550931
word_0089.nii.gz,8,pancreas,31368,17014,7407,1451,5496,54.23999,23.613236,4.625733,17.521041
word_0089.nii.gz,9,duodenum,25513,0,18709,2409,4395,0.0,73.331243,9.442245,17.226512
word_0089.nii.gz,10,colon,619700,0,462446,70511,86743,0.0,74.624173,11.378248,13.997579
word_0089.nii.gz,11,intestine,447585,0,294308,98206,55071,0.0,65.754661,21.941307,12.304032
word_0089.nii.gz,12,adrenal,3800,1651,527,338,1284,43.447368,13.868421,8.894737,33.789474
word_0089.nii.gz,13,rectum,26155,0,8239,8959,8957,0.0,31.500669,34.253489,34.245842
word_0089.nii.gz,14,bladder,106286,0,95174,3699,7413,0.0,89.545189,3.480233,6.974578
word_0089.nii.gz,15,head_of_femur_left,34449,0,12206,18374,3869,0.0,35.432088,53.336817,11.231095
word_0089.nii.gz,16,head_of_femur_right,40402,0,36809,1629,1964,0.0,91.106876,4.031979,4.861145
word_0090.nii.gz,1,liver,257729,234621,8952,4139,10017,91.033993,3.473416,1.60595,3.886641
word_0090.nii.gz,2,spleen,24390,21143,1089,563,1595,86.687167,4.464945,2.308323,6.539565
word_0090.nii.gz,3,left_kidney,43044,33790,5149,1091,3014,78.501069,11.962178,2.534616,7.002137
word_0090.nii.gz,4,right_kidney,29578,23983,3091,1225,1279,81.083914,10.450335,4.141592,4.32416
word_0090.nii.gz,5,stomach,101544,29127,59044,4628,8745,28.684117,58.146222,4.55763,8.61203
word_0090.nii.gz,6,gallbladder,2478,1700,348,98,332,68.603713,14.043584,3.954802,13.397902
word_0090.nii.gz,7,esophagus,3642,1914,1373,116,239,52.553542,37.699066,3.185063,6.562328
word_0090.nii.gz,8,pancreas,27737,10856,8596,4037,4248,39.139056,30.991095,14.554566,15.315283
word_0090.nii.gz,9,duodenum,24569,0,14760,3310,6499,0.0,60.075705,13.472262,26.452033
word_0090.nii.gz,10,colon,208832,0,161269,18422,29141,0.0,77.224276,8.821445,13.954279
word_0090.nii.gz,11,intestine,302710,0,242040,28560,32110,0.0,79.957715,9.434773,10.607512
word_0090.nii.gz,12,adrenal,5288,994,897,514,2883,18.797277,16.962935,9.720121,54.519667
word_0090.nii.gz,13,rectum,35115,0,16612,6390,12113,0.0,47.307418,18.197352,34.49523
word_0090.nii.gz,14,bladder,151941,0,137906,6050,7985,0.0,90.762862,3.981809,5.255329
word_0090.nii.gz,15,head_of_femur_left,54802,0,22355,26714,5733,0.0,40.792307,48.746396,10.461297
word_0090.nii.gz,16,head_of_femur_right,54014,0,46444,3638,3932,0.0,85.985115,6.735291,7.279594
word_0091.nii.gz,1,liver,518184,485183,13288,6714,12999,93.631413,2.56434,1.295679,2.508568
word_0091.nii.gz,2,spleen,53994,47690,2085,1260,2959,88.324629,3.86154,2.333593,5.480239
word_0091.nii.gz,3,left_kidney,69387,57578,5972,1855,3982,82.980962,8.6068,2.673411,5.738827
word_0091.nii.gz,4,right_kidney,58768,36081,18633,1860,2194,61.395658,31.70603,3.164988,3.733324
word_0091.nii.gz,5,stomach,161724,98921,47666,4874,10263,61.166555,29.473671,3.013777,6.345997
word_0091.nii.gz,6,gallbladder,2829,758,1526,266,279,26.79392,53.941322,9.402616,9.862142
word_0091.nii.gz,7,esophagus,3696,2368,841,291,196,64.069264,22.754329,7.873377,5.30303
word_0091.nii.gz,8,pancreas,29115,17066,7416,2033,2600,58.615834,25.471406,6.982655,8.930105
word_0091.nii.gz,9,duodenum,25338,0,16969,2675,5694,0.0,66.970558,10.557266,22.472176
word_0091.nii.gz,10,colon,166541,0,134338,18610,13593,0.0,80.66362,11.174426,8.161954
word_0091.nii.gz,11,intestine,316544,0,221346,59245,35953,0.0,69.925824,18.716197,11.357979
word_0091.nii.gz,12,adrenal,2248,953,568,197,530,42.393238,25.266904,8.763345,23.576512
word_0091.nii.gz,13,rectum,9884,0,3970,1889,4025,0.0,40.165925,19.111696,40.72238
word_0091.nii.gz,14,bladder,46362,0,39310,4249,2803,0.0,84.789267,9.164833,6.0459
word_0091.nii.gz,15,head_of_femur_left,67629,0,25321,37265,5043,0.0,37.441039,55.102101,7.45686
word_0091.nii.gz,16,head_of_femur_right,66468,0,59085,5007,2376,0.0,88.892399,7.532948,3.574652
word_0093.nii.gz,1,liver,500814,451352,14599,9370,25493,90.123679,2.915054,1.870954,5.090313
word_0093.nii.gz,2,spleen,30309,24066,1721,913,3609,79.402158,5.678181,3.012307,11.907354
word_0093.nii.gz,3,left_kidney,62666,55321,2970,1231,3144,88.279131,4.739412,1.964383,5.017075
word_0093.nii.gz,4,right_kidney,54819,48976,2563,1294,1986,89.341287,4.675386,2.360495,3.622832
word_0093.nii.gz,5,stomach,118101,46909,63414,2563,5215,39.719393,53.694719,2.170176,4.415712
word_0093.nii.gz,6,gallbladder,2152,0,650,469,1033,0.0,30.204461,21.79368,48.001859
word_0093.nii.gz,7,esophagus,4675,2429,865,517,864,51.957219,18.502674,11.058824,18.481283
word_0093.nii.gz,8,pancreas,21335,10883,6879,1180,2393,51.010077,32.242794,5.530818,11.216311
word_0093.nii.gz,9,duodenum,24253,0,12627,2132,9494,0.0,52.063662,8.790665,39.145673
word_0093.nii.gz,10,colon,152545,0,103874,18507,30164,0.0,68.094005,12.132158,19.773837
word_0093.nii.gz,11,intestine,302124,0,223009,44668,34447,0.0,73.813732,14.784658,11.40161
word_0093.nii.gz,12,adrenal,3448,947,1448,337,716,27.465197,41.99536,9.773782,20.765661
word_0093.nii.gz,13,rectum,19263,0,14657,3168,1438,0.0,76.088875,16.446036,7.465089
word_0093.nii.gz,14,bladder,92476,0,85775,2625,4076,0.0,92.753796,2.838574,4.40763
word_0093.nii.gz,15,head_of_femur_left,36482,0,17549,16674,2259,0.0,48.103174,45.704731,6.192095
word_0093.nii.gz,16,head_of_femur_right,35873,0,33314,1632,927,0.0,92.866501,4.549383,2.584116
word_0094.nii.gz,1,liver,476165,399595,29898,9354,37318,83.91944,6.278916,1.964445,7.837199
word_0094.nii.gz,2,spleen,100707,84471,7739,2482,6015,83.877983,7.684669,2.464575,5.972772
word_0094.nii.gz,3,left_kidney,48969,28786,14686,2708,2789,58.784129,29.990402,5.530029,5.69544
word_0094.nii.gz,4,right_kidney,39634,35189,1819,853,1773,88.784882,4.589494,2.152193,4.473432
word_0094.nii.gz,5,stomach,159733,27995,81086,30672,19980,17.526122,50.763462,19.202043,12.508373
word_0094.nii.gz,6,gallbladder,300,0,52,32,216,0.0,17.333333,10.666667,72.0
word_0094.nii.gz,7,esophagus,4710,2236,1231,527,716,47.473461,26.135881,11.18896,15.201699
word_0094.nii.gz,8,pancreas,44187,2028,32387,4702,5070,4.589585,73.295313,10.641139,11.473963
word_0094.nii.gz,9,duodenum,19768,0,8728,6081,4959,0.0,44.152165,30.761837,25.085998
word_0094.nii.gz,10,colon,138986,0,24435,33460,81091,0.0,17.580907,24.074367,58.344725
word_0094.nii.gz,11,intestine,215267,0,145294,37031,32942,0.0,67.494786,17.202358,15.302856
word_0094.nii.gz,12,adrenal,1741,212,913,226,390,12.17691,52.441126,12.981045,22.400919
word_0094.nii.gz,13,rectum,20544,0,624,6682,13238,0.0,3.037383,32.525312,64.437305
word_0094.nii.gz,14,bladder,21084,0,19808,836,440,0.0,93.948017,3.965092,2.086891
word_0094.nii.gz,15,head_of_femur_left,50534,0,21256,24236,5042,0.0,42.06277,47.959789,9.977441
word_0094.nii.gz,16,head_of_femur_right,51794,0,44397,3738,3659,0.0,85.718423,7.217052,7.064525
word_0095.nii.gz,1,liver,415347,264200,120052,17212,13883,63.609464,28.904025,4.144005,3.342506
word_0095.nii.gz,2,spleen,150346,29207,112087,4055,4997,19.426523,74.552698,2.697112,3.323667
word_0095.nii.gz,3,left_kidney,42392,1594,35811,2575,2412,3.760143,84.475844,6.074259,5.689753
word_0095.nii.gz,4,right_kidney,43731,21184,17302,2007,3238,48.441609,39.564611,4.589422,7.404358
word_0095.nii.gz,5,stomach,251436,10324,199856,17814,23442,4.106015,79.485833,7.084904,9.323247
word_0095.nii.gz,6,gallbladder,2816,748,1121,381,566,26.5625,39.808239,13.52983,20.099432
word_0095.nii.gz,7,esophagus,1808,1182,330,103,193,65.376106,18.252212,5.696903,10.674779
word_0095.nii.gz,8,pancreas,38072,0,25375,3765,8932,0.0,66.650032,9.889157,23.460811
word_0095.nii.gz,9,duodenum,30008,0,18307,5809,5892,0.0,61.007065,19.358171,19.634764
word_0095.nii.gz,10,colon,104325,0,68938,15454,19933,0.0,66.080038,14.813324,19.106638
word_0095.nii.gz,11,intestine,398893,0,300517,45622,52754,0.0,75.337747,11.437152,13.2251
word_0095.nii.gz,12,adrenal,3532,743,1288,392,1109,21.03624,36.466591,11.098528,31.398641
word_0095.nii.gz,13,rectum,31685,0,21159,7960,2566,0.0,66.779233,25.122298,8.098469
word_0095.nii.gz,14,bladder,30819,0,24810,2451,3558,0.0,80.502288,7.952886,11.544826
word_0095.nii.gz,15,head_of_femur_left,61006,0,33293,21312,6401,0.0,54.573321,34.934269,10.492411
word_0095.nii.gz,16,head_of_femur_right,57705,0,47381,4833,5491,0.0,82.109003,8.375357,9.51564
word_0096.nii.gz,1,liver,422863,396231,11053,5215,10364,93.701979,2.613849,1.23326,2.450912
word_0096.nii.gz,2,spleen,41959,37251,1696,963,2049,88.779523,4.042041,2.295098,4.883338
word_0096.nii.gz,3,left_kidney,47484,36681,8907,1055,841,77.249179,18.757897,2.221801,1.771123
word_0096.nii.gz,4,right_kidney,43572,40498,1775,674,625,92.945011,4.073717,1.546865,1.434407
word_0096.nii.gz,5,stomach,97850,57809,32734,2374,4933,59.079203,33.453245,2.426162,5.04139
word_0096.nii.gz,6,gallbladder,3046,2657,248,71,70,87.229153,8.141825,2.330926,2.298096
word_0096.nii.gz,7,esophagus,5831,3503,911,468,949,60.075459,15.623392,8.026068,16.275081
word_0096.nii.gz,8,pancreas,23026,14237,5177,1149,2463,61.830105,22.48328,4.990011,10.696604
word_0096.nii.gz,9,duodenum,17459,0,14015,1468,1976,0.0,80.273784,8.408271,11.317945
word_0096.nii.gz,10,colon,113253,0,98207,7883,7163,0.0,86.714701,6.960522,6.324777
word_0096.nii.gz,11,intestine,217796,0,197676,11204,8916,0.0,90.761997,5.144263,4.093739
word_0096.nii.gz,12,adrenal,2715,1136,426,173,980,41.841621,15.690608,6.372007,36.095764
word_0096.nii.gz,13,rectum,15367,0,9572,4598,1197,0.0,62.289321,29.92126,7.789419
word_0096.nii.gz,14,bladder,19939,0,18524,530,885,0.0,92.903355,2.658107,4.438538
word_0096.nii.gz,15,head_of_femur_left,53693,0,22132,28180,3381,0.0,41.219526,52.483564,6.29691
word_0096.nii.gz,16,head_of_femur_right,51598,0,47989,2023,1586,0.0,93.005543,3.920695,3.073763
word_0100.nii.gz,1,liver,374164,351147,8778,5165,9074,93.848419,2.34603,1.380411,2.42514
word_0100.nii.gz,2,spleen,43105,39773,1060,707,1565,92.270038,2.459111,1.640181,3.630669
word_0100.nii.gz,3,left_kidney,57776,52092,3516,717,1451,90.162005,6.085572,1.241,2.511423
word_0100.nii.gz,4,right_kidney,55175,50523,2301,1006,1345,91.568645,4.170367,1.82329,2.437698
word_0100.nii.gz,5,stomach,152469,51984,92014,2618,5853,34.0948,60.349317,1.71707,3.838813
word_0100.nii.gz,6,gallbladder,2333,1569,354,210,200,67.252465,15.173596,9.001286,8.572653
word_0100.nii.gz,7,esophagus,5208,3913,371,230,694,75.134409,7.123656,4.416283,13.325653
word_0100.nii.gz,8,pancreas,14467,9766,1948,650,2103,67.505357,13.465128,4.492984,14.536531
word_0100.nii.gz,9,duodenum,44001,0,30012,4689,9300,0.0,68.207541,10.656576,21.135883
word_0100.nii.gz,10,colon,262081,0,181106,25520,55455,0.0,69.103064,9.737448,21.159489
word_0100.nii.gz,11,intestine,352158,0,285491,38464,28203,0.0,81.069009,10.92237,8.008621
word_0100.nii.gz,12,adrenal,4453,2280,615,403,1155,51.201437,13.810914,9.050079,25.93757
word_0100.nii.gz,13,rectum,14075,0,9507,3021,1547,0.0,67.545293,21.463588,10.991119
word_0100.nii.gz,14,bladder,85421,0,79850,2708,2863,0.0,93.478185,3.170181,3.351635
word_0100.nii.gz,15,head_of_femur_left,42337,0,20032,17535,4770,0.0,47.315587,41.417672,11.266741
word_0100.nii.gz,16,head_of_femur_right,36373,0,34444,1197,732,0.0,94.696616,3.290903,2.012482
word_0101.nii.gz,1,liver,584369,544985,12114,8706,18564,93.260423,2.073005,1.489812,3.17676
word_0101.nii.gz,2,spleen,104113,91001,3453,2088,7571,87.405992,3.316589,2.005513,7.271906
word_0101.nii.gz,3,left_kidney,89138,68868,11462,3207,5601,77.259979,12.858713,3.597792,6.283515
word_0101.nii.gz,4,right_kidney,78174,66735,5217,1799,4423,85.367258,6.673574,2.301277,5.657891
word_0101.nii.gz,5,stomach,129530,115228,5872,2658,5772,88.958542,4.533313,2.052034,4.456111
word_0101.nii.gz,6,gallbladder,17870,14754,961,616,1539,82.562955,5.377728,3.447118,8.612199
word_0101.nii.gz,7,esophagus,3093,1753,589,210,541,56.676366,19.043,6.789525,17.491109
word_0101.nii.gz,8,pancreas,27172,15969,6753,1432,3018,58.770057,24.85279,5.270131,11.107022
word_0101.nii.gz,9,duodenum,29245,0,19920,4040,5285,0.0,68.114208,13.814327,18.071465
word_0101.nii.gz,10,colon,291114,0,226659,35308,29147,0.0,77.859189,12.128582,10.012229
word_0101.nii.gz,11,intestine,484244,0,358996,65267,59981,0.0,74.135353,13.478123,12.386524
word_0101.nii.gz,12,adrenal,4511,1085,1524,490,1412,24.052317,33.784083,10.862337,31.301264
word_0101.nii.gz,13,rectum,22276,0,14316,3271,4689,0.0,64.266475,14.683965,21.04956
word_0101.nii.gz,14,bladder,182914,0,158978,11032,12904,0.0,86.914069,6.03125,7.054681
word_0101.nii.gz,15,head_of_femur_left,54075,0,17996,28995,7084,0.0,33.279704,53.619972,13.100324
word_0101.nii.gz,16,head_of_femur_right,54414,0,45518,3347,5549,0.0,83.651266,6.150991,10.197743
word_0102.nii.gz,1,liver,430423,400876,11081,6282,12184,93.135358,2.574444,1.459494,2.830704
word_0102.nii.gz,2,spleen,47675,43551,1642,931,1551,91.349764,3.444153,1.952805,3.253277
word_0102.nii.gz,3,left_kidney,46031,24855,17310,2430,1436,53.99622,37.605092,5.279051,3.119637
word_0102.nii.gz,4,right_kidney,44653,40312,2792,961,588,90.278369,6.252659,2.152151,1.316821
word_0102.nii.gz,5,stomach,74015,43247,12350,9593,8825,58.430048,16.685807,12.960886,11.923259
word_0102.nii.gz,6,gallbladder,9628,5535,1345,1230,1518,57.488575,13.969672,12.775239,15.766514
word_0102.nii.gz,7,esophagus,8383,988,2446,1270,3679,11.785757,29.178099,15.149708,43.886437
word_0102.nii.gz,8,pancreas,20242,13303,3275,1898,1766,65.719791,16.179231,9.376544,8.724434
word_0102.nii.gz,9,duodenum,32758,0,24695,2998,5065,0.0,75.386165,9.151963,15.461872
word_0102.nii.gz,10,colon,131848,0,87973,17830,26045,0.0,66.723045,13.523148,19.753807
word_0102.nii.gz,11,intestine,381904,0,246857,74199,60848,0.0,64.638496,19.428705,15.9328
word_0102.nii.gz,12,adrenal,1643,599,506,137,401,36.457699,30.797322,8.338405,24.406573
word_0102.nii.gz,13,rectum,17065,0,6216,5502,5347,0.0,36.425432,32.24143,31.333138
word_0102.nii.gz,14,bladder,200511,0,190356,4401,5754,0.0,94.93544,2.194892,2.869668
word_0102.nii.gz,15,head_of_femur_left,43657,0,14097,25557,4003,0.0,32.290354,58.54044,9.169205
word_0102.nii.gz,16,head_of_femur_right,44960,0,37591,3205,4164,0.0,83.609875,7.128559,9.261566
word_0104.nii.gz,1,liver,416835,357473,34927,6430,18005,85.758873,8.379095,1.542577,4.319455
word_0104.nii.gz,2,spleen,62138,47610,8841,1899,3788,76.619782,14.228009,3.056101,6.096109
word_0104.nii.gz,3,left_kidney,63894,35341,23329,1709,3515,55.311923,36.512036,2.674743,5.501299
word_0104.nii.gz,4,right_kidney,49616,44579,1957,1306,1774,89.848033,3.944292,2.632215,3.57546
word_0104.nii.gz,5,stomach,172681,27603,106273,20680,18125,15.984966,61.542961,11.97584,10.496233
word_0104.nii.gz,6,gallbladder,3783,1974,387,347,1075,52.180809,10.229976,9.172614,28.416601
word_0104.nii.gz,7,esophagus,6994,2373,1680,1023,1918,33.929082,24.020589,14.626823,27.423506
word_0104.nii.gz,8,pancreas,32663,6599,14961,3505,7598,20.203288,45.804121,10.730796,23.261795
word_0104.nii.gz,9,duodenum,7612,0,3010,2620,1982,0.0,39.542827,34.419338,26.037835
word_0104.nii.gz,10,colon,154331,0,55825,21557,76949,0.0,36.172253,13.96803,49.859717
word_0104.nii.gz,11,intestine,106389,0,86510,10143,9736,0.0,81.314798,9.53388,9.151322
word_0104.nii.gz,12,adrenal,2235,746,575,205,709,33.378076,25.727069,9.17226,31.722595
word_0104.nii.gz,13,rectum,8736,0,5796,986,1954,0.0,66.346154,11.28663,22.367216
word_0104.nii.gz,14,bladder,17338,0,14660,1347,1331,0.0,84.554158,7.769062,7.676779
word_0104.nii.gz,15,head_of_femur_left,36011,0,12633,20250,3128,0.0,35.080947,56.232818,8.686235
word_0104.nii.gz,16,head_of_femur_right,37118,0,34139,1559,1420,0.0,91.974244,4.200119,3.825637
word_0105.nii.gz,1,liver,436405,378638,14122,9694,33951,86.762984,3.235985,2.221331,7.7797
word_0105.nii.gz,2,spleen,44248,34975,1656,1484,6133,79.043121,3.742542,3.353824,13.860513
word_0105.nii.gz,3,left_kidney,51781,42633,3427,931,4790,82.333288,6.618258,1.797957,9.250497
word_0105.nii.gz,4,right_kidney,51880,42229,3784,1439,4428,81.397456,7.293755,2.773709,8.535081
word_0105.nii.gz,5,stomach,125204,45116,32233,9607,38248,36.033993,25.744385,7.673078,30.548545
word_0105.nii.gz,6,gallbladder,3788,2060,816,304,608,54.38226,21.541711,8.025343,16.050686
word_0105.nii.gz,7,esophagus,15193,3495,5463,2828,3407,23.004015,35.957349,18.613835,22.424801
word_0105.nii.gz,8,pancreas,25220,10398,7827,1562,5433,41.229183,31.034893,6.193497,21.542427
word_0105.nii.gz,9,duodenum,21846,0,12780,1367,7699,0.0,58.500412,6.257438,35.24215
word_0105.nii.gz,10,colon,540282,0,217284,113788,209210,0.0,40.216776,21.060853,38.722371
word_0105.nii.gz,11,intestine,358788,0,255033,47212,56543,0.0,71.081809,13.158746,15.759446
word_0105.nii.gz,12,adrenal,2743,1096,603,267,777,39.956252,21.98323,9.733868,28.32665
word_0105.nii.gz,13,rectum,40938,0,24443,7552,8943,0.0,59.707362,18.447408,21.845229
word_0105.nii.gz,14,bladder,116622,0,106683,2510,7429,0.0,91.477594,2.152253,6.370153
word_0105.nii.gz,15,head_of_femur_left,43697,0,15915,21074,6708,0.0,36.421265,48.227567,15.351168
word_0105.nii.gz,16,head_of_femur_right,44393,0,33179,4858,6356,0.0,74.739261,10.943167,14.317573
word_0106.nii.gz,1,liver,455002,406247,14439,10466,23850,89.284662,3.173393,2.30021,5.241735
word_0106.nii.gz,2,spleen,37710,33076,1292,875,2467,87.711482,3.426147,2.320339,6.542031
word_0106.nii.gz,3,left_kidney,42874,34359,4116,740,3659,80.139478,9.600224,1.725988,8.53431
word_0106.nii.gz,4,right_kidney,43219,36200,3731,1171,2117,83.759458,8.632777,2.709456,4.898309
word_0106.nii.gz,5,stomach,142934,105066,22123,4972,10773,73.506653,15.477773,3.478529,7.537045
word_0106.nii.gz,6,gallbladder,3200,1976,521,139,564,61.75,16.28125,4.34375,17.625
word_0106.nii.gz,7,esophagus,7859,3371,2085,1034,1369,42.893498,26.530093,13.15689,17.419519
word_0106.nii.gz,8,pancreas,26272,14068,5274,1756,5174,53.547503,20.074604,6.683922,19.693971
word_0106.nii.gz,9,duodenum,25866,0,14942,3983,6941,0.0,57.766953,15.398593,26.834454
word_0106.nii.gz,10,colon,189213,0,113125,33476,42612,0.0,59.787118,17.69223,22.520651
word_0106.nii.gz,11,intestine,227749,0,190839,13834,23076,0.0,83.793562,6.074231,10.132207
word_0106.nii.gz,12,adrenal,6958,1194,1003,638,4123,17.160103,14.415062,9.169302,59.255533
word_0106.nii.gz,13,rectum,28237,0,21254,3272,3711,0.0,75.270036,11.587633,13.142331
word_0106.nii.gz,14,bladder,34154,0,26280,1793,6081,0.0,76.945599,5.249751,17.80465
word_0106.nii.gz,15,head_of_femur_left,38142,0,11244,22363,4535,0.0,29.479314,58.630906,11.88978
word_0106.nii.gz,16,head_of_femur_right,36818,0,30758,2831,3229,0.0,83.540659,7.689174,8.770167
word_0107.nii.gz,1,liver,285476,222566,51083,4913,6914,77.963121,17.893974,1.720985,2.42192
word_0107.nii.gz,2,spleen,46449,41906,1473,925,2145,90.21938,3.17122,1.991431,4.617968
word_0107.nii.gz,3,left_kidney,44321,34507,4915,1372,3527,77.856998,11.089551,3.095598,7.957853
word_0107.nii.gz,4,right_kidney,44633,7577,32700,2166,2190,16.976228,73.264177,4.852912,4.906683
word_0107.nii.gz,5,stomach,65274,48506,8459,3469,4840,74.311364,12.959218,5.31452,7.414897
word_0107.nii.gz,6,gallbladder,843,760,51,20,12,90.154211,6.049822,2.372479,1.423488
word_0107.nii.gz,7,esophagus,2654,2145,242,126,141,80.821402,9.118312,4.747551,5.312735
word_0107.nii.gz,8,pancreas,22237,13095,5532,1355,2255,58.888339,24.877456,6.093448,10.140756
word_0107.nii.gz,9,duodenum,21756,0,13291,3909,4556,0.0,61.091193,17.967457,20.94135
word_0107.nii.gz,10,colon,310565,0,218682,38802,53081,0.0,70.414245,12.494003,17.091752
word_0107.nii.gz,11,intestine,315378,0,260600,32373,22405,0.0,82.631002,10.264825,7.104173
word_0107.nii.gz,12,adrenal,2056,1236,424,181,215,60.116732,20.622568,8.803502,10.457198
word_0107.nii.gz,13,rectum,14248,0,6195,3369,4684,0.0,43.479787,23.645424,32.874789
word_0107.nii.gz,14,bladder,37490,0,35486,868,1136,0.0,94.654575,2.315284,3.030141
word_0107.nii.gz,15,head_of_femur_left,56046,0,26406,25276,4364,0.0,47.11487,45.098669,7.786461
word_0107.nii.gz,16,head_of_femur_right,56316,0,50725,2730,2861,0.0,90.072093,4.847645,5.080261
word_0108.nii.gz,1,liver,657710,604194,33622,8496,11398,91.863283,5.111979,1.291755,1.732983
word_0108.nii.gz,2,spleen,122827,89713,19543,3961,9610,73.04013,15.910997,3.224861,7.824013
word_0108.nii.gz,3,left_kidney,54494,47661,4863,1104,866,87.461005,8.923918,2.025911,1.589166
word_0108.nii.gz,4,right_kidney,56552,52217,3353,549,433,92.334489,5.929056,0.970788,0.765667
word_0108.nii.gz,5,stomach,61499,21133,32403,4766,3197,34.36316,52.688662,7.74972,5.198459
word_0108.nii.gz,6,gallbladder,5935,4159,1380,198,198,70.075821,23.251896,3.336142,3.336142
word_0108.nii.gz,7,esophagus,3488,921,1882,477,208,26.404817,53.956422,13.675459,5.963303
word_0108.nii.gz,8,pancreas,25632,13089,8633,1655,2255,51.065075,33.680556,6.456773,8.797597
word_0108.nii.gz,9,duodenum,15146,0,11518,1598,2030,0.0,76.046481,10.55064,13.402879
word_0108.nii.gz,10,colon,259063,0,195099,35736,28228,0.0,75.309481,13.794328,10.896191
word_0108.nii.gz,11,intestine,363677,0,230826,65829,67022,0.0,63.470057,18.100952,18.428991
word_0108.nii.gz,12,adrenal,3947,893,1771,400,883,22.624778,44.869521,10.134279,22.371421
word_0108.nii.gz,13,rectum,31651,0,16264,8251,7136,0.0,51.385422,26.068687,22.545891
word_0108.nii.gz,14,bladder,228578,0,204692,15716,8170,0.0,89.550175,6.875552,3.574272
word_0108.nii.gz,15,head_of_femur_left,50603,0,7322,37793,5488,0.0,14.469498,74.685295,10.845207
word_0108.nii.gz,16,head_of_femur_right,49805,0,44506,2830,2469,0.0,89.360506,5.68216,4.957334
word_0109.nii.gz,1,liver,416194,359032,14001,9806,33355,86.26554,3.364056,2.356113,8.014291
word_0109.nii.gz,2,spleen,91293,78169,2608,1938,8578,85.624309,2.856736,2.122835,9.39612
word_0109.nii.gz,3,left_kidney,62389,51013,2775,1990,6611,81.766016,4.447899,3.189665,10.596419
word_0109.nii.gz,4,right_kidney,64761,56076,2884,1966,3835,86.589151,4.453298,3.035778,5.921774
word_0109.nii.gz,5,stomach,84872,28559,42650,4740,8923,33.649496,50.252144,5.584881,10.513479
word_0109.nii.gz,6,gallbladder,3698,2822,435,176,265,76.31152,11.763115,4.759329,7.166036
word_0109.nii.gz,7,esophagus,4348,2726,492,301,829,62.695492,11.315547,6.922723,19.066237
word_0109.nii.gz,8,pancreas,46386,11036,22544,3681,9125,23.791661,48.600871,7.935584,19.671884
word_0109.nii.gz,9,duodenum,27871,0,9367,7400,11104,0.0,33.60841,26.550895,39.840695
word_0109.nii.gz,10,colon,233067,0,162852,38532,31683,0.0,69.87347,16.532585,13.593945
word_0109.nii.gz,11,intestine,363578,0,190236,102252,71090,0.0,52.323298,28.123814,19.552888
word_0109.nii.gz,12,adrenal,6844,2833,1353,526,2132,41.393922,19.769141,7.685564,31.151373
word_0109.nii.gz,13,rectum,2147,0,0,312,1835,0.0,0.0,14.531905,85.468095
word_0109.nii.gz,14,bladder,112947,0,99478,5697,7772,0.0,88.074938,5.043959,6.881104
word_0109.nii.gz,15,head_of_femur_left,71321,0,30111,29868,11342,0.0,42.218982,41.878269,15.90275
word_0109.nii.gz,16,head_of_femur_right,72824,0,53984,6546,12294,0.0,74.129408,8.988795,16.881797
word_0111.nii.gz,1,liver,405637,378610,9563,6131,11333,93.337146,2.357527,1.51145,2.793877
word_0111.nii.gz,2,spleen,77184,69783,2485,1555,3361,90.411225,3.219579,2.014666,4.354529
word_0111.nii.gz,3,left_kidney,53209,45017,4541,1100,2551,84.604108,8.534271,2.067319,4.794302
word_0111.nii.gz,4,right_kidney,48283,43997,2311,924,1051,91.12317,4.786364,1.913717,2.17675
word_0111.nii.gz,5,stomach,267878,43223,205057,13183,6415,16.13533,76.548653,4.92127,2.394747
word_0111.nii.gz,6,gallbladder,1673,205,488,372,608,12.253437,29.169157,22.235505,36.341901
word_0111.nii.gz,7,esophagus,10684,4415,3553,1692,1024,41.323474,33.255335,15.836765,9.584425
word_0111.nii.gz,8,pancreas,27593,10724,10216,2487,4166,38.86493,37.023883,9.013156,15.098032
word_0111.nii.gz,9,duodenum,24382,0,9788,4486,10108,0.0,40.144369,18.398819,41.456812
word_0111.nii.gz,10,colon,252067,0,182487,33929,35651,0.0,72.396228,13.46031,14.143462
word_0111.nii.gz,11,intestine,201032,0,169878,17890,13264,0.0,84.502965,8.899081,6.597955
word_0111.nii.gz,12,adrenal,2805,1031,573,254,947,36.755793,20.427807,9.055258,33.761141
word_0111.nii.gz,13,rectum,10976,0,8768,1741,467,0.0,79.883382,15.86188,4.254738
word_0111.nii.gz,14,bladder,47368,0,45244,1091,1033,0.0,95.51596,2.303243,2.180797
word_0111.nii.gz,15,head_of_femur_left,47754,0,17773,27482,2499,0.0,37.217825,57.549106,5.233069
word_0111.nii.gz,16,head_of_femur_right,51336,0,47777,2264,1295,0.0,93.067243,4.410161,2.522596
word_0113.nii.gz,1,liver,626678,587382,14536,9019,15741,93.729475,2.319533,1.439176,2.511816
word_0113.nii.gz,2,spleen,48956,44324,1450,949,2233,90.538443,2.961843,1.938475,4.561239
word_0113.nii.gz,3,left_kidney,62001,54689,3585,846,2881,88.206642,5.782165,1.364494,4.646699
word_0113.nii.gz,4,right_kidney,60487,56691,1726,787,1283,93.724271,2.853506,1.301106,2.121117
word_0113.nii.gz,5,stomach,283540,75243,177639,11775,18883,26.536997,62.65042,4.152853,6.659731
word_0113.nii.gz,6,gallbladder,1845,0,410,575,860,0.0,22.222222,31.165312,46.612466
word_0113.nii.gz,7,esophagus,4534,2343,1112,353,726,51.676224,24.525805,7.78562,16.012351
word_0113.nii.gz,8,pancreas,44582,17934,15433,3257,7958,40.226997,34.61711,7.305639,17.850253
word_0113.nii.gz,9,duodenum,33475,0,24944,5301,3230,0.0,74.51531,15.835698,9.648992
word_0113.nii.gz,10,colon,177660,0,146104,14732,16824,0.0,82.237983,8.292244,9.469774
word_0113.nii.gz,11,intestine,352401,0,300475,30525,21401,0.0,85.265082,8.662007,6.072911
word_0113.nii.gz,12,adrenal,2880,1205,853,181,641,41.840278,29.618056,6.284722,22.256944
word_0113.nii.gz,13,rectum,19495,0,9143,6685,3667,0.0,46.899205,34.290844,18.809951
word_0113.nii.gz,14,bladder,24415,0,17930,2865,3620,0.0,73.43846,11.734589,14.826951
word_0113.nii.gz,15,head_of_femur_left,53879,0,18997,31279,3603,0.0,35.258635,58.054158,6.687207
word_0113.nii.gz,16,head_of_femur_right,54270,0,48918,2255,3097,0.0,90.138198,4.15515,5.706652
word_0114.nii.gz,1,liver,492261,341395,122327,9876,18663,69.352437,24.850029,2.006253,3.791281
word_0114.nii.gz,2,spleen,120166,84812,18762,4908,11684,70.579032,15.613401,4.08435,9.723216
word_0114.nii.gz,3,left_kidney,91053,76772,7195,3466,3620,84.315728,7.901991,3.806574,3.975706
word_0114.nii.gz,4,right_kidney,77163,66935,4106,2632,3490,86.744943,5.321203,3.410961,4.522893
word_0114.nii.gz,5,stomach,193719,44555,110100,14017,25047,22.999809,56.8349,7.235738,12.929553
word_0114.nii.gz,6,gallbladder,2412,0,1123,844,445,0.0,46.558872,34.991708,18.44942
word_0114.nii.gz,7,esophagus,7643,1774,2432,2018,1419,23.210781,31.819966,26.403245,18.566008
word_0114.nii.gz,8,pancreas,31028,3957,15485,6273,5313,12.752997,49.906536,20.217223,17.123244
word_0114.nii.gz,9,duodenum,31290,0,18609,6737,5944,0.0,59.472675,21.530841,18.996484
word_0114.nii.gz,10,colon,429153,0,297983,60045,71125,0.0,69.435143,13.991514,16.573343
word_0114.nii.gz,11,intestine,444914,0,302578,79180,63156,0.0,68.008199,17.796698,14.195103
word_0114.nii.gz,12,adrenal,5481,924,1658,985,1914,16.858238,30.249954,17.971173,34.920635
word_0114.nii.gz,13,rectum,31735,0,24186,5650,1899,0.0,76.212384,17.803687,5.983929
word_0114.nii.gz,14,bladder,48414,0,44018,1868,2528,0.0,90.919982,3.858388,5.22163
word_0114.nii.gz,15,head_of_femur_left,51982,0,33961,14292,3729,0.0,65.33223,27.494133,7.173637
word_0114.nii.gz,16,head_of_femur_right,53798,0,47385,3169,3244,0.0,88.079483,5.890554,6.029964
word_0115.nii.gz,1,liver,411339,363355,24532,7708,15744,88.334683,5.963937,1.87388,3.8275
word_0115.nii.gz,2,spleen,59125,53722,1655,1146,2602,90.861734,2.799154,1.938266,4.400846
word_0115.nii.gz,3,left_kidney,50095,11751,36010,967,1367,23.457431,71.883421,1.930332,2.728815
word_0115.nii.gz,4,right_kidney,46587,42395,2586,904,702,91.001782,5.550905,1.940455,1.506858
word_0115.nii.gz,5,stomach,70008,39842,23942,3199,3025,56.910639,34.198949,4.569478,4.320935
word_0115.nii.gz,6,gallbladder,5072,3908,358,310,496,77.050473,7.05836,6.111987,9.77918
word_0115.nii.gz,7,esophagus,3768,803,1865,596,504,21.31104,49.495754,15.81741,13.375796
word_0115.nii.gz,8,pancreas,31355,11852,13645,2453,3405,37.799394,43.51778,7.823314,10.859512
word_0115.nii.gz,9,duodenum,15254,0,11616,1455,2183,0.0,76.150518,9.538482,14.311
word_0115.nii.gz,10,colon,227386,0,199852,15291,12243,0.0,87.891075,6.724688,5.384236
word_0115.nii.gz,11,intestine,306323,0,242737,37747,25839,0.0,79.242172,12.322614,8.435214
word_0115.nii.gz,12,adrenal,2809,398,1352,311,748,14.168743,48.131007,11.071556,26.628693
word_0115.nii.gz,13,rectum,17545,0,9478,4737,3330,0.0,54.021089,26.999145,18.979766
word_0115.nii.gz,14,bladder,140634,0,133016,4382,3236,0.0,94.583102,3.115889,2.301008
word_0115.nii.gz,15,head_of_femur_left,44764,0,16423,24173,4168,0.0,36.687964,54.000983,9.311054
word_0115.nii.gz,16,head_of_femur_right,44672,0,38910,1965,3797,0.0,87.10154,4.398729,8.499731
word_0116.nii.gz,1,liver,309531,279515,9842,6454,13720,90.302748,3.179649,2.08509,4.432512
word_0116.nii.gz,2,spleen,32174,28264,1322,652,1936,87.84733,4.108908,2.026481,6.017281
word_0116.nii.gz,3,left_kidney,36057,31332,2428,846,1451,86.895748,6.733783,2.346285,4.024184
word_0116.nii.gz,4,right_kidney,33099,31043,959,432,665,93.788332,2.897369,1.305175,2.009124
word_0116.nii.gz,5,stomach,148310,77217,52262,5802,13029,52.064594,35.238352,3.912076,8.784977
word_0116.nii.gz,6,gallbladder,882,0,338,133,411,0.0,38.321995,15.079365,46.598639
word_0116.nii.gz,7,esophagus,3283,2095,433,329,426,63.813585,13.189156,10.021322,12.975937
word_0116.nii.gz,8,pancreas,22741,9376,7047,2128,4190,41.229497,30.988083,9.357548,18.424871
word_0116.nii.gz,9,duodenum,22014,0,12744,2996,6274,0.0,57.890433,13.609521,28.500045
word_0116.nii.gz,10,colon,128504,0,68376,29971,30157,0.0,53.209239,23.323009,23.467752
word_0116.nii.gz,11,intestine,348223,0,279306,34263,34654,0.0,80.208947,9.839385,9.951669
word_0116.nii.gz,12,adrenal,2499,893,430,232,944,35.734294,17.206883,9.283713,37.77511
word_0116.nii.gz,13,rectum,17783,0,13728,2713,1342,0.0,77.197323,15.256144,7.546533
word_0116.nii.gz,14,bladder,47869,0,43894,1978,1997,0.0,91.696087,4.132111,4.171802
word_0116.nii.gz,15,head_of_femur_left,37045,0,13183,20594,3268,0.0,35.586449,55.591848,8.821703
word_0116.nii.gz,16,head_of_femur_right,36587,0,33633,1542,1412,0.0,91.926094,4.214612,3.859294
word_0117.nii.gz,1,liver,581343,525285,25735,9512,20811,90.357156,4.426819,1.636211,3.579814
word_0117.nii.gz,2,spleen,210333,56279,138907,4517,10630,26.757095,66.041468,2.147547,5.053891
word_0117.nii.gz,3,left_kidney,51671,20287,27802,1601,1981,39.261868,53.80581,3.09845,3.833872
word_0117.nii.gz,4,right_kidney,49217,43864,2986,1176,1191,89.123677,6.067009,2.389418,2.419896
word_0117.nii.gz,5,stomach,159587,71788,65749,9523,12527,44.983614,41.199471,5.967278,7.849637
word_0117.nii.gz,6,gallbladder,7954,6444,670,398,442,81.015841,8.423435,5.003772,5.556952
word_0117.nii.gz,7,esophagus,3487,1556,1011,344,576,44.622885,28.993404,9.865214,16.518497
word_0117.nii.gz,8,pancreas,34802,11162,15382,3695,4563,32.072869,44.198609,10.617206,13.111315
word_0117.nii.gz,9,duodenum,25607,0,18447,3041,4119,0.0,72.038896,11.875659,16.085445
word_0117.nii.gz,10,colon,305506,0,228920,41218,35368,0.0,74.931425,13.491715,11.576859
word_0117.nii.gz,11,intestine,437259,0,316706,68901,51652,0.0,72.429841,15.75748,11.812679
word_0117.nii.gz,12,adrenal,3404,1222,743,318,1121,35.898942,21.827262,9.341951,32.931845
word_0117.nii.gz,13,rectum,20225,0,17326,2035,864,0.0,85.666255,10.061805,4.271941
word_0117.nii.gz,14,bladder,53574,0,48822,2286,2466,0.0,91.130026,4.266995,4.602979
word_0117.nii.gz,15,head_of_femur_left,56747,0,28027,25870,2850,0.0,49.389395,45.588313,5.022292
word_0117.nii.gz,16,head_of_femur_right,53355,0,50466,1959,930,0.0,94.585325,3.671633,1.743042
word_0118.nii.gz,1,liver,410960,325727,43003,17636,24594,79.260025,10.464035,4.291415,5.984524
word_0118.nii.gz,2,spleen,37114,31544,1579,947,3044,84.992186,4.254459,2.551598,8.201757
word_0118.nii.gz,3,left_kidney,57612,48601,4304,1044,3663,84.359161,7.470666,1.812122,6.35805
word_0118.nii.gz,4,right_kidney,58041,44605,9495,1558,2383,76.850847,16.359125,2.684309,4.105718
word_0118.nii.gz,5,stomach,66433,50529,7501,2652,5751,76.060091,11.291075,3.991992,8.656842
word_0118.nii.gz,6,gallbladder,11033,8002,938,518,1575,72.527871,8.501767,4.695006,14.275356
word_0118.nii.gz,7,esophagus,6330,2596,1685,896,1153,41.011058,26.619273,14.154818,18.21485
word_0118.nii.gz,8,pancreas,24437,4114,14791,1666,3866,16.835127,60.52707,6.817531,15.820273
word_0118.nii.gz,9,duodenum,30848,0,19325,3070,8453,0.0,62.645877,9.952023,27.402101
word_0118.nii.gz,10,colon,331370,0,225100,48953,57317,0.0,67.930108,14.772912,17.296979
word_0118.nii.gz,11,intestine,230662,0,183227,26072,21363,0.0,79.435278,11.303119,9.261604
word_0118.nii.gz,12,adrenal,4505,1577,1126,462,1340,35.005549,24.994451,10.255272,29.744728
word_0118.nii.gz,13,rectum,24432,0,15318,4611,4503,0.0,62.696464,18.87279,18.430747
word_0118.nii.gz,14,bladder,127705,0,115406,4582,7717,0.0,90.36921,3.587957,6.042833
word_0118.nii.gz,15,head_of_femur_left,49742,0,26510,20390,2842,0.0,53.295002,40.991516,5.713482
word_0118.nii.gz,16,head_of_femur_right,50827,0,46119,2573,2135,0.0,90.737207,5.06227,4.200523
word_0119.nii.gz,1,liver,363146,337309,8441,5310,12086,92.885231,2.324409,1.462222,3.328138
word_0119.nii.gz,2,spleen,60523,53572,2006,1156,3789,88.51511,3.314442,1.910018,6.26043
word_0119.nii.gz,3,left_kidney,59060,49198,4278,1180,4404,83.301727,7.243481,1.997968,7.456824
word_0119.nii.gz,4,right_kidney,57284,48188,4899,1257,2940,84.121221,8.552126,2.19433,5.132323
word_0119.nii.gz,5,stomach,161791,92624,44008,5833,19326,57.249167,27.200524,3.605269,11.94504
word_0119.nii.gz,6,gallbladder,2155,1416,281,133,325,65.707657,13.039443,6.171694,15.081206
word_0119.nii.gz,7,esophagus,1778,1147,176,170,285,64.510686,9.898763,9.561305,16.029246
word_0119.nii.gz,8,pancreas,35758,19016,8213,2566,5963,53.179708,22.968287,7.176017,16.675989
word_0119.nii.gz,9,duodenum,30724,0,21454,4559,4711,0.0,69.828147,14.838563,15.33329
word_0119.nii.gz,10,colon,353589,0,269145,41746,42698,0.0,76.118035,11.806363,12.075602
word_0119.nii.gz,11,intestine,375078,0,297687,31009,46382,0.0,79.366692,8.267347,12.365961
word_0119.nii.gz,12,adrenal,5448,1551,1033,533,2331,28.469163,18.961087,9.783407,42.786344
word_0119.nii.gz,13,rectum,14430,0,8481,4961,988,0.0,58.773389,34.379764,6.846847
word_0119.nii.gz,14,bladder,70765,0,67647,1493,1625,0.0,95.593867,2.1098,2.296333
word_0119.nii.gz,15,head_of_femur_left,39724,0,11392,24915,3417,0.0,28.677877,62.72027,8.601853
word_0119.nii.gz,16,head_of_femur_right,40791,0,35439,2460,2892,0.0,86.879459,6.030742,7.089799
word_0121.nii.gz,1,liver,529405,436557,36887,15061,40900,82.46182,6.967633,2.844892,7.725654
word_0121.nii.gz,2,spleen,108182,89937,5409,2914,9922,83.134902,4.999908,2.693609,9.171581
word_0121.nii.gz,3,left_kidney,72536,61726,4767,1876,4167,85.097055,6.571909,2.586302,5.744734
word_0121.nii.gz,4,right_kidney,57395,51431,2013,1289,2662,89.608851,3.507274,2.24584,4.638035
word_0121.nii.gz,5,stomach,173479,27542,125806,11399,8732,15.876273,72.51944,6.570824,5.033462
word_0121.nii.gz,6,gallbladder,1282,43,566,256,417,3.354134,44.149766,19.968799,32.527301
word_0121.nii.gz,7,esophagus,2993,1515,656,329,493,50.618109,21.917808,10.992315,16.471767
word_0121.nii.gz,8,pancreas,45768,14409,16227,4667,10465,31.482695,35.454903,10.197081,22.865321
word_0121.nii.gz,9,duodenum,27452,0,13419,2801,11232,0.0,48.881684,10.203264,40.915052
word_0121.nii.gz,10,colon,111295,0,42700,27205,41390,0.0,38.366503,24.444045,37.189451
word_0121.nii.gz,11,intestine,308415,0,230275,29123,49017,0.0,74.664008,9.442796,15.893196
word_0121.nii.gz,12,adrenal,1723,565,425,226,507,32.791642,24.66628,13.116657,29.425421
word_0121.nii.gz,13,rectum,26373,0,15244,4291,6838,0.0,57.801539,16.270428,25.928032
word_0121.nii.gz,14,bladder,26252,0,22656,1508,2088,0.0,86.301996,5.744324,7.95368
word_0121.nii.gz,15,head_of_femur_left,60418,0,17649,32930,9839,0.0,29.211493,54.503625,16.284882
word_0121.nii.gz,16,head_of_femur_right,64801,0,48873,5853,10075,0.0,75.420132,9.032268,15.5476
word_0122.nii.gz,1,liver,438443,398394,11656,8185,20208,90.865631,2.658498,1.866833,4.609037
word_0122.nii.gz,2,spleen,65258,58159,2201,1356,3542,89.12164,3.372767,2.077906,5.427687
word_0122.nii.gz,3,left_kidney,55363,48433,3467,900,2563,87.482615,6.262305,1.625634,4.629446
word_0122.nii.gz,4,right_kidney,50711,44770,3032,1156,1753,88.284593,5.978979,2.279584,3.456844
word_0122.nii.gz,5,stomach,188022,155314,12113,4215,16380,82.604163,6.442331,2.241759,8.711746
word_0122.nii.gz,6,gallbladder,5791,4120,437,318,916,71.14488,7.546192,5.49128,15.817648
word_0122.nii.gz,7,esophagus,4856,1203,2377,545,731,24.773476,48.949753,11.223229,15.053542
word_0122.nii.gz,8,pancreas,39421,20086,10882,2525,5928,50.952538,27.604576,6.405215,15.03767
word_0122.nii.gz,9,duodenum,27913,0,15228,8110,4575,0.0,54.555225,29.054562,16.390212
word_0122.nii.gz,10,colon,172302,0,149450,12585,10267,0.0,86.73724,7.304036,5.958724
word_0122.nii.gz,11,intestine,300762,0,212088,57235,31439,0.0,70.516887,19.029997,10.453116
word_0122.nii.gz,12,adrenal,5476,2490,1138,381,1467,45.471147,20.781592,6.957633,26.789627
word_0122.nii.gz,13,rectum,15488,0,9667,3677,2144,0.0,62.416064,23.740961,13.842975
word_0122.nii.gz,14,bladder,43472,0,38756,1672,3044,0.0,89.151638,3.846154,7.002208
word_0122.nii.gz,15,head_of_femur_left,63073,0,31985,23267,7821,0.0,50.711081,36.889002,12.399918
word_0122.nii.gz,16,head_of_femur_right,60854,0,52637,3801,4416,0.0,86.49719,6.246097,7.256713
word_0123.nii.gz,1,liver,583147,540262,16644,8721,17520,92.645937,2.854169,1.495506,3.004388
word_0123.nii.gz,2,spleen,109050,95801,3685,2120,7444,87.850527,3.379184,1.944062,6.826227
word_0123.nii.gz,3,left_kidney,61828,54801,4258,1043,1726,88.634599,6.886847,1.686938,2.791615
word_0123.nii.gz,4,right_kidney,52687,48356,2289,944,1098,91.779756,4.344525,1.791713,2.084006
word_0123.nii.gz,5,stomach,250305,165384,69551,7192,8178,66.072991,27.7865,2.873295,3.267214
word_0123.nii.gz,6,gallbladder,1064,0,766,123,175,0.0,71.992481,11.56015,16.447368
word_0123.nii.gz,7,esophagus,3696,3059,337,96,204,82.765152,9.117965,2.597403,5.519481
word_0123.nii.gz,8,pancreas,40893,26307,9898,1608,3080,64.331304,24.204632,3.932213,7.531851
word_0123.nii.gz,9,duodenum,33181,0,14268,14386,4527,0.0,43.000512,43.356138,13.64335
word_0123.nii.gz,10,colon,262650,0,232498,18267,11885,0.0,88.520084,6.954883,4.525033
word_0123.nii.gz,11,intestine,408020,0,333153,35025,39842,0.0,81.651145,8.584138,9.764717
word_0123.nii.gz,12,adrenal,4442,2744,692,241,765,61.773976,15.578568,5.425484,17.221972
word_0123.nii.gz,13,rectum,28798,0,17570,3481,7747,0.0,61.011181,12.087645,26.901174
word_0123.nii.gz,14,bladder,119428,0,115180,2544,1704,0.0,96.443045,2.130154,1.426801
word_0123.nii.gz,15,head_of_femur_left,72017,0,30434,33703,7880,0.0,42.259467,46.798673,10.941861
word_0123.nii.gz,16,head_of_femur_right,77623,0,63167,6847,7609,0.0,81.376654,8.820839,9.802507
word_0125.nii.gz,1,liver,297822,272751,8855,6020,10196,91.581884,2.973252,2.021342,3.423521
word_0125.nii.gz,2,spleen,24623,20371,2502,661,1089,82.731592,10.161231,2.684482,4.422694
word_0125.nii.gz,3,left_kidney,33624,3686,27755,1208,975,10.962408,82.545206,3.592672,2.899714
word_0125.nii.gz,4,right_kidney,33288,14731,17079,732,746,44.253184,51.306777,2.198991,2.241048
word_0125.nii.gz,5,stomach,186864,60318,111955,7537,7054,32.279091,59.912557,4.033415,3.774938
word_0125.nii.gz,6,gallbladder,2357,692,589,271,805,29.359355,24.989393,11.497667,34.153585
word_0125.nii.gz,7,esophagus,1265,744,271,119,131,58.814229,21.422925,9.407115,10.355731
word_0125.nii.gz,8,pancreas,26990,14668,6160,1974,4188,54.346054,22.823268,7.31382,15.516858
word_0125.nii.gz,9,duodenum,17190,0,13371,1348,2471,0.0,77.783595,7.841768,14.374636
word_0125.nii.gz,10,colon,150849,0,129599,9490,11760,0.0,85.913065,6.291059,7.795875
word_0125.nii.gz,11,intestine,227670,0,195421,18143,14106,0.0,85.8352,7.96899,6.19581
word_0125.nii.gz,12,adrenal,2472,574,1259,221,418,23.220065,50.930421,8.940129,16.909385
word_0125.nii.gz,13,rectum,18675,0,10551,4941,3183,0.0,56.497992,26.457831,17.044177
word_0125.nii.gz,14,bladder,70907,0,68736,883,1288,0.0,96.938243,1.245293,1.816464
word_0125.nii.gz,15,head_of_femur_left,37514,0,13016,22069,2429,0.0,34.69638,58.828704,6.474916
word_0125.nii.gz,16,head_of_femur_right,37232,0,34375,1758,1099,0.0,92.326493,4.721745,2.951762
word_0126.nii.gz,1,liver,534707,503897,11514,6759,12537,94.237966,2.153329,1.264057,2.344649
word_0126.nii.gz,2,spleen,77064,70487,2064,1412,3101,91.465535,2.678293,1.832243,4.023928
word_0126.nii.gz,3,left_kidney,60237,52072,4757,1202,2206,86.445208,7.89714,1.995451,3.662201
word_0126.nii.gz,4,right_kidney,57978,52580,2146,1666,1586,90.689572,3.701404,2.873504,2.73552
word_0126.nii.gz,5,stomach,136792,44420,76594,6922,8856,32.472659,55.993041,5.060237,6.474063
word_0126.nii.gz,6,gallbladder,4063,3175,370,152,366,78.144228,9.106571,3.741078,9.008122
word_0126.nii.gz,7,esophagus,3664,1584,1096,505,479,43.231441,29.912664,13.782751,13.073144
word_0126.nii.gz,8,pancreas,17536,9501,3905,1640,2490,54.179973,22.268476,9.35219,14.199361
word_0126.nii.gz,9,duodenum,10673,0,9072,687,914,0.0,84.999532,6.436803,8.563665
word_0126.nii.gz,10,colon,542469,0,413081,76589,52799,0.0,76.148314,14.118595,9.733091
word_0126.nii.gz,11,intestine,490228,0,312685,91271,86272,0.0,63.783586,18.618072,17.598342
word_0126.nii.gz,12,adrenal,3752,1113,1632,346,661,29.664179,43.496802,9.221748,17.617271
word_0126.nii.gz,13,rectum,15919,0,9696,3461,2762,0.0,60.908349,21.741315,17.350336
word_0126.nii.gz,14,bladder,83898,0,79289,2470,2139,0.0,94.506424,2.944051,2.549524
word_0126.nii.gz,15,head_of_femur_left,42252,0,18822,21271,2159,0.0,44.547004,50.343179,5.109817
word_0126.nii.gz,16,head_of_femur_right,43634,0,40918,1841,875,0.0,93.775496,4.219187,2.005317
word_0127.nii.gz,1,liver,258416,233558,9207,4407,11244,90.380627,3.56286,1.70539,4.351124
word_0127.nii.gz,2,spleen,75972,67170,3140,1262,4400,88.414153,4.133102,1.661138,5.791607
word_0127.nii.gz,3,left_kidney,50814,44023,3334,1185,2272,86.635573,6.561184,2.332034,4.471209
word_0127.nii.gz,4,right_kidney,50688,15878,30918,1317,2575,31.324968,60.996686,2.598248,5.080098
word_0127.nii.gz,5,stomach,173607,118163,44357,3727,7360,68.0635,25.550237,2.146803,4.23946
word_0127.nii.gz,6,gallbladder,5826,0,1020,1411,3395,0.0,17.507724,24.219018,58.273258
word_0127.nii.gz,7,esophagus,10000,3428,3346,1230,1996,34.28,33.46,12.3,19.96
word_0127.nii.gz,8,pancreas,37616,10897,18300,3022,5397,28.969056,48.649511,8.033815,14.347618
word_0127.nii.gz,9,duodenum,52246,0,20586,13972,17688,0.0,39.402059,26.742717,33.855223
word_0127.nii.gz,10,colon,382126,0,212301,93148,76677,0.0,55.557853,24.376253,20.065894
word_0127.nii.gz,11,intestine,440531,0,327531,74880,38120,0.0,74.349138,16.997669,8.653194
word_0127.nii.gz,12,adrenal,3882,1149,1696,345,692,29.598145,43.68882,8.887172,17.825863
word_0127.nii.gz,13,rectum,13664,0,10312,2652,700,0.0,75.468384,19.408665,5.122951
word_0127.nii.gz,14,bladder,44776,0,42690,891,1195,0.0,95.341254,1.989905,2.66884
word_0127.nii.gz,15,head_of_femur_left,46717,0,20136,24139,2442,0.0,43.102083,51.670698,5.227219
word_0127.nii.gz,16,head_of_femur_right,45294,0,41449,1597,2248,0.0,91.511017,3.525853,4.96313
word_0128.nii.gz,1,liver,363023,313152,12263,10572,27036,86.262303,3.378023,2.912212,7.447462
word_0128.nii.gz,2,spleen,89896,73475,3704,2474,10243,81.733336,4.120317,2.752069,11.394278
word_0128.nii.gz,3,left_kidney,62118,49294,7407,1621,3796,79.35542,11.92408,2.60955,6.11095
word_0128.nii.gz,4,right_kidney,50177,41488,4164,1668,2857,82.683301,8.298623,3.324232,5.693844
word_0128.nii.gz,5,stomach,113253,80388,18922,4006,9937,70.980901,16.707725,3.537213,8.774161
word_0128.nii.gz,6,gallbladder,2502,1532,342,178,450,61.231015,13.669065,7.114309,17.985612
word_0128.nii.gz,7,esophagus,13152,5280,2369,2509,2994,40.145985,18.01247,19.076946,22.764599
word_0128.nii.gz,8,pancreas,19748,5754,7346,1335,5313,29.137128,37.198704,6.760178,26.90399
word_0128.nii.gz,9,duodenum,58808,0,12124,7046,39638,0.0,20.616243,11.981363,67.402394
word_0128.nii.gz,10,colon,539843,0,337952,102201,99690,0.0,62.601905,18.931615,18.46648
word_0128.nii.gz,11,intestine,288593,0,228501,34334,25758,0.0,79.177596,11.897031,8.925372
word_0128.nii.gz,12,adrenal,2811,746,834,230,1001,26.538598,29.669157,8.182142,35.610103
word_0128.nii.gz,13,rectum,18840,0,8022,7193,3625,0.0,42.579618,38.179406,19.240977
word_0128.nii.gz,14,bladder,58280,0,49962,4345,3973,0.0,85.727522,7.455388,6.81709
word_0128.nii.gz,15,head_of_femur_left,41508,0,3720,14712,23076,0.0,8.962128,35.44377,55.594102
word_0128.nii.gz,16,head_of_femur_right,49398,0,42146,3352,3900,0.0,85.319244,6.7857,7.895056
word_0130.nii.gz,1,liver,423170,396278,11694,5210,9988,93.645107,2.763428,1.231184,2.360281
word_0130.nii.gz,2,spleen,39523,34810,1315,1144,2254,88.075298,3.327177,2.894517,5.703008
word_0130.nii.gz,3,left_kidney,51645,45069,4414,912,1250,87.266918,8.54681,1.765902,2.42037
word_0130.nii.gz,4,right_kidney,52306,47506,2460,1093,1247,90.823233,4.703093,2.089626,2.384048
word_0130.nii.gz,5,stomach,91401,61399,17247,4307,8448,67.175414,18.869597,4.712202,9.242787
word_0130.nii.gz,6,gallbladder,1361,646,142,236,337,47.465099,10.433505,17.340191,24.761205
word_0130.nii.gz,7,esophagus,1661,651,755,130,125,39.193257,45.454545,7.82661,7.525587
word_0130.nii.gz,8,pancreas,35357,22975,6480,2381,3521,64.980061,18.327347,6.734169,9.958424
word_0130.nii.gz,9,duodenum,10530,0,8557,929,1044,0.0,81.263058,8.822412,9.91453
word_0130.nii.gz,10,colon,348881,0,301736,27084,20061,0.0,86.486796,7.763105,5.750098
word_0130.nii.gz,11,intestine,397301,0,304081,46820,46400,0.0,76.536681,11.784516,11.678803
word_0130.nii.gz,12,adrenal,2032,652,736,260,384,32.086614,36.220472,12.795276,18.897638
word_0130.nii.gz,13,rectum,24535,0,12900,6010,5625,0.0,52.57795,24.495619,22.926432
word_0130.nii.gz,14,bladder,159925,0,153028,3482,3415,0.0,95.687353,2.177271,2.135376
word_0130.nii.gz,15,head_of_femur_left,41076,0,17065,22277,1734,0.0,41.544941,54.233616,4.221443
word_0130.nii.gz,16,head_of_femur_right,40341,0,37791,1572,978,0.0,93.678887,3.89678,2.424333
word_0132.nii.gz,1,liver,385882,364335,8675,4748,8124,94.416169,2.248097,1.230428,2.105307
word_0132.nii.gz,2,spleen,77900,72360,1662,1318,2560,92.888318,2.133504,1.691913,3.286264
word_0132.nii.gz,3,left_kidney,55662,51280,2107,877,1398,92.127484,3.785347,1.575581,2.511588
word_0132.nii.gz,4,right_kidney,41656,38398,1721,773,764,92.178798,4.131458,1.855675,1.83407
word_0132.nii.gz,5,stomach,92426,79255,9382,1653,2136,85.749681,10.150823,1.788458,2.311038
word_0132.nii.gz,6,gallbladder,2866,2364,174,136,192,82.484299,6.071179,4.74529,6.699232
word_0132.nii.gz,7,esophagus,2598,798,552,379,869,30.715935,21.247113,14.588145,33.448807
word_0132.nii.gz,8,pancreas,14413,9399,3267,640,1107,65.211961,22.667037,4.440436,7.680566
word_0132.nii.gz,9,duodenum,27789,0,12105,3671,12013,0.0,43.560402,13.210263,43.229335
word_0132.nii.gz,10,colon,197587,0,131080,31856,34651,0.0,66.340397,16.122518,17.537085
word_0132.nii.gz,11,intestine,324388,0,250804,45195,28389,0.0,77.316054,13.93239,8.751557
word_0132.nii.gz,12,adrenal,2864,1691,461,260,452,59.043296,16.096369,9.078212,15.782123
word_0132.nii.gz,13,rectum,12964,0,8747,2668,1549,0.0,67.471459,20.580068,11.948473
word_0132.nii.gz,14,bladder,131991,0,117716,5792,8483,0.0,89.184869,4.388178,6.426953
word_0132.nii.gz,15,head_of_femur_left,40039,0,20912,16625,2502,0.0,52.229077,41.522016,6.248907
word_0132.nii.gz,16,head_of_femur_right,39587,0,34625,2794,2168,0.0,87.465582,7.057873,5.476545
word_0133.nii.gz,1,liver,329884,300642,13619,5325,10298,91.135672,4.128421,1.614204,3.121703
word_0133.nii.gz,2,spleen,71335,60751,6016,1339,3229,85.162963,8.433448,1.877059,4.52653
word_0133.nii.gz,3,left_kidney,54182,41804,8402,1577,2399,77.154775,15.506995,2.910561,4.42767
word_0133.nii.gz,4,right_kidney,56215,48438,4639,1273,1865,86.165614,8.252246,2.26452,3.31762
word_0133.nii.gz,5,stomach,88889,40801,31188,5432,11468,45.901068,35.086456,6.110992,12.901484
word_0133.nii.gz,6,gallbladder,5234,3255,722,384,873,62.18953,13.794421,7.336645,16.679404
word_0133.nii.gz,7,esophagus,3841,2090,767,336,648,54.412913,19.968758,8.747722,16.870607
word_0133.nii.gz,8,pancreas,34458,20320,8011,2051,4076,58.970341,23.248592,5.952174,11.828893
word_0133.nii.gz,9,duodenum,9784,0,7458,978,1348,0.0,76.226492,9.995912,13.777596
word_0133.nii.gz,10,colon,75736,0,39638,16438,19660,0.0,52.337066,21.704341,25.958593
word_0133.nii.gz,11,intestine,283669,0,240926,24472,18271,0.0,84.932086,8.626956,6.440958
word_0133.nii.gz,12,adrenal,1292,173,705,182,232,13.390093,54.566563,14.086687,17.956656
word_0133.nii.gz,13,rectum,8831,0,2993,4813,1025,0.0,33.891971,54.501189,11.60684
word_0133.nii.gz,14,bladder,243739,0,209982,15186,18571,0.0,86.150349,6.230435,7.619216
word_0133.nii.gz,15,head_of_femur_left,37727,0,11473,24768,1486,0.0,30.410581,65.650595,3.938824
word_0133.nii.gz,16,head_of_femur_right,40540,0,37311,2072,1157,0.0,92.035027,5.111001,2.853971
word_0134.nii.gz,1,liver,485650,437357,12029,8918,27346,90.056007,2.476887,1.836302,5.630804
word_0134.nii.gz,2,spleen,47880,43319,1437,847,2277,90.474102,3.001253,1.769006,4.755639
word_0134.nii.gz,3,left_kidney,40533,35879,2403,511,1740,88.517998,5.928503,1.260701,4.292798
word_0134.nii.gz,4,right_kidney,35456,30917,2033,883,1623,87.198218,5.733867,2.490411,4.577505
word_0134.nii.gz,5,stomach,136276,122774,3855,2827,6820,90.092166,2.828818,2.074467,5.00455
word_0134.nii.gz,6,gallbladder,3945,1052,1827,309,757,26.666667,46.311787,7.8327,19.188847
word_0134.nii.gz,7,esophagus,3176,2023,605,175,373,63.696474,19.049118,5.510076,11.744332
word_0134.nii.gz,8,pancreas,31157,13069,11902,2034,4152,41.94563,38.200083,6.528228,13.326058
word_0134.nii.gz,9,duodenum,40617,0,28251,6660,5706,0.0,69.55462,16.397075,14.048305
word_0134.nii.gz,10,colon,149781,0,96653,25041,28087,0.0,64.529546,16.718409,18.752045
word_0134.nii.gz,11,intestine,221011,0,149389,46112,25510,0.0,67.593468,20.86412,11.542412
word_0134.nii.gz,12,adrenal,3450,1710,576,253,911,49.565217,16.695652,7.333333,26.405797
word_0134.nii.gz,13,rectum,10829,0,5684,3453,1692,0.0,52.488688,31.886601,15.624711
word_0134.nii.gz,14,bladder,28774,0,21917,1405,5452,0.0,76.169459,4.88288,18.947661
word_0134.nii.gz,15,head_of_femur_left,45399,0,27809,15194,2396,0.0,61.254653,33.467698,5.277649
word_0134.nii.gz,16,head_of_femur_right,46769,0,42714,1306,2749,0.0,91.329727,2.792448,5.877825
word_0135.nii.gz,1,liver,365507,322188,10204,7661,25454,88.148243,2.791739,2.095993,6.964025
word_0135.nii.gz,2,spleen,27921,22653,1325,857,3086,81.132481,4.745532,3.069374,11.052613
word_0135.nii.gz,3,left_kidney,32111,26544,1931,776,2860,82.663262,6.013516,2.416617,8.906605
word_0135.nii.gz,4,right_kidney,44443,35355,4669,1409,3010,79.551335,10.505591,3.170353,6.77272
word_0135.nii.gz,5,stomach,140013,56154,67697,3854,12308,40.106276,48.35051,2.752602,8.790612
word_0135.nii.gz,6,gallbladder,2137,1371,262,141,363,64.155358,12.260178,6.598035,16.98643
word_0135.nii.gz,7,esophagus,8305,5344,1019,596,1346,64.346779,12.269717,7.1764,16.207104
word_0135.nii.gz,8,pancreas,25926,18329,2211,1425,3961,70.697369,8.528118,5.496413,15.278099
word_0135.nii.gz,9,duodenum,31400,0,17411,4882,9107,0.0,55.449045,15.547771,29.003185
word_0135.nii.gz,10,colon,407826,0,306189,50606,51031,0.0,75.078342,12.408723,12.512934
word_0135.nii.gz,11,intestine,324631,0,271648,24373,28610,0.0,83.679008,7.507909,8.813083
word_0135.nii.gz,12,adrenal,5802,1625,507,451,3219,28.007584,8.738366,7.773182,55.480869
word_0135.nii.gz,13,rectum,30540,0,18182,7027,5331,0.0,59.535036,23.009168,17.455796
word_0135.nii.gz,14,bladder,46281,0,43422,866,1993,0.0,93.822519,1.871178,4.306303
word_0135.nii.gz,15,head_of_femur_left,59632,0,33229,20038,6365,0.0,55.723437,33.602764,10.673799
word_0135.nii.gz,16,head_of_femur_right,60743,0,51799,3783,5161,0.0,85.27567,6.227878,8.496452
word_0136.nii.gz,1,liver,539044,493996,13780,9071,22197,91.642983,2.556378,1.682794,4.117846
word_0136.nii.gz,2,spleen,70137,60852,3671,1250,4364,86.761624,5.234042,1.782226,6.222108
word_0136.nii.gz,3,left_kidney,82084,25097,51073,2574,3340,30.574777,62.220408,3.135812,4.069002
word_0136.nii.gz,4,right_kidney,86499,20729,59581,2656,3533,23.964439,68.880565,3.070556,4.08444
word_0136.nii.gz,5,stomach,263092,179143,69560,4401,9988,68.09139,26.43942,1.672799,3.796391
word_0136.nii.gz,6,gallbladder,963,752,67,50,94,78.089304,6.957425,5.192108,9.761163
word_0136.nii.gz,7,esophagus,5020,738,1935,1727,620,14.701195,38.545817,34.40239,12.350598
word_0136.nii.gz,8,pancreas,25923,2549,19249,1439,2686,9.832967,74.254523,5.551055,10.361455
word_0136.nii.gz,9,duodenum,79425,0,31827,19854,27744,0.0,40.071766,24.997167,34.931067
word_0136.nii.gz,10,colon,302129,0,253649,27391,21089,0.0,83.953874,9.065995,6.980131
word_0136.nii.gz,11,intestine,377804,0,276433,79601,21770,0.0,73.168362,21.06939,5.762247
word_0136.nii.gz,12,adrenal,5583,1396,2492,574,1121,25.004478,44.635501,10.281211,20.078811
word_0136.nii.gz,13,rectum,16819,0,13597,2404,818,0.0,80.843094,14.293359,4.863547
word_0136.nii.gz,14,bladder,38482,0,34953,1078,2451,0.0,90.829479,2.80131,6.369212
word_0136.nii.gz,15,head_of_femur_left,61597,0,29173,28940,3484,0.0,47.361073,46.982808,5.65612
word_0136.nii.gz,16,head_of_femur_right,64326,0,57480,3789,3057,0.0,89.357336,5.890309,4.752355
word_0138.nii.gz,1,liver,551617,494933,16040,10832,29812,89.72403,2.907815,1.963681,5.404474
word_0138.nii.gz,2,spleen,88423,63091,14862,3545,6925,71.351345,16.807844,4.009138,7.831673
word_0138.nii.gz,3,left_kidney,72736,15218,49527,2598,5393,20.922239,68.091454,3.571821,7.414485
word_0138.nii.gz,4,right_kidney,80730,33540,38829,3096,5265,41.545894,48.097362,3.835006,6.521739
word_0138.nii.gz,5,stomach,275338,50500,173244,15775,35819,18.341093,62.920483,5.729322,13.009102
word_0138.nii.gz,6,gallbladder,2270,1409,367,165,329,62.070485,16.167401,7.268722,14.493392
word_0138.nii.gz,7,esophagus,8063,2044,2267,1314,2438,25.350366,28.116086,16.296664,30.236885
word_0138.nii.gz,8,pancreas,37041,2739,20448,4519,9335,7.394509,55.203693,12.199995,25.201803
word_0138.nii.gz,9,duodenum,25399,0,17934,2408,5057,0.0,70.609079,9.480688,19.910233
word_0138.nii.gz,10,colon,419806,0,308299,57783,53724,0.0,73.438445,13.764215,12.79734
word_0138.nii.gz,11,intestine,388684,0,250264,67431,70989,0.0,64.387523,17.34854,18.263937
word_0138.nii.gz,12,adrenal,8213,579,1791,816,5027,7.049799,21.806892,9.935468,61.207841
word_0138.nii.gz,13,rectum,35907,0,17230,13221,5456,0.0,47.985073,36.820119,15.194809
word_0138.nii.gz,14,bladder,82454,0,74741,1954,5759,0.0,90.645693,2.369806,6.9845
word_0138.nii.gz,15,head_of_femur_left,66331,0,26208,31713,8410,0.0,39.510938,47.810224,12.678838
word_0138.nii.gz,16,head_of_femur_right,66254,0,54726,4096,7432,0.0,82.600296,6.182268,11.217436
word_0140.nii.gz,1,liver,459583,396134,16267,9697,37485,86.194224,3.539513,2.109956,8.156307
word_0140.nii.gz,2,spleen,75708,61611,4379,2251,7467,81.379775,5.784065,2.973266,9.862894
word_0140.nii.gz,3,left_kidney,68452,56489,5006,1756,5201,82.52352,7.313154,2.565301,7.598025
word_0140.nii.gz,4,right_kidney,64404,55056,2865,1993,4490,85.485374,4.448481,3.094528,6.971617
word_0140.nii.gz,5,stomach,176798,35435,112927,16625,11811,20.042648,63.87346,9.403387,6.680505
word_0140.nii.gz,6,gallbladder,5413,3014,867,355,1177,55.680769,16.016996,6.558286,21.74395
word_0140.nii.gz,7,esophagus,3630,1765,693,429,743,48.62259,19.090909,11.818182,20.46832
word_0140.nii.gz,8,pancreas,36194,13832,10704,2716,8942,38.216279,29.573963,7.504006,24.705752
word_0140.nii.gz,9,duodenum,40247,0,8512,5080,26655,0.0,21.149402,12.622059,66.228539
word_0140.nii.gz,10,colon,203168,0,134391,26936,41841,0.0,66.14772,13.257993,20.594287
word_0140.nii.gz,11,intestine,312202,0,222574,28577,61051,0.0,71.291664,9.153369,19.554968
word_0140.nii.gz,12,adrenal,4033,1272,790,411,1560,31.539797,19.588396,10.190925,38.680883
word_0140.nii.gz,13,rectum,34438,0,17471,6026,10941,0.0,50.73175,17.498113,31.770138
word_0140.nii.gz,14,bladder,46382,0,40543,2363,3476,0.0,87.411065,5.094649,7.494287
word_0140.nii.gz,15,head_of_femur_left,71240,0,27619,29453,14168,0.0,38.76895,41.343346,19.887704
word_0140.nii.gz,16,head_of_femur_right,71224,0,53895,4201,13128,0.0,75.669718,5.898293,18.431989
word_0142.nii.gz,1,liver,625239,480026,99617,11353,34243,76.774801,15.932627,1.815786,5.476786
word_0142.nii.gz,2,spleen,108734,77272,20971,3170,7321,71.065168,19.286516,2.915371,6.732945
word_0142.nii.gz,3,left_kidney,89064,73251,8654,1988,5171,82.245352,9.716608,2.232103,5.805937
word_0142.nii.gz,4,right_kidney,91948,62638,21631,1950,5729,68.123287,23.525253,2.120764,6.230696
word_0142.nii.gz,5,stomach,268957,64042,171930,11479,21506,23.811241,63.924717,4.267968,7.996074
word_0142.nii.gz,6,gallbladder,17164,12594,2234,508,1828,73.374505,13.015614,2.959683,10.650198
word_0142.nii.gz,7,esophagus,7479,2752,2025,794,1908,36.796363,27.075812,10.616393,25.511432
word_0142.nii.gz,8,pancreas,41045,23690,6845,2569,7941,57.71714,16.676818,6.258984,19.347058
word_0142.nii.gz,9,duodenum,36810,0,14591,3652,18567,0.0,39.638685,9.921217,50.440098
word_0142.nii.gz,10,colon,483564,0,349362,79819,54383,0.0,72.247314,16.506398,11.246288
word_0142.nii.gz,11,intestine,296294,0,170992,85107,40195,0.0,57.710247,28.723835,13.565918
word_0142.nii.gz,12,adrenal,7341,1958,1178,603,3602,26.672116,16.04686,8.21414,49.066885
word_0142.nii.gz,13,rectum,44683,0,15515,16530,12638,0.0,34.722378,36.993935,28.283687
word_0142.nii.gz,14,bladder,112199,0,99562,3306,9331,0.0,88.736976,2.94655,8.316473
word_0142.nii.gz,15,head_of_femur_left,53096,0,18039,28625,6432,0.0,33.974311,53.911782,12.113907
word_0142.nii.gz,16,head_of_femur_right,51748,0,45816,2385,3547,0.0,88.536755,4.608874,6.854371
word_0143.nii.gz,1,liver,536749,495343,12321,9190,19895,92.28578,2.295486,1.71216,3.706574
word_0143.nii.gz,2,spleen,77445,65051,3251,2200,6943,83.996385,4.197818,2.840726,8.965072
word_0143.nii.gz,3,left_kidney,89526,60675,18377,3415,7059,67.773608,20.526998,3.814534,7.88486
word_0143.nii.gz,4,right_kidney,76450,59429,9671,2169,5181,77.735775,12.650098,2.837148,6.776978
word_0143.nii.gz,5,stomach,221899,101752,94877,7932,17338,45.855096,42.75684,3.574599,7.813465
word_0143.nii.gz,6,gallbladder,2322,1170,774,189,189,50.387597,33.333333,8.139535,8.139535
word_0143.nii.gz,7,esophagus,5865,4521,480,310,554,77.084399,8.184143,5.285592,9.445865
word_0143.nii.gz,8,pancreas,49212,16585,20659,3851,8117,33.70113,41.979598,7.825327,16.493945
word_0143.nii.gz,9,duodenum,23633,0,17738,2224,3671,0.0,75.056066,9.41057,15.533364
word_0143.nii.gz,10,colon,530694,0,343741,71257,115696,0.0,64.771978,13.427135,21.800887
word_0143.nii.gz,11,intestine,469202,0,352559,57249,59394,0.0,75.140132,12.201355,12.658514
word_0143.nii.gz,12,adrenal,5760,1959,1709,494,1598,34.010417,29.670139,8.576389,27.743056
word_0143.nii.gz,13,rectum,23098,0,18915,2492,1691,0.0,81.890207,10.788813,7.32098
word_0143.nii.gz,14,bladder,207756,0,188299,6739,12718,0.0,90.634687,3.243709,6.121604
word_0143.nii.gz,15,head_of_femur_left,63815,0,26327,30398,7090,0.0,41.255191,47.634569,11.110241
word_0143.nii.gz,16,head_of_femur_right,64320,0,56606,3335,4379,0.0,88.006841,5.185012,6.808147
word_0144.nii.gz,1,liver,416369,382638,11526,6025,16180,91.898772,2.768218,1.447034,3.885976
word_0144.nii.gz,2,spleen,50866,45596,1761,1188,2321,89.639445,3.462038,2.335548,4.562969
word_0144.nii.gz,3,left_kidney,45250,28108,13456,1031,2655,62.117127,29.737017,2.278453,5.867403
word_0144.nii.gz,4,right_kidney,47901,43193,1771,836,2101,90.171395,3.697209,1.745266,4.38613
word_0144.nii.gz,5,stomach,137987,113330,9396,4170,11091,82.130925,6.809337,3.022024,8.037714
word_0144.nii.gz,6,gallbladder,2466,1148,783,204,331,46.553122,31.751825,8.272506,13.422547
word_0144.nii.gz,7,esophagus,10616,4072,1989,1180,3375,38.357197,18.73587,11.115298,31.791635
word_0144.nii.gz,8,pancreas,24772,14016,4343,1849,4564,56.58001,17.531891,7.464072,18.424027
word_0144.nii.gz,9,duodenum,16514,0,13567,1546,1401,0.0,82.154536,9.361754,8.483711
word_0144.nii.gz,10,colon,203952,0,154594,14409,34949,0.0,75.799208,7.064898,17.135895
word_0144.nii.gz,11,intestine,365244,0,299928,28290,37026,0.0,82.11716,7.745507,10.137333
word_0144.nii.gz,12,adrenal,4581,621,1365,409,2186,13.555992,29.796988,8.928182,47.718839
word_0144.nii.gz,13,rectum,27897,0,19233,5795,2869,0.0,68.942897,20.772843,10.28426
word_0144.nii.gz,14,bladder,206466,0,189967,7865,8634,0.0,92.008854,3.809344,4.181802
word_0144.nii.gz,15,head_of_femur_left,34008,0,7812,23821,2375,0.0,22.971066,70.045283,6.983651
word_0144.nii.gz,16,head_of_femur_right,34206,0,32496,997,713,0.0,95.000877,2.914693,2.08443
word_0145.nii.gz,1,liver,490705,455201,8871,8177,18456,92.764696,1.807807,1.666378,3.761119
word_0145.nii.gz,2,spleen,112039,94128,5542,3147,9222,84.013602,4.946492,2.808843,8.231062
word_0145.nii.gz,3,left_kidney,72233,24018,37979,2771,7465,33.25073,52.578461,3.836197,10.334612
word_0145.nii.gz,4,right_kidney,65341,39573,17446,2844,5478,60.563811,26.699928,4.35255,8.38371
word_0145.nii.gz,5,stomach,225358,160272,30733,8715,25638,71.118842,13.637412,3.86718,11.376565
word_0145.nii.gz,6,gallbladder,618,0,299,85,234,0.0,48.381877,13.754045,37.864078
word_0145.nii.gz,7,esophagus,6465,4182,1416,395,472,64.686775,21.902552,6.109822,7.300851
word_0145.nii.gz,8,pancreas,45503,14331,22639,2808,5725,31.494627,49.752764,6.171022,12.581588
word_0145.nii.gz,9,duodenum,26099,0,13170,8295,4634,0.0,50.461704,31.782827,17.75547
word_0145.nii.gz,10,colon,302977,0,217901,42658,42418,0.0,71.919981,14.079617,14.000403
word_0145.nii.gz,11,intestine,575350,0,248330,193265,133755,0.0,43.161554,33.590858,23.247588
word_0145.nii.gz,12,adrenal,3608,1632,988,306,682,45.232816,27.383592,8.481153,18.902439
word_0145.nii.gz,13,rectum,22436,0,4338,9433,8665,0.0,19.334997,42.044036,38.620966
word_0145.nii.gz,14,bladder,40732,0,31865,801,8066,0.0,78.230875,1.966513,19.802612
word_0145.nii.gz,15,head_of_femur_left,69176,0,23639,34225,11312,0.0,34.172256,49.475252,16.352492
word_0145.nii.gz,16,head_of_femur_right,66159,0,53582,6056,6521,0.0,80.989737,9.153705,9.856558
word_0146.nii.gz,1,liver,384988,355263,10314,6045,13366,92.27898,2.679045,1.570179,3.471797
word_0146.nii.gz,2,spleen,63015,56208,2616,1339,2852,89.19781,4.151393,2.124891,4.525907
word_0146.nii.gz,3,left_kidney,48111,41695,3382,907,2127,86.664172,7.029577,1.885224,4.421026
word_0146.nii.gz,4,right_kidney,47437,25981,18423,1247,1786,54.769484,38.836773,2.62875,3.764994
word_0146.nii.gz,5,stomach,192106,141957,38631,4246,7272,73.895141,20.109211,2.210238,3.78541
word_0146.nii.gz,6,gallbladder,12654,7688,3734,560,672,60.755492,29.508456,4.425478,5.310574
word_0146.nii.gz,7,esophagus,3379,683,1316,590,790,20.213081,38.946434,17.460787,23.379698
word_0146.nii.gz,8,pancreas,39926,17452,15977,2124,4373,43.710865,40.016531,5.319842,10.952763
word_0146.nii.gz,9,duodenum,12108,0,10497,1024,587,0.0,86.694747,8.457218,4.848034
word_0146.nii.gz,10,colon,367990,0,321028,21148,25814,0.0,87.23824,5.746895,7.014865
word_0146.nii.gz,11,intestine,239121,0,182804,33590,22727,0.0,76.448325,14.047282,9.504393
word_0146.nii.gz,12,adrenal,4344,1261,1267,396,1420,29.028545,29.166667,9.116022,32.688766
word_0146.nii.gz,13,rectum,31013,0,16075,4434,10504,0.0,51.833102,14.29723,33.869668
word_0146.nii.gz,14,bladder,19141,0,17522,704,915,0.0,91.541717,3.677969,4.780315
word_0146.nii.gz,15,head_of_femur_left,58409,0,23338,29505,5566,0.0,39.956171,50.514476,9.529353
word_0146.nii.gz,16,head_of_femur_right,57495,0,49632,2896,4967,0.0,86.324028,5.03696,8.639012
word_0147.nii.gz,1,liver,395957,350183,17867,8665,19242,88.439654,4.512359,2.188369,4.859619
word_0147.nii.gz,2,spleen,50955,45611,1267,922,3155,89.512315,2.486508,1.80944,6.191738
word_0147.nii.gz,3,left_kidney,47030,39095,3668,1022,3245,83.127791,7.799277,2.173081,6.899851
word_0147.nii.gz,4,right_kidney,39813,32883,3302,1192,2436,82.593625,8.293773,2.993997,6.118604
word_0147.nii.gz,5,stomach,159526,23721,117266,5228,13311,14.869676,73.50902,3.277209,8.344094
word_0147.nii.gz,6,gallbladder,7515,5358,815,347,995,71.297405,10.844977,4.617432,13.240186
word_0147.nii.gz,7,esophagus,2541,1295,464,276,506,50.964187,18.260527,10.861865,19.91342
word_0147.nii.gz,8,pancreas,28190,11412,9407,2135,5236,40.482441,33.369989,7.573608,18.573962
word_0147.nii.gz,9,duodenum,18005,0,13114,2387,2504,0.0,72.835324,13.257428,13.907248
word_0147.nii.gz,10,colon,324410,0,202449,52290,69671,0.0,62.40529,16.118492,21.476218
word_0147.nii.gz,11,intestine,334775,0,199205,59102,76468,0.0,59.504145,17.654245,22.84161
word_0147.nii.gz,12,adrenal,5178,1797,1220,396,1765,34.704519,23.561221,7.64774,34.08652
word_0147.nii.gz,13,rectum,41653,0,13124,14022,14507,0.0,31.507935,33.663842,34.828224
word_0147.nii.gz,14,bladder,29739,0,26796,1293,1650,0.0,90.103904,4.347826,5.54827
word_0147.nii.gz,15,head_of_femur_left,72801,0,29771,35156,7874,0.0,40.893669,48.290545,10.815785
word_0147.nii.gz,16,head_of_femur_right,79297,0,65523,6179,7595,0.0,82.62986,7.792224,9.577916
word_0148.nii.gz,1,liver,589629,495866,26753,14854,52156,84.097967,4.53726,2.519211,8.845562
word_0148.nii.gz,2,spleen,66104,53562,2869,1562,8111,81.026867,4.340131,2.362943,12.270059
word_0148.nii.gz,3,left_kidney,55996,43367,4912,1451,6266,77.446603,8.772055,2.591257,11.190085
word_0148.nii.gz,4,right_kidney,55673,26414,20875,2143,6241,47.444901,37.495734,3.849263,11.210102
word_0148.nii.gz,5,stomach,146333,75287,47535,5591,17920,51.449092,32.484129,3.820738,12.246042
word_0148.nii.gz,6,gallbladder,11283,7375,1351,701,1856,65.363822,11.973766,6.212887,16.449526
word_0148.nii.gz,7,esophagus,7199,4008,1133,478,1580,55.674399,15.738297,6.639811,21.947493
word_0148.nii.gz,8,pancreas,45838,13557,20576,2841,8864,29.575898,44.88852,6.197914,19.337667
word_0148.nii.gz,9,duodenum,26300,0,16337,1342,8621,0.0,62.117871,5.102662,32.779468
word_0148.nii.gz,10,colon,196529,0,137085,21667,37777,0.0,69.753064,11.024836,19.2221
word_0148.nii.gz,11,intestine,432206,0,283355,82478,66373,0.0,65.560173,19.08303,15.356797
word_0148.nii.gz,12,adrenal,3308,1561,374,318,1055,47.188634,11.305925,9.613059,31.892382
word_0148.nii.gz,13,rectum,17190,0,10258,3398,3534,0.0,59.674229,19.767307,20.558464
word_0148.nii.gz,14,bladder,33630,0,28473,1616,3541,0.0,84.665477,4.805233,10.529289
word_0148.nii.gz,15,head_of_femur_left,71356,0,26635,29067,15654,0.0,37.326924,40.735187,21.937889
word_0148.nii.gz,16,head_of_femur_right,70554,0,50484,6115,13955,0.0,71.553704,8.66712,19.779176
word_0150.nii.gz,1,liver,632683,566414,18090,11371,36808,89.525718,2.859252,1.797267,5.817763
word_0150.nii.gz,2,spleen,104524,89908,3304,2123,9189,86.016609,3.160997,2.031112,8.791282
word_0150.nii.gz,3,left_kidney,69818,47505,9468,5129,7716,68.041193,13.560973,7.346243,11.051591
word_0150.nii.gz,4,right_kidney,89872,55567,22198,6244,5863,61.829046,24.699573,6.947659,6.523723
word_0150.nii.gz,5,stomach,129225,109378,6191,3115,10541,84.641517,4.790869,2.410524,8.15709
word_0150.nii.gz,6,gallbladder,4232,636,2191,334,1071,15.028355,51.772212,7.89225,25.307183
word_0150.nii.gz,7,esophagus,3358,2675,221,135,327,79.660512,6.581298,4.02025,9.737939
word_0150.nii.gz,8,pancreas,34692,16882,8831,2321,6658,48.662516,25.455436,6.690303,19.191744
word_0150.nii.gz,9,duodenum,29460,0,19505,5392,4563,0.0,66.208418,18.302783,15.488798
word_0150.nii.gz,10,colon,293364,0,235869,22432,35063,0.0,80.401481,7.646473,11.952046
word_0150.nii.gz,11,intestine,382984,0,283276,39432,60276,0.0,73.965492,10.295991,15.738516
word_0150.nii.gz,12,adrenal,2582,800,927,209,646,30.983734,35.902401,8.0945,25.019365
word_0150.nii.gz,13,rectum,5337,0,1021,1656,2660,0.0,19.130598,31.028668,49.840734
word_0150.nii.gz,14,bladder,103959,0,92768,3532,7659,0.0,89.235179,3.397493,7.367328
word_0150.nii.gz,15,head_of_femur_left,64949,0,20686,31596,12667,0.0,31.849605,48.6474,19.502995
word_0150.nii.gz,16,head_of_femur_right,65403,0,51262,4988,9153,0.0,78.378668,7.626561,13.994771
