case,word_label,class,dsc,nsd,tp,fp,fn
word_0002.nii.gz,1,liver,0.9659863361099298,0.804826422864573,674584,23563,23943
word_0002.nii.gz,2,spleen,0.9500425143354988,0.8561233924440386,113408,5793,6134
word_0002.nii.gz,3,left_kidney,0.5426704275242297,0.28286612860436494,66183,109351,2199
word_0002.nii.gz,4,right_kidney,0.5393496034917318,0.42584878713497465,65802,109252,3149
word_0002.nii.gz,5,stomach,0.9434220008820144,0.7599970594809511,175418,10061,10979
word_0002.nii.gz,6,gallbladder,0.8693902381955169,0.7779754569237021,9289,2162,629
word_0002.nii.gz,7,esophagus,0.8293708393813504,0.7655894986654473,8285,1206,2203
word_0002.nii.gz,8,pancreas,0.79665684991274,0.6168427386126419,29215,9518,5396
word_0002.nii.gz,9,duodenum,0.8229532787246872,0.7322757841947558,27980,7781,4258
word_0002.nii.gz,10,colon,0.9034417587922535,0.7475870654563178,317408,46340,21508
word_0002.nii.gz,11,intestine,0.8256025177956614,0.7806735914262329,312692,112627,19477
word_0002.nii.gz,12,adrenal,0.60791015625,0.6438038135611185,2490,2662,550
word_0002.nii.gz,13,rectum,0.6591551104262968,0.4946982121475077,10267,10286,332
word_0002.nii.gz,14,bladder,0.9302796691238535,0.8358289548405865,41330,2517,3678
word_0002.nii.gz,15,head_of_femur_left,0.7805123130209721,0.6467050622887486,51266,25332,3501
word_0002.nii.gz,16,head_of_femur_right,0.8026032343214297,0.7010717150597189,52906,24014,2010
word_0003.nii.gz,1,liver,0.9636013324027133,0.8583185818955482,345837,18119,8008
word_0003.nii.gz,2,spleen,0.952337042529065,0.9448575235869121,38213,2394,1431
word_0003.nii.gz,3,left_kidney,0.9482660742934715,0.912919064086044,38419,2072,2120
word_0003.nii.gz,4,right_kidney,0.9405033038099255,0.9043983674253666,33449,2431,1801
word_0003.nii.gz,5,stomach,0.9257173219978746,0.740593057151996,69688,6927,4257
word_0003.nii.gz,6,gallbladder,0.8570686070686071,0.8650700846901855,3298,577,523
word_0003.nii.gz,7,esophagus,0.7555047183299971,0.7769124883504137,2642,1317,393
word_0003.nii.gz,8,pancreas,0.8506787330316742,0.7879957788690769,16356,4043,1699
word_0003.nii.gz,9,duodenum,0.8364334642171334,0.7043805233313585,29184,4447,6967
word_0003.nii.gz,10,colon,0.8697498531149832,0.6690656844555694,191702,33285,24132
word_0003.nii.gz,11,intestine,0.8931733100125809,0.7153899147128161,232861,36326,19376
word_0003.nii.gz,12,adrenal,0.6576354679802956,0.7591856731249702,1068,790,322
word_0003.nii.gz,13,rectum,0.8680797086623839,0.7512539515607519,21215,4019,2429
word_0003.nii.gz,14,bladder,0.9412435682846693,0.7698268145189241,75916,4175,5303
word_0003.nii.gz,15,head_of_femur_left,0.8722122231786524,0.7079426622980852,33438,9351,447
word_0003.nii.gz,16,head_of_femur_right,0.9126448799520573,0.741773955360122,35788,5974,877
word_0004.nii.gz,1,liver,0.962823903934833,0.8300046780385518,308496,18046,5777
word_0004.nii.gz,2,spleen,0.9511050948724531,0.9235352628719294,40752,2976,1214
word_0004.nii.gz,3,left_kidney,0.9510497676265209,0.9007505174630811,40723,1870,2322
word_0004.nii.gz,4,right_kidney,0.9472171084155045,0.8903166666907502,37560,2189,1997
word_0004.nii.gz,5,stomach,0.8770180240171542,0.5586236440103877,137630,2423,36176
word_0004.nii.gz,6,gallbladder,0.5703463203463204,0.483265728334107,1054,945,643
word_0004.nii.gz,7,esophagus,0.8442464388299431,0.8017737178015645,7201,1818,839
word_0004.nii.gz,8,pancreas,0.8558378675185944,0.7783285161944548,17145,3715,2061
word_0004.nii.gz,9,duodenum,0.7470621891642093,0.5448369802715737,16974,4141,7353
word_0004.nii.gz,10,colon,0.8147363591084104,0.5212835062630016,342694,67615,88236
word_0004.nii.gz,11,intestine,0.8389999782748436,0.6065636912464903,328260,66394,59589
word_0004.nii.gz,12,adrenal,0.6731950844854071,0.6877851478433524,1753,1306,396
word_0004.nii.gz,13,rectum,0.8330551424842949,0.6967040506400374,13725,2921,2580
word_0004.nii.gz,14,bladder,0.9018970968669158,0.7037116979636736,31377,5447,1379
word_0004.nii.gz,15,head_of_femur_left,0.9288857771554311,0.8447580205254094,46435,5458,1652
word_0004.nii.gz,16,head_of_femur_right,0.9496660595021251,0.8980174454737391,46923,3103,1871
word_0005.nii.gz,1,liver,0.9650022935054253,0.8271428506987881,488075,9829,25573
word_0005.nii.gz,2,spleen,0.9429822199312186,0.8790909806691589,61283,2258,5153
word_0005.nii.gz,3,left_kidney,0.9518330317135428,0.8934753671904184,60222,2066,4029
word_0005.nii.gz,4,right_kidney,0.9463771129794124,0.884351566635015,47784,2493,2922
word_0005.nii.gz,5,stomach,0.9589163870104326,0.8418975972665745,236452,8715,11546
word_0005.nii.gz,6,gallbladder,0.826585179526356,0.895006811377753,1082,260,194
word_0005.nii.gz,7,esophagus,0.8113035551504102,0.8622065893813597,2670,650,592
word_0005.nii.gz,8,pancreas,0.8828328050117933,0.8062665986643608,29382,2295,5504
word_0005.nii.gz,9,duodenum,0.7492449774587473,0.6007433106479861,17118,7243,4215
word_0005.nii.gz,10,colon,0.8516076997526616,0.5701576814130702,158382,22025,33171
word_0005.nii.gz,11,intestine,0.8719122253149265,0.7194912109294289,280046,36370,45910
word_0005.nii.gz,12,adrenal,0.5471357690572847,0.6126840089100444,1213,1660,348
word_0005.nii.gz,13,rectum,0.6611784160765,0.5621239647506707,9196,6317,3108
word_0005.nii.gz,14,bladder,0.9642019276559318,0.8400524042527052,165014,6267,5986
word_0005.nii.gz,15,head_of_femur_left,0.9271657081236521,0.8283110746295909,41270,2424,4060
word_0005.nii.gz,16,head_of_femur_right,0.9161053136345991,0.7684860998804537,40119,1974,5374
word_0006.nii.gz,1,liver,0.9667582495036611,0.8174139056476227,531500,18254,18297
word_0006.nii.gz,2,spleen,0.9369661266568483,0.8309187946012188,63620,4948,3612
word_0006.nii.gz,3,left_kidney,0.9421894877803817,0.8506867921539816,70358,3616,5018
word_0006.nii.gz,4,right_kidney,0.9509227104439916,0.8858068234031148,66266,3260,3580
word_0006.nii.gz,5,stomach,0.9500331278081701,0.812795118228686,131201,9355,4446
word_0006.nii.gz,6,gallbladder,0.8086809945217025,0.7829278730049092,1919,686,222
word_0006.nii.gz,7,esophagus,0.657931602801813,0.6003138329216046,3992,3391,760
word_0006.nii.gz,8,pancreas,0.8707238221488766,0.7699383238637224,32185,7897,1660
word_0006.nii.gz,9,duodenum,0.7728557180851063,0.601386922827335,27897,10535,5863
word_0006.nii.gz,10,colon,0.8225074615109806,0.6333529003362914,146197,53426,9671
word_0006.nii.gz,11,intestine,0.8856434088587589,0.7707021108240132,358086,38163,54311
word_0006.nii.gz,12,adrenal,0.6511698571862655,0.7246376511452096,2143,1749,547
word_0006.nii.gz,13,rectum,0.5416119835271757,0.4696542762075446,5984,9679,450
word_0006.nii.gz,14,bladder,0.9145014090333256,0.822092904816631,17686,988,2319
word_0006.nii.gz,15,head_of_femur_left,0.9245388046946663,0.7946188782098008,58962,1202,8423
word_0006.nii.gz,16,head_of_femur_right,0.9335995925264171,0.8192354298265282,57738,1123,7090
word_0008.nii.gz,1,liver,0.9578179043560572,0.819011188162132,266123,16136,7304
word_0008.nii.gz,2,spleen,0.9505182975255696,0.8550657331765121,68818,5434,1731
word_0008.nii.gz,3,left_kidney,0.9398838695930108,0.8685382068967468,35287,2189,2325
word_0008.nii.gz,4,right_kidney,0.9404898287766665,0.870767519999871,30375,2610,1234
word_0008.nii.gz,5,stomach,0.8962763109997645,0.7379933187158749,41857,5105,4583
word_0008.nii.gz,6,gallbladder,0.35275229357798166,0.346454960737633,769,2745,77
word_0008.nii.gz,7,esophagus,0.8257673221834222,0.7404797568643575,4493,1149,747
word_0008.nii.gz,8,pancreas,0.8514474920578102,0.7642067393310396,19029,4707,1933
word_0008.nii.gz,9,duodenum,0.8094188061111987,0.7369035550386217,10278,3444,1396
word_0008.nii.gz,10,colon,0.8621868025169287,0.6916644284974653,170935,31823,22822
word_0008.nii.gz,11,intestine,0.8893965628793434,0.7319127734466271,288675,33398,38400
word_0008.nii.gz,12,adrenal,0.7251523063533507,0.8007734129277565,2083,909,670
word_0008.nii.gz,13,rectum,0.8711663568773235,0.7610480335252525,14998,2408,2028
word_0008.nii.gz,14,bladder,0.9642937478105352,0.8565828184567714,130751,3670,6013
word_0008.nii.gz,15,head_of_femur_left,0.9042138438193067,0.7226194476589528,38732,6968,1238
word_0008.nii.gz,16,head_of_femur_right,0.9149051901888606,0.777029408735655,36163,5391,1336
word_0009.nii.gz,1,liver,0.9727657923790768,0.8661716204964305,652006,25231,11277
word_0009.nii.gz,2,spleen,0.9614230385676847,0.9140299718146948,103639,6279,2038
word_0009.nii.gz,3,left_kidney,0.937591815320042,0.8828090101670636,35741,3942,816
word_0009.nii.gz,4,right_kidney,0.9640830928264948,0.9390703673921434,87854,4500,2046
word_0009.nii.gz,5,stomach,0.9445496558187635,0.8020598235832467,146136,12877,4281
word_0009.nii.gz,6,gallbladder,0.782145236508994,0.6895715814395083,1761,648,333
word_0009.nii.gz,7,esophagus,0.8219837528833618,0.8529032794713215,4098,1354,421
word_0009.nii.gz,8,pancreas,0.8519037227632479,0.766078585087915,26156,7610,1484
word_0009.nii.gz,9,duodenum,0.856643219239989,0.7894958353372615,21799,5572,1724
word_0009.nii.gz,10,colon,0.8882871717762043,0.7132257200984388,302468,46126,29952
word_0009.nii.gz,11,intestine,0.8683053032959569,0.7334591352948542,314475,56148,39244
word_0009.nii.gz,12,adrenal,0.7098849018280298,0.7358523917280245,4194,2668,760
word_0009.nii.gz,13,rectum,0.8929779600205023,0.6842991559800384,34844,2946,5406
word_0009.nii.gz,14,bladder,0.777837337361727,0.5857866982249705,7981,3818,741
word_0009.nii.gz,15,head_of_femur_left,0.9565008010816918,0.9232085190485392,51641,2709,1988
word_0009.nii.gz,16,head_of_femur_right,0.9435963454351565,0.8685021336582645,49109,3034,2837
word_0010.nii.gz,1,liver,0.9587162751711621,0.8291277944715507,404898,18080,16791
word_0010.nii.gz,2,spleen,0.9569147772836626,0.9315656457512131,78756,3798,3294
word_0010.nii.gz,3,left_kidney,0.9327084187708712,0.8733483708493577,39801,2307,3436
word_0010.nii.gz,4,right_kidney,0.9266016122189223,0.8601754150178376,38220,4178,1877
word_0010.nii.gz,5,stomach,0.949325577343401,0.778384485757646,275153,13113,16262
word_0010.nii.gz,6,gallbladder,0.7235381812158357,0.6096304687177201,2184,257,1412
word_0010.nii.gz,7,esophagus,0.7453481261465886,0.6597184938187672,4266,485,2430
word_0010.nii.gz,8,pancreas,0.7140359714361907,0.612663792777987,12049,7006,2645
word_0010.nii.gz,9,duodenum,0.6244147318627215,0.4353630229542758,12936,8543,7019
word_0010.nii.gz,10,colon,0.7912438085495854,0.5994756298779993,235145,21956,102122
word_0010.nii.gz,11,intestine,0.7597532525558635,0.65476095328026,215104,100894,35145
word_0010.nii.gz,12,adrenal,0.6816593886462882,0.8027322001728505,1561,965,493
word_0010.nii.gz,13,rectum,0.8190973517344274,0.6101906077584833,15372,5384,1406
word_0010.nii.gz,14,bladder,0.9093971148611867,0.772728159317665,26729,2589,2737
word_0010.nii.gz,15,head_of_femur_left,0.8196530530603339,0.7252135133567115,33807,13130,1747
word_0010.nii.gz,16,head_of_femur_right,0.7664832818961416,0.6564294258998975,31417,16710,2433
word_0011.nii.gz,1,liver,0.9719900723398375,0.8682254798026838,541623,21734,9482
word_0011.nii.gz,2,spleen,0.9553919640348413,0.8959460241590537,85006,6827,1111
word_0011.nii.gz,3,left_kidney,0.9050397360679983,0.7947852831105712,27844,5592,251
word_0011.nii.gz,4,right_kidney,0.9586914407067392,0.9203268732865855,72003,5221,984
word_0011.nii.gz,5,stomach,0.9412792769141336,0.8033390086119899,125489,8262,7395
word_0011.nii.gz,6,gallbladder,0.7450666666666667,0.6449353911734041,1397,696,260
word_0011.nii.gz,7,esophagus,0.7908156793099074,0.8265712356170696,3117,1406,243
word_0011.nii.gz,8,pancreas,0.8425968245136419,0.751174025913452,21201,6665,1256
word_0011.nii.gz,9,duodenum,0.8212199791580835,0.7550638252434416,16943,5764,1613
word_0011.nii.gz,10,colon,0.8842502271398689,0.7166865361851154,251097,39001,26737
word_0011.nii.gz,11,intestine,0.860313230754439,0.7272902776356257,250543,57871,23489
word_0011.nii.gz,12,adrenal,0.6949186583651336,0.7011263746914084,3460,2229,809
word_0011.nii.gz,13,rectum,0.8859916522065375,0.7084886497936667,28338,3394,3899
word_0011.nii.gz,14,bladder,0.004959159859976663,0.16096767834494555,34,9829,3815
word_0011.nii.gz,15,head_of_femur_left,0.9495039871159675,0.9026251517323693,42449,3169,1346
word_0011.nii.gz,16,head_of_femur_right,0.932611523183464,0.8576225736599423,39795,4025,1726
word_0012.nii.gz,1,liver,0.9576392845853224,0.7705532766078766,475624,18840,23238
word_0012.nii.gz,2,spleen,0.9523736834071134,0.9013797437707713,49912,2944,2048
word_0012.nii.gz,3,left_kidney,0.9380741239640045,0.8484862478812547,50141,3468,3152
word_0012.nii.gz,4,right_kidney,0.9277607179817791,0.8109057603015879,54685,3000,5516
word_0012.nii.gz,5,stomach,0.9342803435886454,0.8313556638863474,78530,5783,5265
word_0012.nii.gz,6,gallbladder,0.7735792322341385,0.6506818765011533,3859,1856,403
word_0012.nii.gz,7,esophagus,0.6060606060606061,0.5857879670033493,640,680,152
word_0012.nii.gz,8,pancreas,0.8392388839593808,0.7335799351978582,21281,4110,4043
word_0012.nii.gz,9,duodenum,0.805140335048404,0.6474048472911997,16509,4413,3578
word_0012.nii.gz,10,colon,0.8718709788470298,0.709663791561223,207674,32647,28392
word_0012.nii.gz,11,intestine,0.8881845021308602,0.7558411139802468,355443,41775,47720
word_0012.nii.gz,12,adrenal,0.7648046568901825,0.7930359539471977,3416,956,1145
word_0012.nii.gz,13,rectum,0.8936771744179002,0.7217689000466858,22127,4015,1250
word_0012.nii.gz,14,bladder,0.9466748342914586,0.8069203312345318,60271,4713,2077
word_0012.nii.gz,15,head_of_femur_left,0.9308351905715258,0.8181655676994563,49284,6031,1293
word_0012.nii.gz,16,head_of_femur_right,0.9326583122003591,0.8280901603554757,50385,5291,1985
word_0013.nii.gz,1,liver,0.9716740981279245,0.8581101442004351,476371,20829,6945
word_0013.nii.gz,2,spleen,0.9565629582375326,0.8990388312603569,107962,4542,5263
word_0013.nii.gz,3,left_kidney,0.9533020827152435,0.8972545226009541,48198,3487,1235
word_0013.nii.gz,4,right_kidney,0.9606486058928219,0.9430043372794147,46151,2654,1127
word_0013.nii.gz,5,stomach,0.9615709959978244,0.790055954726561,296123,17718,5951
word_0013.nii.gz,6,gallbladder,0.9097080787508486,0.8657892260811619,8710,1132,597
word_0013.nii.gz,7,esophagus,0.8834819404564002,0.8792252797664658,5846,1386,156
word_0013.nii.gz,8,pancreas,0.8537351833134246,0.7684729358911261,23228,4815,3144
word_0013.nii.gz,9,duodenum,0.8940166353635632,0.8832956636343781,18326,2220,2125
word_0013.nii.gz,10,colon,0.9115115795287522,0.7556191182929267,250853,34050,14655
word_0013.nii.gz,11,intestine,0.9084742617557374,0.8283168084605582,362285,33715,39283
word_0013.nii.gz,12,adrenal,0.704806116876024,0.7927953993431583,2581,1131,1031
word_0013.nii.gz,13,rectum,0.8258003182673032,0.5659445536796576,19979,1996,6433
word_0013.nii.gz,14,bladder,0.9722582162955439,0.9055538224247173,130181,5559,1870
word_0013.nii.gz,15,head_of_femur_left,0.9513264594723516,0.904186048567836,51853,1411,3895
word_0013.nii.gz,16,head_of_femur_right,0.957887540591352,0.9228771311013004,56046,1981,2947
word_0018.nii.gz,1,liver,0.9704213033357105,0.88156713076415,360594,9884,12098
word_0018.nii.gz,2,spleen,0.9662479240301495,0.9639756614457345,56726,1723,2240
word_0018.nii.gz,3,left_kidney,0.9485857260549843,0.8909420914193799,46632,1151,3904
word_0018.nii.gz,4,right_kidney,0.9562559909782915,0.9346672639448609,42398,1086,2793
word_0018.nii.gz,5,stomach,0.9484541613573871,0.8826353871931153,70712,4675,3011
word_0018.nii.gz,6,gallbladder,0.8869505138613006,0.86867284866738,5135,664,645
word_0018.nii.gz,7,esophagus,0.8639979795428716,0.89909044115797,3421,440,637
word_0018.nii.gz,8,pancreas,0.8686398403724642,0.8086941905507042,18284,3196,2334
word_0018.nii.gz,9,duodenum,0.8513528316354475,0.8038152134027406,15544,1532,3896
word_0018.nii.gz,10,colon,0.8960099706847824,0.8058931611434679,102086,16345,7351
word_0018.nii.gz,11,intestine,0.9001276065293237,0.8425613663325537,244066,35797,18363
word_0018.nii.gz,12,adrenal,0.7302652604666028,0.8270307648112835,2285,730,958
word_0018.nii.gz,13,rectum,0.832704482957089,0.6729067862576896,13021,3463,1769
word_0018.nii.gz,14,bladder,0.9521563970993596,0.841819027133541,56132,2986,2655
word_0018.nii.gz,15,head_of_femur_left,0.864559847224789,0.776659974620427,35086,8798,2195
word_0018.nii.gz,16,head_of_femur_right,0.8878177755419586,0.8085601525109517,37944,6947,2642
word_0020.nii.gz,1,liver,0.9677830197443654,0.892880672738069,286472,11508,7565
word_0020.nii.gz,2,spleen,0.94619829469382,0.9285871800397637,26855,1589,1465
word_0020.nii.gz,3,left_kidney,0.9514647731621242,0.8905036895782534,44755,2752,1814
word_0020.nii.gz,4,right_kidney,0.9545239030601878,0.9255031177808604,35231,1348,2009
word_0020.nii.gz,5,stomach,0.9560777340276896,0.882664046298561,169362,9438,6123
word_0020.nii.gz,6,gallbladder,0.8727404193781634,0.9042270343582255,2414,286,418
word_0020.nii.gz,7,esophagus,0.8095673369896405,0.84700197291872,2657,811,439
word_0020.nii.gz,8,pancreas,0.8532270563489428,0.8046850335686758,19268,4544,2085
word_0020.nii.gz,9,duodenum,0.8358393408856849,0.8123184529647229,14203,3123,2456
word_0020.nii.gz,10,colon,0.8482976552299235,0.6645404707897956,154626,18927,36377
word_0020.nii.gz,11,intestine,0.8881727992050705,0.7288687629014676,253850,47359,16564
word_0020.nii.gz,12,adrenal,0.7315716272600834,0.7947127723373999,1578,745,413
word_0020.nii.gz,13,rectum,0.8782076107692528,0.5681951792887164,30613,1520,6971
word_0020.nii.gz,14,bladder,0.9633045814182879,0.8747353002717148,91801,3923,3071
word_0020.nii.gz,15,head_of_femur_left,0.9318089015924867,0.8560710597643542,36512,4242,1102
word_0020.nii.gz,16,head_of_femur_right,0.94286656185018,0.8858477523728857,37181,3327,1179
word_0022.nii.gz,1,liver,0.9685118325787481,0.8651364823801035,350610,16586,6212
word_0022.nii.gz,2,spleen,0.9597328457454627,0.9046798769634256,81620,5929,920
word_0022.nii.gz,3,left_kidney,0.9484419178920197,0.8953163415202492,63566,3106,3805
word_0022.nii.gz,4,right_kidney,0.9579608814939375,0.9241239768777918,48708,2028,2247
word_0022.nii.gz,5,stomach,0.9412215968879626,0.7580147875664817,138641,14137,3179
word_0022.nii.gz,6,gallbladder,0.8402158905485126,0.8269360663293124,3347,710,563
word_0022.nii.gz,7,esophagus,0.7756906077348066,0.6826108284348594,2808,1585,39
word_0022.nii.gz,8,pancreas,0.8285978084769089,0.7061181326404956,23782,7347,2492
word_0022.nii.gz,9,duodenum,0.882745904545777,0.798608610477583,31119,6732,1535
word_0022.nii.gz,10,colon,0.8793212326267185,0.7412147021194166,151777,29309,12351
word_0022.nii.gz,11,intestine,0.8921072933027712,0.8027163394588982,321478,41491,36269
word_0022.nii.gz,12,adrenal,0.7759703196347032,0.8274661070232765,2719,1293,277
word_0022.nii.gz,13,rectum,0.8529594355192829,0.643167895367365,28166,2539,7172
word_0022.nii.gz,14,bladder,0.9458486776029461,0.7848925273140944,67806,4799,2965
word_0022.nii.gz,15,head_of_femur_left,0.9435023529084176,0.8323243940434374,67768,3896,4220
word_0022.nii.gz,16,head_of_femur_right,0.9415983744432334,0.8280546213275783,69973,3612,5068
word_0026.nii.gz,1,liver,0.9583924687580639,0.7901401111594039,415973,24672,11446
word_0026.nii.gz,2,spleen,0.9572216217056916,0.914901769696042,61546,4356,1145
word_0026.nii.gz,3,left_kidney,0.9462144380855074,0.8745686599852555,68531,5200,2591
word_0026.nii.gz,4,right_kidney,0.9503040968353715,0.8903992896635804,79922,6178,2181
word_0026.nii.gz,5,stomach,0.9406198984974513,0.8067651738973702,127050,8606,7435
word_0026.nii.gz,6,gallbladder,0.7909371781668383,0.7180950889146952,4224,1058,1175
word_0026.nii.gz,7,esophagus,0.7549434221053835,0.7386145158303834,6605,2697,1591
word_0026.nii.gz,8,pancreas,0.8654538786950087,0.7406003934510852,33040,7409,2864
word_0026.nii.gz,9,duodenum,0.8249004843892379,0.7125909309212037,25800,5629,5324
word_0026.nii.gz,10,colon,0.8055181403432544,0.5857168967243398,241007,33719,82657
word_0026.nii.gz,11,intestine,0.8632011115773393,0.6790637573644743,343548,69077,39813
word_0026.nii.gz,12,adrenal,0.5908492910393217,0.7007716190548839,2021,1970,829
word_0026.nii.gz,13,rectum,0.7368306189813678,0.5632634545753651,13505,8353,1294
word_0026.nii.gz,14,bladder,0.8790066825235021,0.6472345914459833,31043,5792,2754
word_0026.nii.gz,15,head_of_femur_left,0.9334621386638924,0.7970973136030103,62808,8229,725
word_0026.nii.gz,16,head_of_femur_right,0.9198512005410889,0.7575254508603516,62560,9148,1754
word_0027.nii.gz,1,liver,0.967806682153504,0.8754848482761982,294130,15654,3914
word_0027.nii.gz,2,spleen,0.955230163264079,0.9106048689874032,47655,2793,1674
word_0027.nii.gz,3,left_kidney,0.9414534641809675,0.8801474880417752,46384,2607,3162
word_0027.nii.gz,4,right_kidney,0.9461195058374696,0.8916412147162701,47367,1435,3960
word_0027.nii.gz,5,stomach,0.9242001535705144,0.7791035648890956,72217,5104,6742
word_0027.nii.gz,6,gallbladder,0.9071367153912295,0.8602217909761978,8440,789,939
word_0027.nii.gz,7,esophagus,0.7838889829074294,0.7388946682201888,2316,884,393
word_0027.nii.gz,8,pancreas,0.8586813093261823,0.7886117113741267,20173,2891,3749
word_0027.nii.gz,9,duodenum,0.8743016759776536,0.7841127161378123,30361,4491,4239
word_0027.nii.gz,10,colon,0.8274548089174233,0.6554044244945281,175022,54567,18426
word_0027.nii.gz,11,intestine,0.8980174762754862,0.7295032462696792,501774,36006,77961
word_0027.nii.gz,12,adrenal,0.8001815499829796,0.8363102325771034,3526,1084,677
word_0027.nii.gz,13,rectum,0.893523396343353,0.8333446266654164,14417,1857,1579
word_0027.nii.gz,14,bladder,0.954318335568558,0.8094414736291365,80408,2466,5232
word_0027.nii.gz,15,head_of_femur_left,0.9459595418147632,0.8668180536337989,57354,3715,2838
word_0027.nii.gz,16,head_of_femur_right,0.9546274339534417,0.9033812497610655,57165,3096,2338
word_0028.nii.gz,1,liver,0.9634297634352661,0.8365467718809836,385185,19508,9734
word_0028.nii.gz,2,spleen,0.961455803470026,0.9350224189872971,55027,3931,481
word_0028.nii.gz,3,left_kidney,0.9615979938605215,0.944740236873021,55602,3670,771
word_0028.nii.gz,4,right_kidney,0.9648067240877127,0.9588224826596361,57968,2502,1727
word_0028.nii.gz,5,stomach,0.8723911292032396,0.7633260347037144,51434,6327,8720
word_0028.nii.gz,6,gallbladder,0.8510936405386471,0.774303709687876,5467,1545,368
word_0028.nii.gz,7,esophagus,0.7295508274231679,0.7417932561946013,3086,1489,799
word_0028.nii.gz,8,pancreas,0.8758645585156306,0.7934370764102665,30329,3885,4712
word_0028.nii.gz,9,duodenum,0.6922024623803009,0.6027894600805311,17204,11894,3406
word_0028.nii.gz,10,colon,0.8297631118811328,0.670840314144876,207854,70944,14344
word_0028.nii.gz,11,intestine,0.8737573775051646,0.7725793699231714,301566,27736,59406
word_0028.nii.gz,12,adrenal,0.7476862388104991,0.8090837968671831,2464,1386,277
word_0028.nii.gz,13,rectum,0.787605567257909,0.5310286684046055,20004,3522,7267
word_0028.nii.gz,14,bladder,0.9710686081081815,0.8922390323114046,178664,6035,4611
word_0028.nii.gz,15,head_of_femur_left,0.9505259057265291,0.9187754585891991,37820,2834,1103
word_0028.nii.gz,16,head_of_femur_right,0.9379070995649221,0.8821760428682272,37294,3703,1235
word_0029.nii.gz,1,liver,0.971350440101998,0.8779207812364959,526063,20039,10993
word_0029.nii.gz,2,spleen,0.9579903138856221,0.9196007922178602,65573,3685,2066
word_0029.nii.gz,3,left_kidney,0.9574619020350253,0.9201715890991162,56012,1372,3605
word_0029.nii.gz,4,right_kidney,0.9572776844150411,0.9054115484018965,67501,2291,3734
word_0029.nii.gz,5,stomach,0.9423737862457873,0.8667582031996517,70605,2742,5893
word_0029.nii.gz,6,gallbladder,0.7129762004877639,0.6765346202864813,4239,2744,669
word_0029.nii.gz,7,esophagus,0.853629274145171,0.8179289690590543,4269,807,657
word_0029.nii.gz,8,pancreas,0.9156645342853048,0.8734758951513316,35140,2889,3584
word_0029.nii.gz,9,duodenum,0.8766456408511529,0.8549143343198653,16747,3014,1699
word_0029.nii.gz,10,colon,0.913587846116148,0.7977792499805727,233022,23861,20220
word_0029.nii.gz,11,intestine,0.9212706061532892,0.88106540171971,295188,34082,16370
word_0029.nii.gz,12,adrenal,0.7293594964827842,0.7834080626332394,2955,1776,417
word_0029.nii.gz,13,rectum,0.898335407591786,0.7641644624742651,23098,2384,2844
word_0029.nii.gz,14,bladder,0.9689900875814833,0.834826582658428,196439,4404,8169
word_0029.nii.gz,15,head_of_femur_left,0.9372376080437467,0.8831547985527463,39849,3441,1896
word_0029.nii.gz,16,head_of_femur_right,0.9338175766843573,0.8631663708488188,41525,4518,1368
word_0030.nii.gz,1,liver,0.9652216867148178,0.8145347964854607,614533,12403,31882
word_0030.nii.gz,2,spleen,0.9479691715316415,0.8707882433212296,76075,5797,2554
word_0030.nii.gz,3,left_kidney,0.944825618714785,0.8755524267015712,66237,4820,2916
word_0030.nii.gz,4,right_kidney,0.954467736605411,0.9173982920533331,66430,3932,2406
word_0030.nii.gz,5,stomach,0.9004370031064076,0.7390888659452207,85510,11063,7847
word_0030.nii.gz,6,gallbladder,0.9011137178761157,0.7879233694551321,16708,1095,2572
word_0030.nii.gz,7,esophagus,0.847408562044202,0.8086557335212426,7611,1732,1009
word_0030.nii.gz,8,pancreas,0.8578432109719235,0.746321119592422,28522,5676,3777
word_0030.nii.gz,9,duodenum,0.6766893986360818,0.5237382589137977,19647,5788,12986
word_0030.nii.gz,10,colon,0.8135724454200671,0.584735971591519,299463,104617,32625
word_0030.nii.gz,11,intestine,0.833121583620708,0.7485039471993293,353446,43949,97645
word_0030.nii.gz,12,adrenal,0.6951152579582875,0.7594151909958,2533,1609,613
word_0030.nii.gz,13,rectum,0.7825998036649214,0.6237384986453495,19133,6115,4515
word_0030.nii.gz,14,bladder,0.9598327420172327,0.8601034507904742,83325,2954,4020
word_0030.nii.gz,15,head_of_femur_left,0.9374811997244243,0.8593141703342697,48307,3286,3157
word_0030.nii.gz,16,head_of_femur_right,0.9372659089863341,0.8625792947157399,50924,1673,5144
word_0032.nii.gz,1,liver,0.9767303339077595,0.9192603661327563,406669,11736,7641
word_0032.nii.gz,2,spleen,0.9522506253294898,0.9187794269604478,42448,3584,673
word_0032.nii.gz,3,left_kidney,0.9562880154759026,0.9009337998394104,51411,3243,1457
word_0032.nii.gz,4,right_kidney,0.9574637303568,0.9274700117926175,52368,3560,1093
word_0032.nii.gz,5,stomach,0.9628688189619943,0.9244454899340422,117807,6130,2956
word_0032.nii.gz,6,gallbladder,0.8807539682539682,0.918747117276649,4439,625,577
word_0032.nii.gz,7,esophagus,0.8698665486986655,0.9043128711399299,5899,1343,422
word_0032.nii.gz,8,pancreas,0.8614586933978569,0.770433744264414,24922,4756,3260
word_0032.nii.gz,9,duodenum,0.8522544042997909,0.8332040343598296,14271,3207,1741
word_0032.nii.gz,10,colon,0.9022508371070311,0.7725885082046535,296670,45893,18389
word_0032.nii.gz,11,intestine,0.9044551798174987,0.7925147545830518,343740,32533,40091
word_0032.nii.gz,12,adrenal,0.7751159196290572,0.8502281902099368,2006,929,235
word_0032.nii.gz,13,rectum,0.8611007113440659,0.69783380527931,18400,2136,3800
word_0032.nii.gz,14,bladder,0.8427028872239889,0.679467919945351,23452,6275,2480
word_0032.nii.gz,15,head_of_femur_left,0.9455676140007018,0.900094514243204,39077,3103,1396
word_0032.nii.gz,16,head_of_femur_right,0.9510592191737025,0.9219009942601121,40158,2554,1579
word_0036.nii.gz,1,liver,0.9582454245395015,0.8190767676177156,389464,23587,10354
word_0036.nii.gz,2,spleen,0.9659580692345198,0.8944229785073541,198118,7284,6680
word_0036.nii.gz,3,left_kidney,0.9256367840109896,0.7855837013192778,47842,4290,3397
word_0036.nii.gz,4,right_kidney,0.9393618161678002,0.8681166806190378,39433,3374,1717
word_0036.nii.gz,5,stomach,0.9395846632620491,0.8388686335531936,94199,5506,6608
word_0036.nii.gz,6,gallbladder,0.005946297500696832,0.0,32,899,9800
word_0036.nii.gz,7,esophagus,0.7243618450515003,0.7388541092819638,3235,2157,305
word_0036.nii.gz,8,pancreas,0.8491110910567639,0.7591445143858199,18818,4192,2496
word_0036.nii.gz,9,duodenum,0.8151038919945154,0.7274838172669231,15456,4900,2112
word_0036.nii.gz,10,colon,0.8566936521069005,0.6853741322997013,166193,27002,28599
word_0036.nii.gz,11,intestine,0.9060161115237388,0.7521728499497046,348876,39913,32467
word_0036.nii.gz,12,adrenal,0.6477902621722846,0.7419045197205716,2162,1778,573
word_0036.nii.gz,13,rectum,0.7165821200342578,0.560017276468866,10877,7863,741
word_0036.nii.gz,14,bladder,0.9654294331910405,0.852470801688714,117151,4438,3952
word_0036.nii.gz,15,head_of_femur_left,0.9182418815846535,0.7838604689013273,35996,5703,707
word_0036.nii.gz,16,head_of_femur_right,0.9262372569559774,0.817257843417559,36252,4971,803
word_0038.nii.gz,1,liver,0.950027532368807,0.6915659403029034,682353,55411,16374
word_0038.nii.gz,2,spleen,0.9713726033499175,0.8169677590865966,553899,14059,18589
word_0038.nii.gz,3,left_kidney,0.9163402896014422,0.7464940537883494,86919,9469,6402
word_0038.nii.gz,4,right_kidney,0.9231374809337373,0.7979130242941305,65666,7410,3525
word_0038.nii.gz,5,stomach,0.9016396811046272,0.5318021112904222,175524,27796,10500
word_0038.nii.gz,6,gallbladder,0.550577251698412,0.3354782868432931,6605,9012,1771
word_0038.nii.gz,7,esophagus,0.7933804907868308,0.6335089631834884,9085,814,3918
word_0038.nii.gz,8,pancreas,0.8004845994811625,0.630231062020132,30394,7253,7898
word_0038.nii.gz,9,duodenum,0.7648129990194705,0.6091055271655692,24570,6494,8617
word_0038.nii.gz,10,colon,0.8045863653122759,0.4785471309405041,355702,87874,84908
word_0038.nii.gz,11,intestine,0.6724158682081683,0.39947811728424504,522374,299013,209962
word_0038.nii.gz,12,adrenal,0.6869217589948601,0.7593373713485907,3007,645,2096
word_0038.nii.gz,13,rectum,0.7392262377647535,0.5257573919002194,24658,7808,9589
word_0038.nii.gz,14,bladder,0.5979585407346732,0.362744962808069,47451,58008,5800
word_0038.nii.gz,15,head_of_femur_left,0.7727646134581795,0.6572445822658934,48445,24469,4022
word_0038.nii.gz,16,head_of_femur_right,0.789773356319294,0.6933576744420731,49935,22871,3713
word_0040.nii.gz,1,liver,0.9563012626348569,0.797111994762546,280990,14234,11446
word_0040.nii.gz,2,spleen,0.9408346036585366,0.8870338943731869,29625,1051,2675
word_0040.nii.gz,3,left_kidney,0.9218189336641456,0.8271376052009589,34553,3326,2535
word_0040.nii.gz,4,right_kidney,0.930370460011799,0.8646655195506051,30752,2989,1614
word_0040.nii.gz,5,stomach,0.90827001869605,0.7293638516856678,136998,19348,8324
word_0040.nii.gz,6,gallbladder,0.6992375601926164,0.5679015517779,3485,672,2326
word_0040.nii.gz,7,esophagus,0.7373874429505366,0.7424286449007114,2989,1890,239
word_0040.nii.gz,8,pancreas,0.7824016164726258,0.6586335368956873,16263,7284,1762
word_0040.nii.gz,9,duodenum,0.7524215223895735,0.6755532976025986,29674,3304,16224
word_0040.nii.gz,10,colon,0.7687018764967589,0.5804402349818819,217789,91156,39907
word_0040.nii.gz,11,intestine,0.7869957509311232,0.6703610015267913,240040,41405,88531
word_0040.nii.gz,12,adrenal,0.610145739910314,0.6659871168719532,2177,2092,690
word_0040.nii.gz,13,rectum,0.7518365040497269,0.6126852255242515,7983,4658,612
word_0040.nii.gz,14,bladder,0.9556810775581143,0.8477604584727358,92379,3210,5358
word_0040.nii.gz,15,head_of_femur_left,0.9127043417120759,0.7518817245545334,41539,7239,707
word_0040.nii.gz,16,head_of_femur_right,0.9281680477120389,0.81010845345194,43965,5041,1764
word_0041.nii.gz,1,liver,0.9638307834595448,0.8696293130837808,291274,14935,6926
word_0041.nii.gz,2,spleen,0.9530142960156581,0.9350477889578115,41631,3252,853
word_0041.nii.gz,3,left_kidney,0.9596130068680451,0.9311959109106346,53164,2973,1502
word_0041.nii.gz,4,right_kidney,0.9552968546943301,0.9111702829896652,52559,2809,2110
word_0041.nii.gz,5,stomach,0.9350964468773038,0.7741169239815294,161090,7718,14644
word_0041.nii.gz,6,gallbladder,0.20354609929078013,0.2864188824231101,287,1683,563
word_0041.nii.gz,7,esophagus,0.7687595712098009,0.8051890364366818,2510,751,759
word_0041.nii.gz,8,pancreas,0.84206733800508,0.7557504681285061,23372,5690,3077
word_0041.nii.gz,9,duodenum,0.5864149884218651,0.5424693135023839,8357,8315,3473
word_0041.nii.gz,10,colon,0.814632656934668,0.6014686085881651,148077,49475,17914
word_0041.nii.gz,11,intestine,0.8589250415511464,0.637300335847873,237464,36824,41181
word_0041.nii.gz,12,adrenal,0.6561524560538853,0.6893387759612088,1997,1483,610
word_0041.nii.gz,13,rectum,0.8190804597701149,0.6218989301810094,14252,2512,3784
word_0041.nii.gz,14,bladder,0.9301934398654331,0.7533210979022954,69678,6848,3610
word_0041.nii.gz,15,head_of_femur_left,0.9429343668723545,0.8977873801692433,36980,1247,3229
word_0041.nii.gz,16,head_of_femur_right,0.9412276548644256,0.8876132756476411,36778,1406,3187
word_0042.nii.gz,1,liver,0.9727682634426237,0.8880941671963255,421125,17197,6381
word_0042.nii.gz,2,spleen,0.9612147424428644,0.9424642241616067,61784,3215,1771
word_0042.nii.gz,3,left_kidney,0.9525785837243851,0.9266400899894379,40396,2752,1270
word_0042.nii.gz,4,right_kidney,0.9424076569762645,0.9087152030124805,34265,3206,982
word_0042.nii.gz,5,stomach,0.9515669353275801,0.8158072863418568,166941,12843,4151
word_0042.nii.gz,6,gallbladder,0.8988002984903277,0.8638921489425243,7829,1032,731
word_0042.nii.gz,7,esophagus,0.8577654516640254,0.8275366164023015,4330,850,586
word_0042.nii.gz,8,pancreas,0.8704881402543829,0.769001940088277,30387,6979,2063
word_0042.nii.gz,9,duodenum,0.8533608180752597,0.7940995594609473,21113,3425,3831
word_0042.nii.gz,10,colon,0.8817646672648095,0.6821135190471856,302205,37435,43610
word_0042.nii.gz,11,intestine,0.8875538841330606,0.750923921918488,342093,49163,37518
word_0042.nii.gz,12,adrenal,0.7671775898520085,0.784272620787039,2903,1283,479
word_0042.nii.gz,13,rectum,0.8599899634382393,0.6829343204125062,17994,1697,4162
word_0042.nii.gz,14,bladder,0.9516556575185645,0.8048802872711404,77726,6461,1436
word_0042.nii.gz,15,head_of_femur_left,0.958421942765284,0.9043295980190593,57236,3065,1901
word_0042.nii.gz,16,head_of_femur_right,0.9593131828667517,0.9143059350055115,56764,2444,2371
word_0044.nii.gz,1,liver,0.9668387534385952,0.8768748709590801,282227,9029,10331
word_0044.nii.gz,2,spleen,0.953865110716486,0.9271126945883059,39480,1849,1970
word_0044.nii.gz,3,left_kidney,0.9483203474262358,0.9086307903997479,37122,1186,2860
word_0044.nii.gz,4,right_kidney,0.9452561517239673,0.9070377076185946,38203,1007,3418
word_0044.nii.gz,5,stomach,0.9423072484107602,0.8001719131206078,102058,3416,9081
word_0044.nii.gz,6,gallbladder,0.8177240684793555,0.7485941839263919,3248,618,830
word_0044.nii.gz,7,esophagus,0.8079713472311507,0.7987992743299985,4399,1238,853
word_0044.nii.gz,8,pancreas,0.8796360527207318,0.7974551111410539,27263,4174,3287
word_0044.nii.gz,9,duodenum,0.7934997594483348,0.7040682403001107,14844,3106,4620
word_0044.nii.gz,10,colon,0.897873858254207,0.7361963019129947,298293,31904,35953
word_0044.nii.gz,11,intestine,0.8743748426799525,0.7619243210243453,251844,36825,35542
word_0044.nii.gz,12,adrenal,0.7679394727509162,0.809987517058733,3248,554,1409
word_0044.nii.gz,13,rectum,0.8155377256596205,0.6009271999029939,10571,4279,503
word_0044.nii.gz,14,bladder,0.921528717699691,0.7249695673614039,44596,1916,5679
word_0044.nii.gz,15,head_of_femur_left,0.9026421136909527,0.7781697954328157,45096,6936,2792
word_0044.nii.gz,16,head_of_femur_right,0.9289457215180414,0.80763239007606,49726,4033,3574
word_0046.nii.gz,1,liver,0.9659950693721906,0.8662206734735163,471181,22226,10947
word_0046.nii.gz,2,spleen,0.9529851605436489,0.888717747019521,78637,3950,3809
word_0046.nii.gz,3,left_kidney,0.9434792216948867,0.8998699370678604,44828,1168,4203
word_0046.nii.gz,4,right_kidney,0.9338465286236297,0.8813184228015084,47918,749,6040
word_0046.nii.gz,5,stomach,0.9608649579865975,0.8396277542600605,225331,9358,8997
word_0046.nii.gz,6,gallbladder,0.8836671802773498,0.897976071683135,2294,287,317
word_0046.nii.gz,7,esophagus,0.8567584097859328,0.8974970786909416,3502,624,547
word_0046.nii.gz,8,pancreas,0.9048573927512427,0.8183637109461018,42417,4560,4360
word_0046.nii.gz,9,duodenum,0.8832556864894492,0.8728903643321284,16115,2492,1768
word_0046.nii.gz,10,colon,0.9048533102127555,0.7282336356724244,202465,22182,20397
word_0046.nii.gz,11,intestine,0.8898163934543541,0.7477687664613294,248689,32694,28895
word_0046.nii.gz,12,adrenal,0.7629744384198296,0.8358667231444222,2955,1269,567
word_0046.nii.gz,13,rectum,0.8354430379746836,0.6384731905640785,17886,2444,4602
word_0046.nii.gz,14,bladder,0.8894132452414661,0.7300604570998741,14135,2108,1407
word_0046.nii.gz,15,head_of_femur_left,0.9553743424926888,0.9041143098073499,47859,2082,2389
word_0046.nii.gz,16,head_of_femur_right,0.9529432850087621,0.8904850286765434,47853,1685,3041
word_0047.nii.gz,1,liver,0.971239884842826,0.87382029160374,499295,19555,10015
word_0047.nii.gz,2,spleen,0.9601351238728102,0.9147100033087957,86404,1883,5292
word_0047.nii.gz,3,left_kidney,0.9570802083073779,0.8906700275950253,76821,1167,5723
word_0047.nii.gz,4,right_kidney,0.9655922589255923,0.9309310395121833,72347,1486,3670
word_0047.nii.gz,5,stomach,0.9503046553742409,0.8062934043648567,142473,4052,10849
word_0047.nii.gz,6,gallbladder,0.8499172060815896,0.7935187274355623,5646,1245,749
word_0047.nii.gz,7,esophagus,0.8903186274509803,0.901813502032721,2906,404,312
word_0047.nii.gz,8,pancreas,0.918050070927424,0.8645280595645214,47891,4589,3961
word_0047.nii.gz,9,duodenum,0.8832489496929872,0.8573285214395424,20498,2746,2673
word_0047.nii.gz,10,colon,0.9152820181618914,0.7899939232669314,187069,22047,12583
word_0047.nii.gz,11,intestine,0.9285791269584657,0.8587668910284801,417862,30300,33979
word_0047.nii.gz,12,adrenal,0.6711327649208283,0.748938452606267,2755,1774,926
word_0047.nii.gz,13,rectum,0.847148288973384,0.6495230031785333,18381,1928,4705
word_0047.nii.gz,14,bladder,0.9591831325620536,0.8675677814465684,72379,2967,3193
word_0047.nii.gz,15,head_of_femur_left,0.9492436048664147,0.8748399168097016,55124,2803,3092
word_0047.nii.gz,16,head_of_femur_right,0.9486642760324623,0.8663262455928028,55291,2772,3212
word_0049.nii.gz,1,liver,0.9611929527523541,0.8327586103038612,346301,21197,6766
word_0049.nii.gz,2,spleen,0.9607299400661955,0.9175041381445576,80550,5084,1501
word_0049.nii.gz,3,left_kidney,0.9493192713326941,0.8859194787342022,49507,2853,2433
word_0049.nii.gz,4,right_kidney,0.9541772151898734,0.9197789326174249,45228,1619,2725
word_0049.nii.gz,5,stomach,0.9381245879681467,0.791513047602025,179300,8497,15155
word_0049.nii.gz,6,gallbladder,0.7635157545605307,0.690241169666957,2302,1251,175
word_0049.nii.gz,7,esophagus,0.767826904985889,0.7664859648486012,4081,1326,1142
word_0049.nii.gz,8,pancreas,0.8432018433478833,0.7359148311004425,25982,6071,3592
word_0049.nii.gz,9,duodenum,0.6931862259190622,0.6370989304482342,16084,11906,2332
word_0049.nii.gz,10,colon,0.8844645854524956,0.7372957099779613,280852,39158,34216
word_0049.nii.gz,11,intestine,0.8958238675269191,0.8228453745361161,349963,47412,33983
word_0049.nii.gz,12,adrenal,0.6881530537159676,0.7111099800337384,2338,1951,168
word_0049.nii.gz,13,rectum,0.8741566879932287,0.7292148534519752,17557,4176,879
word_0049.nii.gz,14,bladder,0.9619144466794831,0.8627126918901769,64796,3158,1973
word_0049.nii.gz,15,head_of_femur_left,0.9350342503388402,0.8661858610965134,51051,5217,1877
word_0049.nii.gz,16,head_of_femur_right,0.9384760246593352,0.8430680513811547,52824,5726,1200
word_0051.nii.gz,1,liver,0.9597246659225205,0.8463675289218249,304369,17390,8156
word_0051.nii.gz,2,spleen,0.952999327308356,0.929063173957876,48876,2177,2644
word_0051.nii.gz,3,left_kidney,0.5974482319454354,0.5635438089396678,38936,48308,4161
word_0051.nii.gz,4,right_kidney,0.5846867749419954,0.57474081007321,37800,50722,2978
word_0051.nii.gz,5,stomach,0.9542591748259314,0.8410867041661824,123484,5459,6379
word_0051.nii.gz,6,gallbladder,0.8962983579181742,0.8611554435179855,8051,504,1359
word_0051.nii.gz,7,esophagus,0.8306946688206786,0.7719322331236016,2571,654,394
word_0051.nii.gz,8,pancreas,0.8763527713048078,0.7774246878455575,30650,3562,5087
word_0051.nii.gz,9,duodenum,0.8082583704925639,0.7509803582600321,15679,4195,3244
word_0051.nii.gz,10,colon,0.8139994714225585,0.7038660365844515,83159,17452,20552
word_0051.nii.gz,11,intestine,0.8768629630136906,0.7746882778818958,224074,39024,23909
word_0051.nii.gz,12,adrenal,0.7523800365419752,0.7921060485033936,3912,1161,1414
word_0051.nii.gz,13,rectum,0.8369556532161406,0.6269969790466676,20949,4326,3836
word_0051.nii.gz,14,bladder,0.9262709812268203,0.7730709004889211,36339,3248,2537
word_0051.nii.gz,15,head_of_femur_left,0.9027872063929243,0.7924942089639361,46545,6279,3745
word_0051.nii.gz,16,head_of_femur_right,0.9088209263447733,0.8149843126754508,46209,5354,3918
word_0053.nii.gz,1,liver,0.9690548193099219,0.8480266876839758,480344,14803,15875
word_0053.nii.gz,2,spleen,0.963963963963964,0.8485140390627193,225128,10844,5988
word_0053.nii.gz,3,left_kidney,0.9238478193628209,0.7421750490692297,74670,8612,3698
word_0053.nii.gz,4,right_kidney,0.8990894937962919,0.7637164435836851,28587,1840,4577
word_0053.nii.gz,5,stomach,0.91508015278655,0.7913365462867761,60851,7543,3751
word_0053.nii.gz,6,gallbladder,0.9060961231708163,0.8426039833335038,13065,1262,1446
word_0053.nii.gz,7,esophagus,0.6782741235783797,0.6269630941295637,5785,3991,1497
word_0053.nii.gz,8,pancreas,0.5545299630786709,0.5395391483644294,7810,11634,914
word_0053.nii.gz,9,duodenum,0.038973545572990424,0.10427779559368454,344,13195,3770
word_0053.nii.gz,10,colon,0.8652162384541158,0.6564349379499169,158258,25345,23962
word_0053.nii.gz,11,intestine,0.8521153327140346,0.6849916264920504,285736,39730,59449
word_0053.nii.gz,12,adrenal,0.026136957658128592,0.055461680916282764,50,3449,277
word_0053.nii.gz,13,rectum,0.8456786491733835,0.663384976497208,21561,6122,1747
word_0053.nii.gz,14,bladder,0.9212012955570142,0.7641983908358724,42805,2694,4629
word_0053.nii.gz,15,head_of_femur_left,0.6396869078339698,0.4442083339798186,33589,31366,6473
word_0053.nii.gz,16,head_of_femur_right,0.6672885098606564,0.45222252876672864,35054,30443,4513
word_0055.nii.gz,1,liver,0.9757667517781456,0.9096398583619066,456290,14074,8590
word_0055.nii.gz,2,spleen,0.9592727172626421,0.9261474520148673,69695,4115,1803
word_0055.nii.gz,3,left_kidney,0.9580763146661756,0.902989743963577,57235,2816,2193
word_0055.nii.gz,4,right_kidney,0.9590502845256919,0.9289782468220191,56712,2886,1957
word_0055.nii.gz,5,stomach,0.930753643519601,0.8617814241915058,47770,4690,2418
word_0055.nii.gz,6,gallbladder,0.8824778077962177,0.8891250089865412,4573,420,798
word_0055.nii.gz,7,esophagus,0.8384331116038433,0.8853290618148643,2836,652,441
word_0055.nii.gz,8,pancreas,0.891096884336321,0.8099862056778244,26098,3810,2569
word_0055.nii.gz,9,duodenum,0.8369026465912279,0.8215250467533762,8949,2230,1258
word_0055.nii.gz,10,colon,0.9013775504801839,0.7527639046811402,212822,34275,12296
word_0055.nii.gz,11,intestine,0.9122721956105131,0.8210820337809422,257773,29342,20235
word_0055.nii.gz,12,adrenal,0.7239093571758902,0.8312608704759652,2348,1033,758
word_0055.nii.gz,13,rectum,0.8374562790751365,0.5824813470965268,36274,2526,11555
word_0055.nii.gz,14,bladder,0.9560049589888778,0.8211713249614716,134562,6926,5459
word_0055.nii.gz,15,head_of_femur_left,0.9541694612117148,0.9155104082031951,38412,2840,850
word_0055.nii.gz,16,head_of_femur_right,0.9628551337881348,0.9533927085291234,39025,2112,899
word_0056.nii.gz,1,liver,0.9537323038225286,0.8047248505577143,340110,20556,12443
word_0056.nii.gz,2,spleen,0.9489711496861456,0.8835550041437389,62513,4079,2644
word_0056.nii.gz,3,left_kidney,0.9167840477183484,0.7819811853640064,58252,5811,4764
word_0056.nii.gz,4,right_kidney,0.9382882987900124,0.8623961339199887,40246,1737,3557
word_0056.nii.gz,5,stomach,0.9072124653023909,0.6557610654024701,136941,3927,24085
word_0056.nii.gz,6,gallbladder,0.7752206264059526,0.7260837739637676,2240,355,944
word_0056.nii.gz,7,esophagus,0.6420693020985847,0.6545380411272536,3289,772,2895
word_0056.nii.gz,8,pancreas,0.8341386738079991,0.6965979312019567,28656,4313,7083
word_0056.nii.gz,9,duodenum,0.6622246979175593,0.5139307855637575,15455,4182,11584
word_0056.nii.gz,10,colon,0.828455226736291,0.6111874153765421,122321,14921,35736
word_0056.nii.gz,11,intestine,0.8721949886618958,0.7280965992058321,293665,48327,37736
word_0056.nii.gz,12,adrenal,0.5730858468677494,0.5784288906489121,2717,536,3512
word_0056.nii.gz,13,rectum,0.7685215284139603,0.5135503518690326,13003,3542,4291
word_0056.nii.gz,14,bladder,0.8331438415159346,0.6155418937949383,24182,2603,7083
word_0056.nii.gz,15,head_of_femur_left,0.9217111958507547,0.8323787993345163,37586,4594,1791
word_0056.nii.gz,16,head_of_femur_right,0.9317034604390926,0.8543212428183785,38300,3559,2056
word_0058.nii.gz,1,liver,0.9627124735343981,0.8258442536873605,369671,10073,18563
word_0058.nii.gz,2,spleen,0.9434542375902326,0.8985311908290441,42346,3751,1325
word_0058.nii.gz,3,left_kidney,0.946258795047033,0.9100043417430802,37522,2621,1641
word_0058.nii.gz,4,right_kidney,0.9365948090435448,0.8659261040351761,39189,3649,1657
word_0058.nii.gz,5,stomach,0.9094388404262899,0.757577766923242,89346,10301,7493
word_0058.nii.gz,6,gallbladder,0.8802015936797657,0.8655221159900253,6462,928,831
word_0058.nii.gz,7,esophagus,0.8231871565564055,0.7911531653735031,3820,558,1083
word_0058.nii.gz,8,pancreas,0.8354114713216958,0.7560654738164181,17755,3433,3563
word_0058.nii.gz,9,duodenum,0.5670932747190414,0.3988169899369856,7998,10729,1482
word_0058.nii.gz,10,colon,0.8319453597747289,0.6447418693155039,166632,40326,26994
word_0058.nii.gz,11,intestine,0.8236747617298785,0.7413780996203048,231007,44505,54399
word_0058.nii.gz,12,adrenal,0.4751751446847396,0.4749455989131459,780,1588,135
word_0058.nii.gz,13,rectum,0.7634783164488191,0.5691753211237471,11945,6359,1042
word_0058.nii.gz,14,bladder,0.9721649153508385,0.8579333074224842,242211,4392,9478
word_0058.nii.gz,15,head_of_femur_left,0.9229839333155283,0.8382028871694098,32831,2531,2948
word_0058.nii.gz,16,head_of_femur_right,0.9379837605563162,0.8789893102302728,34598,2320,2255
word_0059.nii.gz,1,liver,0.9674462114125351,0.8419842700737988,351628,12624,11040
word_0059.nii.gz,2,spleen,0.9508769814959918,0.9149637133839568,39440,1968,2107
word_0059.nii.gz,3,left_kidney,0.9462784612815232,0.8879537127075272,59493,2230,4525
word_0059.nii.gz,4,right_kidney,0.9516440049443757,0.9111016555522542,57741,2108,3760
word_0059.nii.gz,5,stomach,0.9532012504768558,0.7893450347222466,192397,9734,9158
word_0059.nii.gz,6,gallbladder,0.8468041237113402,0.7609085659745353,4107,616,870
word_0059.nii.gz,7,esophagus,0.8420109730153398,0.8416281287873887,3760,620,791
word_0059.nii.gz,8,pancreas,0.889845816398942,0.8112960400378793,27587,3522,3308
word_0059.nii.gz,9,duodenum,0.9078148890302852,0.7833325974676494,47796,4287,5420
word_0059.nii.gz,10,colon,0.9025194197013979,0.7086912815218556,239169,24276,27389
word_0059.nii.gz,11,intestine,0.9073588624255462,0.7699988096045649,331940,31345,36437
word_0059.nii.gz,12,adrenal,0.6579388034708479,0.7304484724600383,2161,1339,908
word_0059.nii.gz,13,rectum,0.7774412703609724,0.47629254688286204,18996,7355,3521
word_0059.nii.gz,14,bladder,0.9575236173211086,0.8079565418773895,110075,1841,7925
word_0059.nii.gz,15,head_of_femur_left,0.8912423197437289,0.7829322550018812,50914,8251,4175
word_0059.nii.gz,16,head_of_femur_right,0.9028979535778052,0.813109397931819,52592,7147,4165
word_0061.nii.gz,1,liver,0.9542505492636754,0.7707400009927692,314239,4517,25614
word_0061.nii.gz,2,spleen,0.9393881845321747,0.8397200941067723,61831,1487,6492
word_0061.nii.gz,3,left_kidney,0.9113447660432995,0.7568803004252126,46978,4123,5017
word_0061.nii.gz,4,right_kidney,0.9329842360770196,0.8240082755088376,42761,1272,4871
word_0061.nii.gz,5,stomach,0.8747493975415646,0.6459945165272404,43196,2543,9827
word_0061.nii.gz,6,gallbladder,0.7920110192837465,0.7307132291221479,1725,33,873
word_0061.nii.gz,7,esophagus,0.7641492903451901,0.755821078448512,4361,1158,1534
word_0061.nii.gz,8,pancreas,0.8370135507492545,0.6760134992482253,22175,2208,6428
word_0061.nii.gz,9,duodenum,0.793776443291934,0.6843707611822594,14540,4763,2792
word_0061.nii.gz,10,colon,0.8140483179196286,0.6315774341912791,123275,41334,14985
word_0061.nii.gz,11,intestine,0.8597919577937363,0.7795056308301602,230113,28916,46134
word_0061.nii.gz,12,adrenal,0.23690357023690356,0.31936217887788604,355,1473,814
word_0061.nii.gz,13,rectum,0.720272658419591,0.6083101045250011,8559,2753,3895
word_0061.nii.gz,14,bladder,0.8251318736902955,0.6445448326256521,11419,3273,1567
word_0061.nii.gz,15,head_of_femur_left,0.9354018019396675,0.8155044506068112,48900,1186,5568
word_0061.nii.gz,16,head_of_femur_right,0.927152702493418,0.8086680073188883,47893,2363,5163
word_0062.nii.gz,1,liver,0.9603366724979077,0.8249909510002628,426268,21200,14011
word_0062.nii.gz,2,spleen,0.9401727745881848,0.8383865127569063,61327,6933,872
word_0062.nii.gz,3,left_kidney,0.9571144925016698,0.9154994471112314,52302,3065,1622
word_0062.nii.gz,4,right_kidney,0.9555365455775275,0.9097471243557036,48031,3194,1276
word_0062.nii.gz,5,stomach,0.9518468224577781,0.8114571163770831,164373,13253,3378
word_0062.nii.gz,6,gallbladder,0.7995580110497238,0.7596902271846413,1809,542,365
word_0062.nii.gz,7,esophagus,0.6701314277147569,0.6289809176475727,6705,5142,1459
word_0062.nii.gz,8,pancreas,0.8240192617534713,0.6926040132001443,22759,8122,1599
word_0062.nii.gz,9,duodenum,0.7521652231845436,0.6497214145732142,16935,4839,6321
word_0062.nii.gz,10,colon,0.7258208533124882,0.47788244439849203,114209,36933,49352
word_0062.nii.gz,11,intestine,0.821753285840657,0.6431557309465846,313987,90310,45904
word_0062.nii.gz,12,adrenal,0.7241290983606558,0.7475836153893276,2827,1228,926
word_0062.nii.gz,13,rectum,0.6601949394506252,0.3839706882744099,16764,11817,5440
word_0062.nii.gz,14,bladder,0.9606081308369082,0.8017271332378431,138500,6129,5230
word_0062.nii.gz,15,head_of_femur_left,0.9509305948616783,0.8935734960545308,51578,3335,1988
word_0062.nii.gz,16,head_of_femur_right,0.9543122315355486,0.9097132705517842,52543,1617,3414
word_0063.nii.gz,1,liver,0.9672930277715973,0.846405874733533,358665,15546,8709
word_0063.nii.gz,2,spleen,0.9526860142019141,0.9444663391518942,37029,1461,2217
word_0063.nii.gz,3,left_kidney,0.9527772901413687,0.9106205137414615,46133,1556,3017
word_0063.nii.gz,4,right_kidney,0.9516885126524668,0.9301087595238995,41821,1167,3079
word_0063.nii.gz,5,stomach,0.96035972961935,0.8741364518280528,115223,6364,3148
word_0063.nii.gz,6,gallbladder,0.7966183574879228,0.8135613027420648,1649,334,508
word_0063.nii.gz,7,esophagus,0.7965909090909091,0.7953782383967835,1402,588,128
word_0063.nii.gz,8,pancreas,0.8551830539571346,0.7716639946814245,20509,2606,4340
word_0063.nii.gz,9,duodenum,0.9012824712136864,0.8073159018964429,35771,4760,3076
word_0063.nii.gz,10,colon,0.8710409576799488,0.7384884600814116,156003,21793,24400
word_0063.nii.gz,11,intestine,0.8974268265435317,0.8515052898584033,240995,28599,26491
word_0063.nii.gz,12,adrenal,0.7251854962900742,0.7718647996004997,2590,584,1379
word_0063.nii.gz,13,rectum,0.9004872132655835,0.7907451854842515,21532,1570,3189
word_0063.nii.gz,14,bladder,0.9679427492085451,0.8943898685871294,109152,1808,5422
word_0063.nii.gz,15,head_of_femur_left,0.868197234542134,0.7576308211241805,33278,6713,3391
word_0063.nii.gz,16,head_of_femur_right,0.8794631679102609,0.7749253650769632,35124,5756,3872
word_0064.nii.gz,1,liver,0.9626932571418477,0.8274029839294174,435998,25800,7992
word_0064.nii.gz,2,spleen,0.953122727933692,0.9377234252514645,52437,3328,1830
word_0064.nii.gz,3,left_kidney,0.916909844877899,0.8009347634856668,56715,2254,8025
word_0064.nii.gz,4,right_kidney,0.9266681139858226,0.8422484795575147,49087,2187,5582
word_0064.nii.gz,5,stomach,0.933367716017128,0.8359739002269144,68771,4623,5196
word_0064.nii.gz,6,gallbladder,0.9208115183246073,0.835736138719884,19698,1608,1780
word_0064.nii.gz,7,esophagus,0.7913136857176948,0.7649923957669003,3316,363,1386
word_0064.nii.gz,8,pancreas,0.7468338696534865,0.6378911111202172,27038,11964,6367
word_0064.nii.gz,9,duodenum,0.7336315355612913,0.6338809561127242,27144,5115,14596
word_0064.nii.gz,10,colon,0.8831497953732977,0.7375571972012492,245683,48111,16902
word_0064.nii.gz,11,intestine,0.8799005498126966,0.8003877318301228,316392,38081,48289
word_0064.nii.gz,12,adrenal,0.819614711033275,0.9085825929979321,4446,1300,657
word_0064.nii.gz,13,rectum,0.7940413599719593,0.6634944246976059,22654,2104,9648
word_0064.nii.gz,14,bladder,0.9679565330082268,0.8984979736646961,100833,4217,2459
word_0064.nii.gz,15,head_of_femur_left,0.9430066037304213,0.8544534721886304,61832,4897,2577
word_0064.nii.gz,16,head_of_femur_right,0.9224201874025522,0.7809898626122633,60936,3647,6603
word_0065.nii.gz,1,liver,0.963715873696741,0.8035313451628111,524605,26554,12949
word_0065.nii.gz,2,spleen,0.9297565606027647,0.8005947880786609,47015,5629,1475
word_0065.nii.gz,3,left_kidney,0.9558009039235522,0.9230224787558733,65664,3562,2511
word_0065.nii.gz,4,right_kidney,0.9544146971331438,0.9209211877091317,58393,2778,2800
word_0065.nii.gz,5,stomach,0.962716655377569,0.8157002920575422,328322,17183,8247
word_0065.nii.gz,6,gallbladder,0.8768796992481203,0.8383032673536638,6531,1101,733
word_0065.nii.gz,7,esophagus,0.805165052587733,0.8287287655851786,3866,1469,402
word_0065.nii.gz,8,pancreas,0.8513274336283185,0.7408478458174848,25974,5436,3636
word_0065.nii.gz,9,duodenum,0.8757357920508413,0.7869403424321451,33623,4824,4718
word_0065.nii.gz,10,colon,0.8968705830619915,0.7578495395636717,214157,25691,23560
word_0065.nii.gz,11,intestine,0.9208392121262262,0.8259194108376785,411826,47818,22988
word_0065.nii.gz,12,adrenal,0.7438219493476592,0.8018701753079311,2423,967,702
word_0065.nii.gz,13,rectum,0.8015801108976914,0.545606307132819,22118,5292,5658
word_0065.nii.gz,14,bladder,0.9670422061543635,0.8554827249055492,178281,4850,7302
word_0065.nii.gz,15,head_of_femur_left,0.9293586435680059,0.8237581755761753,50427,6540,1126
word_0065.nii.gz,16,head_of_femur_right,0.9339328133390369,0.8295481356199429,51307,6251,1008
word_0067.nii.gz,1,liver,0.9591734728270114,0.7929180879713519,459599,21250,17875
word_0067.nii.gz,2,spleen,0.9592049415644827,0.8928318933602801,120115,4570,5647
word_0067.nii.gz,3,left_kidney,0.9374861791450838,0.8380966260558245,69951,5509,3820
word_0067.nii.gz,4,right_kidney,0.9488856088560885,0.8583708858069187,64287,3452,3474
word_0067.nii.gz,5,stomach,0.9526333808214337,0.8098473817371616,172520,9483,7673
word_0067.nii.gz,6,gallbladder,0.8099726360595926,0.7574889346408223,2664,783,467
word_0067.nii.gz,7,esophagus,0.8661579101849134,0.876089328362306,5902,1034,790
word_0067.nii.gz,8,pancreas,0.8310555734394662,0.7462330753761585,28398,8062,3484
word_0067.nii.gz,9,duodenum,0.8254376756628627,0.769194989476467,24376,2743,7567
word_0067.nii.gz,10,colon,0.8990609026429449,0.7243836928796356,283620,30044,33641
word_0067.nii.gz,11,intestine,0.9094711843075053,0.7969726779073912,422011,51928,32086
word_0067.nii.gz,12,adrenal,0.6988352745424293,0.7245091465556338,2310,1307,684
word_0067.nii.gz,13,rectum,0.8816318525056389,0.6980417436548956,17980,1223,3605
word_0067.nii.gz,14,bladder,0.947088833656575,0.8178984369937234,83260,1564,7739
word_0067.nii.gz,15,head_of_femur_left,0.8666240409207161,0.713927176517214,54216,11740,4948
word_0067.nii.gz,16,head_of_femur_right,0.8622271765295078,0.6985094533752131,53371,11651,5405
word_0068.nii.gz,1,liver,0.9624550653756674,0.8181182356554351,364257,22709,5710
word_0068.nii.gz,2,spleen,0.9582664729294333,0.9035972288283475,75842,4766,1840
word_0068.nii.gz,3,left_kidney,0.9222992710000254,0.8429487081400192,36310,4840,1278
word_0068.nii.gz,4,right_kidney,0.9383337673987904,0.9154259577741513,32426,2848,1414
word_0068.nii.gz,5,stomach,0.9420594259625057,0.8347122983129371,90376,5856,5261
word_0068.nii.gz,6,gallbladder,0.7831881086622245,0.726098091715226,1528,605,241
word_0068.nii.gz,7,esophagus,0.7265752373645343,0.761770977022233,3788,2147,704
word_0068.nii.gz,8,pancreas,0.894425627188702,0.8298210419320162,31160,3307,4049
word_0068.nii.gz,9,duodenum,0.854613514030438,0.804309363123393,15639,3600,1721
word_0068.nii.gz,10,colon,0.6284260995519824,0.5449432488344084,55967,19557,46627
word_0068.nii.gz,11,intestine,0.8298583053443787,0.7548671461955178,226448,78147,14708
word_0068.nii.gz,12,adrenal,0.7565378775097014,0.8430240419402328,2242,888,555
word_0068.nii.gz,13,rectum,0.5603087809585076,0.43244377839771087,5226,5488,2714
word_0068.nii.gz,14,bladder,0.9264530948767382,0.7990220742608483,33879,3660,1719
word_0068.nii.gz,15,head_of_femur_left,0.9235209235209235,0.7775832623275333,48000,6898,1052
word_0068.nii.gz,16,head_of_femur_right,0.9229359943868403,0.7672322028626699,47354,7057,851
word_0070.nii.gz,1,liver,0.9692587684813029,0.8520666908615365,440705,11852,16103
word_0070.nii.gz,2,spleen,0.9543661709893141,0.9149579065563411,61580,2396,3493
word_0070.nii.gz,3,left_kidney,0.8479750262445439,0.7306079880521323,61390,12736,9276
word_0070.nii.gz,4,right_kidney,0.8251271050453525,0.6779461096089247,48850,10720,9986
word_0070.nii.gz,5,stomach,0.9300055220412798,0.6928594330590341,178522,2093,24779
word_0070.nii.gz,6,gallbladder,0.8162372386971317,0.821149479060398,1679,377,379
word_0070.nii.gz,7,esophagus,0.8450331125827815,0.8870680345315008,3828,755,649
word_0070.nii.gz,8,pancreas,0.8685990713075421,0.7182348538391123,33577,1217,8942
word_0070.nii.gz,9,duodenum,0.8083411243445389,0.7426355438485652,19886,1631,7799
word_0070.nii.gz,10,colon,0.7801741977893558,0.6240603276742619,256359,118604,25862
word_0070.nii.gz,11,intestine,0.8187222151370861,0.7467437470114037,362714,30821,129800
word_0070.nii.gz,12,adrenal,0.5856452478969035,0.5735635408924624,3272,261,4369
word_0070.nii.gz,13,rectum,0.6886324247676068,0.5167700372501994,17483,1948,13862
word_0070.nii.gz,14,bladder,0.9643184731173652,0.8407346238144118,158749,2284,9464
word_0070.nii.gz,15,head_of_femur_left,0.9469175568432051,0.8922766124548189,54827,2962,3185
word_0070.nii.gz,16,head_of_femur_right,0.9482170437380132,0.8935117188397649,55868,2678,3424
word_0071.nii.gz,1,liver,0.9714097757416199,0.8823036124669306,370638,16410,5407
word_0071.nii.gz,2,spleen,0.960075540735932,0.9192709837545415,81340,5243,1522
word_0071.nii.gz,3,left_kidney,0.8758709995683542,0.7062837695546236,21306,5520,519
word_0071.nii.gz,4,right_kidney,0.9488355245284883,0.8623690852125567,57628,5039,1176
word_0071.nii.gz,5,stomach,0.9629273978075303,0.9021223035702421,131364,6466,3649
word_0071.nii.gz,6,gallbladder,0.8556666101982043,0.7838128590755249,5051,1325,379
word_0071.nii.gz,7,esophagus,0.7808402773731135,0.763426724911966,6700,3400,361
word_0071.nii.gz,8,pancreas,0.8918196556105683,0.8083783301529536,30531,5189,2218
word_0071.nii.gz,9,duodenum,0.8773474432927094,0.8223876907846671,20229,3778,1878
word_0071.nii.gz,10,colon,0.9037688801950171,0.7300967114477488,243023,31837,19916
word_0071.nii.gz,11,intestine,0.9014501564692503,0.7309550103512874,332133,35963,36657
word_0071.nii.gz,12,adrenal,0.7879584593137899,0.8502923006300878,2997,956,657
word_0071.nii.gz,13,rectum,0.7849842837898519,0.48107821930995537,21852,1161,10810
word_0071.nii.gz,14,bladder,0.9003862163468532,0.5837689538211316,95933,10727,10500
word_0071.nii.gz,15,head_of_femur_left,0.9388129895639538,0.8491563752793976,58788,5531,2132
word_0071.nii.gz,16,head_of_femur_right,0.9552312442308304,0.9028289859691577,60021,2335,3291
word_0072.nii.gz,1,liver,0.9657121587575112,0.7704256027327109,605812,29694,13325
word_0072.nii.gz,2,spleen,0.9488089427867898,0.7657517034203382,172048,13141,5424
word_0072.nii.gz,3,left_kidney,0.9109821234304484,0.7053325518706673,64897,9725,2958
word_0072.nii.gz,4,right_kidney,0.9296815716253056,0.7762213605319693,66158,8088,1920
word_0072.nii.gz,5,stomach,0.9077706412858997,0.6735630424278468,68194,9942,3915
word_0072.nii.gz,6,gallbladder,0.8052014278429372,0.7596394850147589,1579,516,248
word_0072.nii.gz,7,esophagus,0.726832350463353,0.6155724518149885,3451,845,1749
word_0072.nii.gz,8,pancreas,0.7788742226170834,0.6218530717905766,24547,11342,2596
word_0072.nii.gz,9,duodenum,0.815192408347177,0.633003877209458,35822,6914,9328
word_0072.nii.gz,10,colon,0.871760911071128,0.6418671409938848,213914,32127,30808
word_0072.nii.gz,11,intestine,0.8703547827258064,0.6715462218990749,284351,58446,26266
word_0072.nii.gz,12,adrenal,0.6169001077420347,0.6862008965287829,2004,1171,1318
word_0072.nii.gz,13,rectum,0.783542891153932,0.49390834672032297,26329,7658,6889
word_0072.nii.gz,14,bladder,0.843646908028829,0.605971466357035,20075,5014,2427
word_0072.nii.gz,15,head_of_femur_left,0.6576837566529677,0.3921784401855736,39048,37680,2968
word_0072.nii.gz,16,head_of_femur_right,0.668448827086784,0.4222133393318556,43384,39870,3167
word_0073.nii.gz,1,liver,0.9676902994207391,0.8411511098646899,593049,14373,25229
word_0073.nii.gz,2,spleen,0.9431052093973442,0.8802821721424565,36932,2053,2403
word_0073.nii.gz,3,left_kidney,0.9312087818056243,0.8060511366210839,76178,5578,5677
word_0073.nii.gz,4,right_kidney,0.9495633352628797,0.8526844747069888,75458,2393,5623
word_0073.nii.gz,5,stomach,0.9720466344629329,0.8650193267631388,419964,11453,12701
word_0073.nii.gz,6,gallbladder,0.8349202707353447,0.8218896140312444,3639,775,664
word_0073.nii.gz,7,esophagus,0.8152318232513676,0.7757782212051382,7675,2653,826
word_0073.nii.gz,8,pancreas,0.8662640207075065,0.7347876728930657,33132,5998,4232
word_0073.nii.gz,9,duodenum,0.8137687555163283,0.7302056223818404,23050,4490,6060
word_0073.nii.gz,10,colon,0.9234376567358812,0.7959659280514844,331407,31234,23720
word_0073.nii.gz,11,intestine,0.9253300750449923,0.8650478835536519,440378,26613,44460
word_0073.nii.gz,12,adrenal,0.7529011604641856,0.7600830037941491,3763,608,1862
word_0073.nii.gz,13,rectum,0.8329947732408189,0.6411022231412332,18248,5182,2135
word_0073.nii.gz,14,bladder,0.9648223772180261,0.8583738422556046,133488,3910,5824
word_0073.nii.gz,15,head_of_femur_left,0.8890281367762374,0.7656601198008987,51076,7063,5688
word_0073.nii.gz,16,head_of_femur_right,0.8957225355328018,0.7839947769467454,52969,6849,5484
word_0078.nii.gz,1,liver,0.9573853756379254,0.7697496508524672,414309,9079,27804
word_0078.nii.gz,2,spleen,0.9530514941623865,0.8717514967287653,75059,3457,3938
word_0078.nii.gz,3,left_kidney,0.9435374588630058,0.8801989089822153,51177,1263,4862
word_0078.nii.gz,4,right_kidney,0.9447449946825727,0.8806603123664857,51080,1229,4746
word_0078.nii.gz,5,stomach,0.9343601026769344,0.7395851611119025,142688,11380,8668
word_0078.nii.gz,6,gallbladder,0.077502691065662,0.1250577115909864,36,699,158
word_0078.nii.gz,7,esophagus,0.8299208299208299,0.7833103936856324,3040,658,588
word_0078.nii.gz,8,pancreas,0.8145735643234123,0.6696893267111995,20759,3433,6018
word_0078.nii.gz,9,duodenum,0.7908018258547929,0.6033464541407213,27546,5842,8732
word_0078.nii.gz,10,colon,0.811963276033677,0.5707755097882455,385862,25517,153201
word_0078.nii.gz,11,intestine,0.785264954719121,0.521217842463172,342723,146824,40615
word_0078.nii.gz,12,adrenal,0.6605776351518143,0.6667159855272118,2676,2102,648
word_0078.nii.gz,13,rectum,0.6621156681775981,0.4399220321313645,12124,3684,8690
word_0078.nii.gz,14,bladder,0.9254061274958055,0.7343151748558365,58190,4483,4898
word_0078.nii.gz,15,head_of_femur_left,0.9228606629898212,0.7768469047150677,55804,3035,6294
word_0078.nii.gz,16,head_of_femur_right,0.9156262331970344,0.7406891611772671,54526,3860,6189
word_0079.nii.gz,1,liver,0.9485542828377388,0.7435512725835166,429623,6560,40042
word_0079.nii.gz,2,spleen,0.9190941615431099,0.773511124284854,47911,1416,7019
word_0079.nii.gz,3,left_kidney,0.9198781143574117,0.7856048301507715,48754,3384,5109
word_0079.nii.gz,4,right_kidney,0.9198578937340999,0.7787228460754472,41039,2184,4967
word_0079.nii.gz,5,stomach,0.9026969395067554,0.7167051619154082,77469,5905,10796
word_0079.nii.gz,6,gallbladder,0.7945667052753501,0.7060376935360314,3773,948,1003
word_0079.nii.gz,7,esophagus,0.6156161177060692,0.5982892177436202,1841,1663,636
word_0079.nii.gz,8,pancreas,0.8749330021570038,0.7557822743555058,33464,3800,5767
word_0079.nii.gz,9,duodenum,0.7246745780807293,0.5962414930402091,17648,7624,5786
word_0079.nii.gz,10,colon,0.7649271316980915,0.5588339775780068,125785,18335,58976
word_0079.nii.gz,11,intestine,0.8535861617834798,0.7480842663139171,323615,48968,62050
word_0079.nii.gz,12,adrenal,0.5332195798229711,0.5047606676233927,2500,3383,994
word_0079.nii.gz,13,rectum,0.8053526787902554,0.7121013846725277,16430,5148,2794
word_0079.nii.gz,14,bladder,0.9217371229222245,0.7679986278160718,35933,3035,3067
word_0079.nii.gz,15,head_of_femur_left,0.9118899175525612,0.6866891102001513,55799,2167,8616
word_0079.nii.gz,16,head_of_femur_right,0.9243325472267608,0.7624212736863657,57420,591,8810
word_0081.nii.gz,1,liver,0.9696205651667087,0.846379242496214,428789,12004,14865
word_0081.nii.gz,2,spleen,0.9531186348617209,0.8936183338301543,84229,3120,5166
word_0081.nii.gz,3,left_kidney,0.9449485373781148,0.8813046956195975,41865,2570,2308
word_0081.nii.gz,4,right_kidney,0.9553977941074715,0.9338603456587491,34519,1594,1629
word_0081.nii.gz,5,stomach,0.9267487258279968,0.7378950859390615,80825,7515,5262
word_0081.nii.gz,6,gallbladder,0.889076848719188,0.7584476896587474,11037,929,1825
word_0081.nii.gz,7,esophagus,0.7768996960486322,0.8115541955074259,3195,670,1165
word_0081.nii.gz,8,pancreas,0.7854966339907877,0.7345606627450209,16627,7060,2021
word_0081.nii.gz,9,duodenum,0.793879918975791,0.7234355869599204,20184,2857,7624
word_0081.nii.gz,10,colon,0.8647056579945501,0.6877129331784508,204042,34246,29604
word_0081.nii.gz,11,intestine,0.877519674384677,0.7381123308485515,244810,43719,24620
word_0081.nii.gz,12,adrenal,0.685044280903081,0.7316588195811498,2746,1596,929
word_0081.nii.gz,13,rectum,0.8230331753554503,0.5685425459375523,17366,5486,1982
word_0081.nii.gz,14,bladder,0.9574951878158875,0.8393946118935087,85061,2539,5013
word_0081.nii.gz,15,head_of_femur_left,0.8385210110964227,0.7372162870173058,31398,9644,2449
word_0081.nii.gz,16,head_of_femur_right,0.8617295013761761,0.7809430882771452,33657,8411,2390
word_0082.nii.gz,1,liver,0.9720667857010313,0.8807280361193586,471466,8890,18206
word_0082.nii.gz,2,spleen,0.9561932755775577,0.8844277422605635,74170,3675,3121
word_0082.nii.gz,3,left_kidney,0.9083045675521989,0.7561875427196119,56705,8309,3140
word_0082.nii.gz,4,right_kidney,0.9345130234959457,0.8001274275063325,46157,3739,2730
word_0082.nii.gz,5,stomach,0.8530457218155846,0.6848146597395487,38518,11929,1342
word_0082.nii.gz,6,gallbladder,0.851044908848377,0.7842497815063255,4785,472,1203
word_0082.nii.gz,7,esophagus,0.7325180731031687,0.7349119818382112,5421,2533,1426
word_0082.nii.gz,8,pancreas,0.7085872292488095,0.6338134531823506,13838,8894,2488
word_0082.nii.gz,9,duodenum,0.6681171886859283,0.5603443522300505,19806,4885,14792
word_0082.nii.gz,10,colon,0.7267461202763263,0.5785261603807663,92840,40089,29726
word_0082.nii.gz,11,intestine,0.8364822815696985,0.687035283784519,224199,43505,44149
word_0082.nii.gz,12,adrenal,0.7596067917783735,0.8420199271741179,2550,1037,577
word_0082.nii.gz,13,rectum,0.7859806114839671,0.6093628605271174,20553,3500,7693
word_0082.nii.gz,14,bladder,0.9512939800282245,0.7948694608020157,88643,1994,7083
word_0082.nii.gz,15,head_of_femur_left,0.8415543025251288,0.7005443772952809,34327,9542,3384
word_0082.nii.gz,16,head_of_femur_right,0.8260017853600476,0.6153552945003037,33311,9389,4645
word_0084.nii.gz,1,liver,0.9696082202488804,0.8533007000228621,470116,17210,12261
word_0084.nii.gz,2,spleen,0.9558471866086605,0.9260889727444707,66353,3601,2529
word_0084.nii.gz,3,left_kidney,0.952148005138664,0.9090215933902898,65593,1953,4640
word_0084.nii.gz,4,right_kidney,0.9562559987714516,0.9248165649137065,62269,1969,3728
word_0084.nii.gz,5,stomach,0.9010403382777368,0.62033502118961,201369,23143,21089
word_0084.nii.gz,6,gallbladder,0.8854736381535769,0.8189078045115066,8095,624,1470
word_0084.nii.gz,7,esophagus,0.8292567086202802,0.8175377650367335,3492,1004,434
word_0084.nii.gz,8,pancreas,0.8960471278126724,0.8220229460118614,33311,2001,5728
word_0084.nii.gz,9,duodenum,0.6557166661491808,0.614483676731178,31678,2733,30532
word_0084.nii.gz,10,colon,0.8505157976887083,0.7221038596795962,124783,25542,18321
word_0084.nii.gz,11,intestine,0.8896005962022029,0.8112140415607624,327071,52382,28797
word_0084.nii.gz,12,adrenal,0.653032550152213,0.643209341102792,4183,413,4032
word_0084.nii.gz,13,rectum,0.7678186968838527,0.5197709575109914,16940,2055,8190
word_0084.nii.gz,14,bladder,0.90740030184432,0.7010261066695582,35473,2912,4328
word_0084.nii.gz,15,head_of_femur_left,0.939212046562462,0.8473845326518403,54139,2501,4507
word_0084.nii.gz,16,head_of_femur_right,0.9313500166605435,0.8217584383374115,54504,2648,5387
word_0086.nii.gz,1,liver,0.9711682948297039,0.8798338477742282,435282,18615,7230
word_0086.nii.gz,2,spleen,0.9426331120186786,0.8073808963623931,61972,6360,1183
word_0086.nii.gz,3,left_kidney,0.881067715753771,0.6284825925131702,47927,11405,1534
word_0086.nii.gz,4,right_kidney,0.9378871960447988,0.7669933719826048,46477,4169,1987
word_0086.nii.gz,5,stomach,0.9438026355746981,0.8089244708488385,110331,5853,7286
word_0086.nii.gz,6,gallbladder,0.8490336531963779,0.7989973771776558,3141,780,337
word_0086.nii.gz,7,esophagus,0.6986502739542964,0.6169241195676127,2614,1414,841
word_0086.nii.gz,8,pancreas,0.735632183908046,0.5905807039897265,12576,7543,1496
word_0086.nii.gz,9,duodenum,0.7152475657758443,0.6869410127176011,6905,4643,855
word_0086.nii.gz,10,colon,0.908572277154207,0.6787694899756058,440514,42920,45736
word_0086.nii.gz,11,intestine,0.8710097745108547,0.6398047704879443,337238,65319,34566
word_0086.nii.gz,12,adrenal,0.6795814479638009,0.7866736019661209,2403,1611,655
word_0086.nii.gz,13,rectum,0.8060347790226132,0.6675837865805947,11727,3081,2563
word_0086.nii.gz,14,bladder,0.9588947150347902,0.8878563417897367,67114,3044,2710
word_0086.nii.gz,15,head_of_femur_left,0.941322143495907,0.8984629385649333,34210,3526,739
word_0086.nii.gz,16,head_of_femur_right,0.938044242522581,0.8848815436801998,34687,4084,498
word_0087.nii.gz,1,liver,0.9620688287839901,0.8479600834900639,351805,21723,6018
word_0087.nii.gz,2,spleen,0.9547040809059184,0.9159359037458422,67025,3291,3069
word_0087.nii.gz,3,left_kidney,0.9551220872250759,0.9290868427290232,44534,2313,1872
word_0087.nii.gz,4,right_kidney,0.9464602220637669,0.8962263394929059,46457,3652,1604
word_0087.nii.gz,5,stomach,0.9260791804683944,0.8463153054895313,43754,3492,3493
word_0087.nii.gz,6,gallbladder,0.8732379979570991,0.8037002446042145,8549,1708,774
word_0087.nii.gz,7,esophagus,0.8324783819434266,0.8668219811375939,2840,918,225
word_0087.nii.gz,8,pancreas,0.8812492335363611,0.8221958295889504,21558,2602,3208
word_0087.nii.gz,9,duodenum,0.8398318396008501,0.7844301776914095,18179,4271,2663
word_0087.nii.gz,10,colon,0.919634530592147,0.7743618230111355,369797,28020,36612
word_0087.nii.gz,11,intestine,0.8908868489363183,0.857333093920491,268728,39324,26502
word_0087.nii.gz,12,adrenal,0.7757060597751577,0.8013777099054127,2829,1158,478
word_0087.nii.gz,13,rectum,0.7306903622693096,0.4655814627396579,8552,2283,4021
word_0087.nii.gz,14,bladder,0.9480080907571894,0.842005636072807,53899,3992,1920
word_0087.nii.gz,15,head_of_femur_left,0.9345812725056395,0.8680797926527545,33351,1849,2820
word_0087.nii.gz,16,head_of_femur_right,0.9349041373697482,0.8693495961543523,35036,2465,2414
word_0089.nii.gz,1,liver,0.9530892848878619,0.7861274821104087,422179,27174,14385
word_0089.nii.gz,2,spleen,0.9296365063262064,0.7894833770661739,48567,6443,909
word_0089.nii.gz,3,left_kidney,0.9417501486665751,0.8709131400792733,51469,3949,2418
word_0089.nii.gz,4,right_kidney,0.9443124550035997,0.8759263052904543,52466,3186,3002
word_0089.nii.gz,5,stomach,0.9436360720950623,0.7971099323352393,138296,9994,6527
word_0089.nii.gz,6,gallbladder,0.9099024820174566,0.8366289042995403,16002,1260,1909
word_0089.nii.gz,7,esophagus,0.7723584995704877,0.7351054847894749,4046,1385,1000
word_0089.nii.gz,8,pancreas,0.8414013529448272,0.7157849920346722,27115,5969,4253
word_0089.nii.gz,9,duodenum,0.8215744485843511,0.7101387575503684,20617,4059,4896
word_0089.nii.gz,10,colon,0.9037151009390786,0.6966936816348307,542713,38658,76987
word_0089.nii.gz,11,intestine,0.8508563196690544,0.6933324543847843,384208,71316,63377
word_0089.nii.gz,12,adrenal,0.711501719526175,0.7320128446354861,2793,1258,1007
word_0089.nii.gz,13,rectum,0.875865233089306,0.7046162178099833,21954,2022,4201
word_0089.nii.gz,14,bladder,0.9526013127577594,0.8097544718570436,98398,1904,7888
word_0089.nii.gz,15,head_of_femur_left,0.723287121651139,0.6417100894173748,32451,22832,1998
word_0089.nii.gz,16,head_of_femur_right,0.7981133647078422,0.6950534451875615,38327,17315,2075
word_0090.nii.gz,1,liver,0.964484833363721,0.8684723772560942,251270,12046,6459
word_0090.nii.gz,2,spleen,0.9497724251822612,0.9397376302402809,23580,1684,810
word_0090.nii.gz,3,left_kidney,0.9497500533061669,0.9072630444789995,40088,1286,2956
word_0090.nii.gz,4,right_kidney,0.9451492537313433,0.9126230583889325,27863,1519,1715
word_0090.nii.gz,5,stomach,0.938585573832766,0.8131041537895756,93890,4633,7654
word_0090.nii.gz,6,gallbladder,0.6367235079171741,0.5401938744686459,2091,1999,387
word_0090.nii.gz,7,esophagus,0.8711288711288712,0.8511363012695717,3488,878,154
word_0090.nii.gz,8,pancreas,0.863220697125202,0.7791597397309136,24307,4273,3430
word_0090.nii.gz,9,duodenum,0.8358807834701856,0.7612833684703489,20207,3573,4362
word_0090.nii.gz,10,colon,0.888430625806283,0.7236307884544215,186976,25105,21856
word_0090.nii.gz,11,intestine,0.9014439027325345,0.74555919306652,269671,25928,33039
word_0090.nii.gz,12,adrenal,0.6038142441547247,0.6146918851643868,2802,1191,2486
word_0090.nii.gz,13,rectum,0.8382426516572858,0.6750588366121254,26807,2038,8308
word_0090.nii.gz,14,bladder,0.9642208615217922,0.8341168357643663,144165,2923,7776
word_0090.nii.gz,15,head_of_femur_left,0.9408950956674731,0.8558951125697492,51339,2987,3463
word_0090.nii.gz,16,head_of_femur_right,0.9432156350576053,0.8689817845405707,50554,2627,3460
word_0091.nii.gz,1,liver,0.9694649628183482,0.8309138209897696,507004,20758,11180
word_0091.nii.gz,2,spleen,0.959840678213842,0.9435019808856273,52534,2936,1460
word_0091.nii.gz,3,left_kidney,0.9402250614177227,0.8641217727731517,62957,1575,6430
word_0091.nii.gz,4,right_kidney,0.9526814428509344,0.9222946986864379,54803,1479,3965
word_0091.nii.gz,5,stomach,0.941147130614777,0.809413019016023,150952,8107,10772
word_0091.nii.gz,6,gallbladder,0.6672579453067258,0.6330465628176724,2257,1679,572
word_0091.nii.gz,7,esophagus,0.8205194137310362,0.8205775355040018,3191,891,505
word_0091.nii.gz,8,pancreas,0.8645224650135036,0.7925908995172182,26409,5571,2706
word_0091.nii.gz,9,duodenum,0.7174722587925522,0.5755268921667059,19074,8758,6264
word_0091.nii.gz,10,colon,0.8464753979123838,0.6260657447582567,154202,43596,12339
word_0091.nii.gz,11,intestine,0.8686462735258837,0.6780762111532644,268661,33369,47883
word_0091.nii.gz,12,adrenal,0.550570579959356,0.5949273766388543,1761,2388,487
word_0091.nii.gz,13,rectum,0.3340368650626143,0.24532691085255495,3561,7876,6323
word_0091.nii.gz,14,bladder,0.9147637101040381,0.742648000761938,41501,2873,4861
word_0091.nii.gz,15,head_of_femur_left,0.947105422610543,0.8903376305360352,63305,2747,4324
word_0091.nii.gz,16,head_of_femur_right,0.9510209953284826,0.9089042225698672,62804,2805,3664
word_0093.nii.gz,1,liver,0.9708903764543729,0.863591275685065,481816,9894,18998
word_0093.nii.gz,2,spleen,0.9471493546817045,0.9354011709545018,28217,1057,2092
word_0093.nii.gz,3,left_kidney,0.9540156474532971,0.8941561352602345,59750,2844,2916
word_0093.nii.gz,4,right_kidney,0.9543791930888705,0.9307692483915665,51923,2068,2896
word_0093.nii.gz,5,stomach,0.9586621427572973,0.8972881248997393,113160,4818,4941
word_0093.nii.gz,6,gallbladder,0.7830637488106565,0.7786364820732807,1646,406,506
word_0093.nii.gz,7,esophagus,0.8638045062212757,0.9023409813231775,3853,393,822
word_0093.nii.gz,8,pancreas,0.8544293803153692,0.7351214697687469,18938,4056,2397
word_0093.nii.gz,9,duodenum,0.8529363517060368,0.763496533476089,20798,3717,3455
word_0093.nii.gz,10,colon,0.821779825476244,0.6585715459955751,124498,25953,28047
word_0093.nii.gz,11,intestine,0.8804251196812267,0.796947057976864,264923,34760,37201
word_0093.nii.gz,12,adrenal,0.7835336372427131,0.8371393687289473,2836,955,612
word_0093.nii.gz,13,rectum,0.8878959192238378,0.7450532733589614,17983,3261,1280
word_0093.nii.gz,14,bladder,0.9628910854179344,0.8683213239894774,87820,2113,4656
word_0093.nii.gz,15,head_of_femur_left,0.8512576261615703,0.7655668826579958,34673,10308,1809
word_0093.nii.gz,16,head_of_femur_right,0.8423302783852183,0.7630901211707618,34282,11243,1591
word_0094.nii.gz,1,liver,0.9509384379603568,0.7538843809038711,447989,18050,28176
word_0094.nii.gz,2,spleen,0.957477357525052,0.8644649030474084,96361,4213,4346
word_0094.nii.gz,3,left_kidney,0.9520184802629571,0.9089609036726596,46776,2522,2193
word_0094.nii.gz,4,right_kidney,0.9131750522819535,0.8081364319007506,37116,4540,2518
word_0094.nii.gz,5,stomach,0.92261827287208,0.6998267292450957,148858,14095,10875
word_0094.nii.gz,6,gallbladder,0.4389086595492289,0.5044218251737831,185,358,115
word_0094.nii.gz,7,esophagus,0.6186236165432304,0.6192802177441289,3717,3590,993
word_0094.nii.gz,8,pancreas,0.869301733557115,0.723320579567033,38587,6003,5600
word_0094.nii.gz,9,duodenum,0.7604406866512938,0.652186701950848,16324,6841,3444
word_0094.nii.gz,10,colon,0.7230567052725955,0.39940399357644646,88308,16969,50678
word_0094.nii.gz,11,intestine,0.7632418277006437,0.5141461407501631,177203,71873,38064
word_0094.nii.gz,12,adrenal,0.5237169517884914,0.5299848489560887,1347,2056,394
word_0094.nii.gz,13,rectum,0.6774723848527673,0.5035646165276518,11745,2384,8799
word_0094.nii.gz,14,bladder,0.6087120557118828,0.30332460066040035,19361,23168,1723
word_0094.nii.gz,15,head_of_femur_left,0.9305286633889198,0.8175621358387062,45896,2215,4638
word_0094.nii.gz,16,head_of_femur_right,0.9421260076452297,0.8673458275323318,47567,1617,4227
word_0095.nii.gz,1,liver,0.9489085754783841,0.7276410752028233,401673,29580,13674
word_0095.nii.gz,2,spleen,0.9480674128058303,0.7991830300506513,145699,11315,4647
word_0095.nii.gz,3,left_kidney,0.9266500520668796,0.851550451640428,39599,3476,2793
word_0095.nii.gz,4,right_kidney,0.9381591177719381,0.869078802186067,40877,2535,2854
word_0095.nii.gz,5,stomach,0.9459009284663487,0.7548195496502923,233402,8664,18034
word_0095.nii.gz,6,gallbladder,0.7647892313142047,0.6962257951949362,2159,671,657
word_0095.nii.gz,7,esophagus,0.8069732187973724,0.819516554737348,1597,553,211
word_0095.nii.gz,8,pancreas,0.8553972038582421,0.7105711008687928,31571,4173,6501
word_0095.nii.gz,9,duodenum,0.8355859043305972,0.7236430015161286,23617,2903,6391
word_0095.nii.gz,10,colon,0.8431868757199894,0.6110611387529735,91127,20697,13198
word_0095.nii.gz,11,intestine,0.882697713619101,0.6502244010388323,343523,35932,55370
word_0095.nii.gz,12,adrenal,0.6993166287015945,0.7276806453957547,2456,1036,1076
word_0095.nii.gz,13,rectum,0.8988946989385352,0.7271473462063812,28708,3481,2977
word_0095.nii.gz,14,bladder,0.8476454293628809,0.6477397828820607,26316,4957,4503
word_0095.nii.gz,15,head_of_femur_left,0.9143239409375201,0.763868802473372,56721,6345,4285
word_0095.nii.gz,16,head_of_femur_right,0.9411642429649133,0.8646386047575043,54332,3420,3373
word_0096.nii.gz,1,liver,0.9647256276724107,0.8220182638942756,416159,23729,6704
word_0096.nii.gz,2,spleen,0.9432411647900095,0.889661449887739,41089,4075,870
word_0096.nii.gz,3,left_kidney,0.9550735703819881,0.917373863452348,46280,3150,1204
word_0096.nii.gz,4,right_kidney,0.9586652363453769,0.9344363619400704,42002,2052,1570
word_0096.nii.gz,5,stomach,0.9513738415682444,0.8512955417576161,93521,5231,4329
word_0096.nii.gz,6,gallbladder,0.8587322500365978,0.8645294879468503,2933,852,113
word_0096.nii.gz,7,esophagus,0.748729792147806,0.754588524209075,4863,2296,968
word_0096.nii.gz,8,pancreas,0.8679554873046259,0.7988752466047233,20630,3881,2396
word_0096.nii.gz,9,duodenum,0.8595870370886394,0.832640789550824,15424,3004,2035
word_0096.nii.gz,10,colon,0.8791347964471996,0.7442807031303317,105512,21271,7741
word_0096.nii.gz,11,intestine,0.9095564077488545,0.844502767927725,206940,30299,10856
word_0096.nii.gz,12,adrenal,0.63745854424856,0.7176542914172053,1826,1188,889
word_0096.nii.gz,13,rectum,0.8312517607287069,0.6476536061844873,13278,3302,2089
word_0096.nii.gz,14,bladder,0.9096497219240901,0.8052414807337268,18646,2411,1293
word_0096.nii.gz,15,head_of_femur_left,0.9534294418556094,0.8939259052898497,50230,1444,3463
word_0096.nii.gz,16,head_of_femur_right,0.9600859207186097,0.9327521083028547,49166,1656,2432
word_0100.nii.gz,1,liver,0.956330548497299,0.7659925145456434,366014,25277,8150
word_0100.nii.gz,2,spleen,0.9360508932925478,0.8310561852702911,42229,4894,876
word_0100.nii.gz,3,left_kidney,0.9182799046394076,0.7255017838966371,56044,8243,1732
word_0100.nii.gz,4,right_kidney,0.9284932886488739,0.7844529034892254,53471,6532,1704
word_0100.nii.gz,5,stomach,0.9261111041144541,0.7020235835459289,147072,18071,5397
word_0100.nii.gz,6,gallbladder,0.7146291843906047,0.6879163481231532,1932,1142,401
word_0100.nii.gz,7,esophagus,0.8181818181818182,0.7568721663079965,4554,1370,654
word_0100.nii.gz,8,pancreas,0.7446356855995411,0.6205465216991174,12979,7414,1488
word_0100.nii.gz,9,duodenum,0.8421436472146929,0.7368992292454142,34642,3628,9359
word_0100.nii.gz,10,colon,0.8388471061995498,0.6431029551036755,208516,26552,53565
word_0100.nii.gz,11,intestine,0.8596955912808778,0.7004161031810999,324410,78141,27748
word_0100.nii.gz,12,adrenal,0.7526163437987086,0.7757634619854038,3380,1149,1073
word_0100.nii.gz,13,rectum,0.8257231502084051,0.7010668087397118,13174,4660,901
word_0100.nii.gz,14,bladder,0.9514014067083731,0.8114797967819637,80754,3583,4667
word_0100.nii.gz,15,head_of_femur_left,0.8366433624120935,0.6492716831167827,40568,14073,1769
word_0100.nii.gz,16,head_of_femur_right,0.7945350275497582,0.7120997851668732,35329,17228,1044
word_0101.nii.gz,1,liver,0.972391901896876,0.874896049480396,571324,19397,13045
word_0101.nii.gz,2,spleen,0.958558110865296,0.9010151879850106,100304,4864,3809
word_0101.nii.gz,3,left_kidney,0.953316590338307,0.8711943506683725,83889,2967,5249
word_0101.nii.gz,4,right_kidney,0.9529467835760966,0.8921485017154439,72980,2013,5194
word_0101.nii.gz,5,stomach,0.9610597507640224,0.886566886697872,125475,6113,4055
word_0101.nii.gz,6,gallbladder,0.9281102023245803,0.8965536209834736,16170,805,1700
word_0101.nii.gz,7,esophagus,0.7786474639949906,0.7870594221452305,2487,808,606
word_0101.nii.gz,8,pancreas,0.8623888138995605,0.7369420534633558,24917,5697,2255
word_0101.nii.gz,9,duodenum,0.8931501195246531,0.8307711214991546,25967,2935,3278
word_0101.nii.gz,10,colon,0.9247208240563464,0.8313936018483556,266849,19182,24265
word_0101.nii.gz,11,intestine,0.9162230436735092,0.8465383110530238,427435,21358,56809
word_0101.nii.gz,12,adrenal,0.7541020203147673,0.7731308110756447,3378,1070,1133
word_0101.nii.gz,13,rectum,0.7988757972111123,0.6319799157216901,18476,5503,3800
word_0101.nii.gz,14,bladder,0.9653996224393336,0.8293069156935339,172082,1503,10832
word_0101.nii.gz,15,head_of_femur_left,0.8956057585418064,0.7408048636250266,48742,6030,5333
word_0101.nii.gz,16,head_of_femur_right,0.8722418517450246,0.6929616565637648,48385,8145,6029
word_0102.nii.gz,1,liver,0.970843379026888,0.891788539405853,422812,17785,7611
word_0102.nii.gz,2,spleen,0.9647403495017434,0.9584285476463934,46760,2503,915
word_0102.nii.gz,3,left_kidney,0.9484671270396887,0.8746596982969557,44844,3686,1187
word_0102.nii.gz,4,right_kidney,0.9269707691817284,0.8437093847430367,43620,5840,1033
word_0102.nii.gz,5,stomach,0.9165072257276613,0.7831718037030931,67542,5833,6473
word_0102.nii.gz,6,gallbladder,0.8599202112715626,0.7731315320641524,7652,517,1976
word_0102.nii.gz,7,esophagus,0.7953997403079206,0.7420129907784347,6432,1358,1951
word_0102.nii.gz,8,pancreas,0.8396263588531164,0.7420960225608814,18112,4789,2130
word_0102.nii.gz,9,duodenum,0.8836099326179186,0.7659367145289269,28325,3029,4433
word_0102.nii.gz,10,colon,0.7713823880806803,0.664322625915077,115248,51713,16600
word_0102.nii.gz,11,intestine,0.8607013310824321,0.7340425142506515,320690,42589,61214
word_0102.nii.gz,12,adrenal,0.6520475561426684,0.6836395919985014,1234,908,409
word_0102.nii.gz,13,rectum,0.7981804678796881,0.6325253675554704,12897,2354,4168
word_0102.nii.gz,14,bladder,0.9675664995430858,0.8341120674440601,195879,8500,4632
word_0102.nii.gz,15,head_of_femur_left,0.9450248136146299,0.8879345999902185,41703,2898,1954
word_0102.nii.gz,16,head_of_femur_right,0.9419369318819437,0.867504397429596,41968,2182,2992
word_0104.nii.gz,1,liver,0.9565436999569599,0.7951004400383775,403374,23190,13461
word_0104.nii.gz,2,spleen,0.9304487054321084,0.8059759784284165,59565,6332,2573
word_0104.nii.gz,3,left_kidney,0.9012302337219985,0.752074933261898,60327,9656,3567
word_0104.nii.gz,4,right_kidney,0.9356250063152364,0.8684456666245471,46298,3053,3318
word_0104.nii.gz,5,stomach,0.931050121468951,0.7199741837235711,161155,12343,11526
word_0104.nii.gz,6,gallbladder,0.7243143944364256,0.5586231146252074,2760,1078,1023
word_0104.nii.gz,7,esophagus,0.7079051648868292,0.698510188150351,5270,2625,1724
word_0104.nii.gz,8,pancreas,0.7978759849263446,0.6404777914361628,25619,5936,7044
word_0104.nii.gz,9,duodenum,0.5640418393526742,0.41529127070964234,5716,6940,1896
word_0104.nii.gz,10,colon,0.7563614665977472,0.46230412264097254,109014,24914,45317
word_0104.nii.gz,11,intestine,0.6527784399951587,0.3671754982343878,88991,77273,17398
word_0104.nii.gz,12,adrenal,0.5093488072211476,0.45771477868663657,1580,2389,655
word_0104.nii.gz,13,rectum,0.7644469211479521,0.6037852507151951,6859,2350,1877
word_0104.nii.gz,14,bladder,0.8625085026469109,0.6681746755043076,14582,1893,2756
word_0104.nii.gz,15,head_of_femur_left,0.781897454185696,0.6513932095847049,33984,16932,2027
word_0104.nii.gz,16,head_of_femur_right,0.8161708975151296,0.7325610346662783,34997,13644,2121
word_0105.nii.gz,1,liver,0.9542469393120024,0.7504261108039976,406555,9136,29850
word_0105.nii.gz,2,spleen,0.9325056890615133,0.8429497973157896,39134,551,5114
word_0105.nii.gz,3,left_kidney,0.920388349514563,0.7739438147864677,47400,3819,4381
word_0105.nii.gz,4,right_kidney,0.9222715893010875,0.8117129676957298,46601,2576,5279
word_0105.nii.gz,5,stomach,0.7245239033922419,0.41153970935837286,84536,23616,40668
word_0105.nii.gz,6,gallbladder,0.7052467282987154,0.6162094332063015,2937,1604,851
word_0105.nii.gz,7,esophagus,0.6080900514232498,0.5748054788299115,7509,1995,7684
word_0105.nii.gz,8,pancreas,0.7962462429995459,0.6236351310027854,18412,2615,6808
word_0105.nii.gz,9,duodenum,0.6470883763416305,0.5251845882867355,14168,7776,7678
word_0105.nii.gz,10,colon,0.7333687360682848,0.4894505902274399,339036,45281,201246
word_0105.nii.gz,11,intestine,0.794202582248968,0.6554030938782911,298397,94253,60391
word_0105.nii.gz,12,adrenal,0.744306609887058,0.7725834508948015,2010,648,733
word_0105.nii.gz,13,rectum,0.852700080520612,0.5847180760302076,32299,2520,8639
word_0105.nii.gz,14,bladder,0.9502364020090921,0.7752418924145075,109634,4495,6988
word_0105.nii.gz,15,head_of_femur_left,0.8705851501317154,0.6231521391989417,36518,3678,7179
word_0105.nii.gz,16,head_of_femur_right,0.883550192629207,0.6232122495444617,36465,1684,7928
word_0106.nii.gz,1,liver,0.9660441706681119,0.830705368695208,438486,14309,16516
word_0106.nii.gz,2,spleen,0.9377545234290428,0.8208204871509852,36383,3503,1327
word_0106.nii.gz,3,left_kidney,0.8913634742286428,0.7398947493959711,39983,6855,2891
word_0106.nii.gz,4,right_kidney,0.9290846022693868,0.8137016757155041,39507,2319,3712
word_0106.nii.gz,5,stomach,0.9478835800449298,0.8270039887106078,133544,5295,9390
word_0106.nii.gz,6,gallbladder,0.521329001152919,0.394872429051129,2487,3854,713
word_0106.nii.gz,7,esophagus,0.7726245035135961,0.804640852745664,6322,2184,1537
word_0106.nii.gz,8,pancreas,0.8119638136004748,0.7047265674024843,22573,6756,3699
word_0106.nii.gz,9,duodenum,0.8291483964842598,0.7158079622157895,21084,3907,4782
word_0106.nii.gz,10,colon,0.8354293142154902,0.6353891424183313,147178,15950,42035
word_0106.nii.gz,11,intestine,0.8680370292177674,0.6758403232054011,203523,37655,24226
word_0106.nii.gz,12,adrenal,0.5544936592538137,0.5108521329115451,3017,907,3941
word_0106.nii.gz,13,rectum,0.9016924738926899,0.7699670355674807,25040,2263,3197
word_0106.nii.gz,14,bladder,0.8426328730849253,0.6826819255441053,26730,2560,7424
word_0106.nii.gz,15,head_of_femur_left,0.9277152673958088,0.8468712990192206,35371,2741,2771
word_0106.nii.gz,16,head_of_femur_right,0.931192848090053,0.8576461622021714,34165,2396,2653
word_0107.nii.gz,1,liver,0.9648641698752409,0.8555664489328634,279539,14422,5937
word_0107.nii.gz,2,spleen,0.9563608685540309,0.9142966656553947,45233,2912,1216
word_0107.nii.gz,3,left_kidney,0.9415230926814672,0.8704282990837461,40904,1664,3417
word_0107.nii.gz,4,right_kidney,0.9509284867641249,0.9095835671562373,42119,1833,2514
word_0107.nii.gz,5,stomach,0.9208157598895419,0.7936045097289272,61022,6243,4252
word_0107.nii.gz,6,gallbladder,0.3268105709098245,0.35478990093930796,810,3304,33
word_0107.nii.gz,7,esophagus,0.7993480032599837,0.7719674205711363,2452,1029,202
word_0107.nii.gz,8,pancreas,0.8390093532926546,0.7485879574617473,19869,5257,2368
word_0107.nii.gz,9,duodenum,0.6627740217168613,0.49472175189361756,12940,4352,8816
word_0107.nii.gz,10,colon,0.8624929938685735,0.6137230929065404,253905,24300,56660
word_0107.nii.gz,11,intestine,0.8606040799021318,0.6851311207292451,292296,71607,23082
word_0107.nii.gz,12,adrenal,0.6613501483679525,0.7179821840838521,1783,1553,273
word_0107.nii.gz,13,rectum,0.8034275785815826,0.6543280238179093,10173,903,4075
word_0107.nii.gz,14,bladder,0.9439727016208412,0.8404364591130383,35963,2742,1527
word_0107.nii.gz,15,head_of_femur_left,0.9543056598771705,0.8992876228724284,53997,3122,2049
word_0107.nii.gz,16,head_of_femur_right,0.9558249111068294,0.910750516603804,54569,3297,1747
word_0108.nii.gz,1,liver,0.9716994452544604,0.8399867598077012,643455,23226,14255
word_0108.nii.gz,2,spleen,0.9587138751561681,0.8789306867895206,116257,3443,6570
word_0108.nii.gz,3,left_kidney,0.953148732328543,0.9097349351433999,53027,3746,1467
word_0108.nii.gz,4,right_kidney,0.9556048355782589,0.9232346782508324,55373,3966,1179
word_0108.nii.gz,5,stomach,0.9026314735450796,0.7487825124872576,56340,6996,5159
word_0108.nii.gz,6,gallbladder,0.8704836020011117,0.792288263467024,5481,1177,454
word_0108.nii.gz,7,esophagus,0.7693285859613428,0.7409425489731383,3025,1351,463
word_0108.nii.gz,8,pancreas,0.8773692961389248,0.7912444870986003,23746,4752,1886
word_0108.nii.gz,9,duodenum,0.7984527815340106,0.7116525323612509,12695,3958,2451
word_0108.nii.gz,10,colon,0.8773958890617586,0.6519240039001007,232062,37854,27001
word_0108.nii.gz,11,intestine,0.8850306672377566,0.5983374142483895,306845,22889,56832
word_0108.nii.gz,12,adrenal,0.677037381007662,0.73066288384346,2916,1751,1031
word_0108.nii.gz,13,rectum,0.8655598126862495,0.6343805571151204,25415,1659,6236
word_0108.nii.gz,14,bladder,0.9669951168468782,0.8360223429276233,221790,8352,6788
word_0108.nii.gz,15,head_of_femur_left,0.9426277060242435,0.8851758232935528,46308,1342,4295
word_0108.nii.gz,16,head_of_femur_right,0.9493029791449743,0.8905278028248512,46953,2163,2852
word_0109.nii.gz,1,liver,0.9523501727521188,0.7845794306655038,390445,13322,25749
word_0109.nii.gz,2,spleen,0.951545916012921,0.8798998164297052,86604,4131,4689
word_0109.nii.gz,3,left_kidney,0.9276939771211782,0.7991058628407552,55997,2337,6392
word_0109.nii.gz,4,right_kidney,0.9436913615111864,0.846673293045101,60149,2566,4612
word_0109.nii.gz,5,stomach,0.9116998867635062,0.6905471860177839,74877,4509,9995
word_0109.nii.gz,6,gallbladder,0.8294095429938311,0.7796646159669239,3294,951,404
word_0109.nii.gz,7,esophagus,0.8276201007494778,0.8028170408336371,3368,423,980
word_0109.nii.gz,8,pancreas,0.8834364137059275,0.7402903706435017,39138,3080,7248
word_0109.nii.gz,9,duodenum,0.7967376067286861,0.626295852006237,21882,5176,5989
word_0109.nii.gz,10,colon,0.8769934435922854,0.6626571063298222,201712,25229,31355
word_0109.nii.gz,11,intestine,0.8774229972148895,0.6643780581920316,313938,38075,49640
word_0109.nii.gz,12,adrenal,0.7472737989979369,0.7088839048450618,5071,1657,1773
word_0109.nii.gz,13,rectum,0.4836161119026033,0.3353723294538584,1867,3707,280
word_0109.nii.gz,14,bladder,0.942161921708185,0.7407451896209505,105899,5954,7048
word_0109.nii.gz,15,head_of_femur_left,0.9163956466549996,0.6911530173771883,61004,814,10317
word_0109.nii.gz,16,head_of_femur_right,0.9086462336735528,0.6178120524130044,61116,581,11708
word_0111.nii.gz,1,liver,0.9569263474526023,0.8006773447869568,397023,27128,8614
word_0111.nii.gz,2,spleen,0.9472654894612992,0.854384174500706,75076,6251,2108
word_0111.nii.gz,3,left_kidney,0.9466833729171732,0.8919240959548579,50622,3115,2587
word_0111.nii.gz,4,right_kidney,0.9461583648996293,0.9041154996404119,46709,3742,1574
word_0111.nii.gz,5,stomach,0.953703417686788,0.7783508889378418,262432,20033,5446
word_0111.nii.gz,6,gallbladder,0.5390598579641529,0.5758658600876099,797,487,876
word_0111.nii.gz,7,esophagus,0.8530797182719483,0.7927844932674625,9508,2099,1176
word_0111.nii.gz,8,pancreas,0.8115956953812883,0.7174166906036131,23643,7027,3950
word_0111.nii.gz,9,duodenum,0.6642292999601584,0.5905889521636513,14171,4116,10211
word_0111.nii.gz,10,colon,0.8639611658473374,0.6691110362785384,210016,24087,42051
word_0111.nii.gz,11,intestine,0.8524789514235057,0.7016618517036298,183670,46206,17362
word_0111.nii.gz,12,adrenal,0.623991935483871,0.6984183485032699,1857,1290,948
word_0111.nii.gz,13,rectum,0.571411915588201,0.46042708593693443,9802,13530,1174
word_0111.nii.gz,14,bladder,0.9581566239764854,0.8847399600011225,45637,2255,1731
word_0111.nii.gz,15,head_of_femur_left,0.9379983530498704,0.8461583035261855,46702,5122,1052
word_0111.nii.gz,16,head_of_femur_right,0.9412915667184046,0.8397627884824908,50032,4937,1304
word_0113.nii.gz,1,liver,0.9640697054302475,0.8031158386514256,614633,33769,12045
word_0113.nii.gz,2,spleen,0.9376569323810734,0.858097619528383,47986,5411,970
word_0113.nii.gz,3,left_kidney,0.9650244634985226,0.9498277445284332,59763,2094,2238
word_0113.nii.gz,4,right_kidney,0.9559480292112793,0.926277410557477,58971,3919,1516
word_0113.nii.gz,5,stomach,0.9589966647490318,0.8453099736288407,267550,6889,15990
word_0113.nii.gz,6,gallbladder,0.652005799903335,0.6120390773085362,1349,944,496
word_0113.nii.gz,7,esophagus,0.8314117902980205,0.8640905222388757,3822,838,712
word_0113.nii.gz,8,pancreas,0.8859710860610815,0.8219351953919274,38394,3695,6188
word_0113.nii.gz,9,duodenum,0.8788438520532561,0.8158478875399435,29737,4461,3738
word_0113.nii.gz,10,colon,0.8950897685485616,0.7654366846876021,163451,24106,14209
word_0113.nii.gz,11,intestine,0.9274013963845806,0.8935100596912857,332338,31969,20063
word_0113.nii.gz,12,adrenal,0.6515452225687554,0.6749107025102802,2298,1876,582
word_0113.nii.gz,13,rectum,0.7640163098878695,0.6390225594215815,13491,2330,6004
word_0113.nii.gz,14,bladder,0.8294371902509674,0.6770874394464232,18326,1448,6089
word_0113.nii.gz,15,head_of_femur_left,0.9349805300610334,0.8639093888717585,50783,3967,3096
word_0113.nii.gz,16,head_of_femur_right,0.9416285983612501,0.881502878465904,51944,4114,2326
word_0114.nii.gz,1,liver,0.9621392099224029,0.7705298981836477,476066,21272,16195
word_0114.nii.gz,2,spleen,0.9362052500901895,0.8082790409910524,110292,5157,9874
word_0114.nii.gz,3,left_kidney,0.9377654423182008,0.8047940769582685,86665,7115,4388
word_0114.nii.gz,4,right_kidney,0.9149245388485188,0.7510974064864071,73656,10191,3507
word_0114.nii.gz,5,stomach,0.9306295335415895,0.7214145220757744,175768,8253,17951
word_0114.nii.gz,6,gallbladder,0.8040023543260741,0.7767849374647834,2049,636,363
word_0114.nii.gz,7,esophagus,0.762870699881376,0.7194765754835509,6431,2786,1212
word_0114.nii.gz,8,pancreas,0.7467592530530719,0.591106226080767,27853,15716,3175
word_0114.nii.gz,9,duodenum,0.8256777730079583,0.660668887319631,25004,4272,6286
word_0114.nii.gz,10,colon,0.8958166007753517,0.6567644417378167,373646,31403,55507
word_0114.nii.gz,11,intestine,0.8945313816840729,0.7335689722712673,398028,46972,46886
word_0114.nii.gz,12,adrenal,0.5806989614130846,0.5814838850544733,3830,3880,1651
word_0114.nii.gz,13,rectum,0.905784865540963,0.7375669991167847,28967,3258,2768
word_0114.nii.gz,14,bladder,0.9380700114261972,0.8260455211907384,45154,2702,3260
word_0114.nii.gz,15,head_of_femur_left,0.9478082533110996,0.8997645732021026,49450,2914,2532
word_0114.nii.gz,16,head_of_femur_right,0.9501874462921518,0.9029396108460741,50311,1788,3487
word_0115.nii.gz,1,liver,0.9689941654905498,0.8961809368129927,399588,13821,11751
word_0115.nii.gz,2,spleen,0.9634118741670229,0.9502362116606137,57468,2708,1657
word_0115.nii.gz,3,left_kidney,0.9607559579230968,0.9191017037495718,48498,2365,1597
word_0115.nii.gz,4,right_kidney,0.9588102615991062,0.940551626796462,45485,2806,1102
word_0115.nii.gz,5,stomach,0.9430033773197312,0.893926384035485,67710,5887,2298
word_0115.nii.gz,6,gallbladder,0.8893268946486647,0.8705060828790079,4512,563,560
word_0115.nii.gz,7,esophagus,0.8255329885202473,0.8329873870831905,3272,887,496
word_0115.nii.gz,8,pancreas,0.8903303899812226,0.8363425562425976,28686,4398,2669
word_0115.nii.gz,9,duodenum,0.8393136702360824,0.7982143367626828,13403,3281,1851
word_0115.nii.gz,10,colon,0.9065348584703179,0.7822479595767121,215409,32441,11977
word_0115.nii.gz,11,intestine,0.9028180671159637,0.8061777423299105,278704,32382,27619
word_0115.nii.gz,12,adrenal,0.7270811380400422,0.8248360865888488,2070,815,739
word_0115.nii.gz,13,rectum,0.8189668232086048,0.6409525337444372,13515,1945,4030
word_0115.nii.gz,14,bladder,0.9577905976959824,0.8179854171647951,134231,5428,6403
word_0115.nii.gz,15,head_of_femur_left,0.9391117229889978,0.8865019125628929,40587,1086,4177
word_0115.nii.gz,16,head_of_femur_right,0.9361414783509716,0.8835280249323676,40204,1017,4468
word_0116.nii.gz,1,liver,0.9558107017585912,0.8217160158539789,299066,17188,10465
word_0116.nii.gz,2,spleen,0.9470988732903537,0.9124304883988112,31438,2776,736
word_0116.nii.gz,3,left_kidney,0.9501900108577633,0.9083366757610271,35005,2618,1052
word_0116.nii.gz,4,right_kidney,0.9537661109140357,0.9365844981402307,32264,2293,835
word_0116.nii.gz,5,stomach,0.9472857314374904,0.8250860142129575,138074,5131,10236
word_0116.nii.gz,6,gallbladder,0.3835800807537012,0.4056933335988415,285,319,597
word_0116.nii.gz,7,esophagus,0.7458469587965991,0.75209525529475,2851,1511,432
word_0116.nii.gz,8,pancreas,0.8174561860142286,0.7203429130402732,18844,4519,3897
word_0116.nii.gz,9,duodenum,0.7907581473666262,0.66961306310482,18550,6353,3464
word_0116.nii.gz,10,colon,0.7466623463628442,0.5816189843617171,85261,14614,43243
word_0116.nii.gz,11,intestine,0.8752466675287146,0.7312259204820324,311362,51899,36861
word_0116.nii.gz,12,adrenal,0.6710782405605293,0.7305279603543908,1724,915,775
word_0116.nii.gz,13,rectum,0.817326904121267,0.6099352607075677,15340,4414,2443
word_0116.nii.gz,14,bladder,0.9393945853762524,0.8225764697060558,44067,1884,3802
word_0116.nii.gz,15,head_of_femur_left,0.9285119415415201,0.8580726696125435,34562,2839,2483
word_0116.nii.gz,16,head_of_femur_right,0.945744379560075,0.900366050112158,35063,2499,1524
word_0117.nii.gz,1,liver,0.9594328057691912,0.7931446425822581,560374,26419,20969
word_0117.nii.gz,2,spleen,0.9568901323732477,0.7996173194576576,198537,6093,11796
word_0117.nii.gz,3,left_kidney,0.9419556862931158,0.8667818060706467,49634,4080,2037
word_0117.nii.gz,4,right_kidney,0.9492831115335868,0.9009277017699062,47935,3840,1282
word_0117.nii.gz,5,stomach,0.9143070734869936,0.7058061614683888,138203,4522,21384
word_0117.nii.gz,6,gallbladder,0.8732131758856433,0.8440074952156241,7025,1111,929
word_0117.nii.gz,7,esophagus,0.710602593440122,0.6810254923115142,2329,739,1158
word_0117.nii.gz,8,pancreas,0.8457371397871928,0.7221712936424398,28336,3871,6466
word_0117.nii.gz,9,duodenum,0.6987756229816775,0.5322291263575617,20232,12068,5375
word_0117.nii.gz,10,colon,0.8383866691437406,0.6245087246935137,266254,63398,39252
word_0117.nii.gz,11,intestine,0.864996362470845,0.6633940550969082,375126,54962,62133
word_0117.nii.gz,12,adrenal,0.6418167580266249,0.7090153998629344,2049,932,1355
word_0117.nii.gz,13,rectum,0.8663467197899217,0.6548256332452181,19135,4814,1090
word_0117.nii.gz,14,bladder,0.9432174551277774,0.8058699809045509,49476,1859,4098
word_0117.nii.gz,15,head_of_femur_left,0.9107871434061307,0.7293473109038886,55696,9860,1051
word_0117.nii.gz,16,head_of_femur_right,0.922147592080425,0.7591516608003619,52514,8026,841
word_0118.nii.gz,1,liver,0.9644774714255594,0.8182986841906128,393393,11411,17567
word_0118.nii.gz,2,spleen,0.9527084894550905,0.938948741015216,35597,2017,1517
word_0118.nii.gz,3,left_kidney,0.9463056935625282,0.8672141146587838,53427,1878,4185
word_0118.nii.gz,4,right_kidney,0.9550675966589167,0.9143227800331303,55456,2633,2585
word_0118.nii.gz,5,stomach,0.936734970415092,0.8166256777583628,62217,4188,4216
word_0118.nii.gz,6,gallbladder,0.8087412276805543,0.6823948526410872,9104,2377,1929
word_0118.nii.gz,7,esophagus,0.8534433924091608,0.8744612698470128,5273,754,1057
word_0118.nii.gz,8,pancreas,0.868722393183864,0.8167073944324408,20749,2583,3688
word_0118.nii.gz,9,duodenum,0.8575250173387496,0.7614880066751663,25965,3745,4883
word_0118.nii.gz,10,colon,0.8818680050589752,0.6865429792590418,286578,31986,44792
word_0118.nii.gz,11,intestine,0.8710242285910346,0.7542329130766119,208170,39157,22492
word_0118.nii.gz,12,adrenal,0.7342304457527334,0.8062582211303575,3492,1515,1013
word_0118.nii.gz,13,rectum,0.8101062327561861,0.6466845702403243,18645,2954,5787
word_0118.nii.gz,14,bladder,0.9630923782485259,0.8268043793026102,121275,2865,6430
word_0118.nii.gz,15,head_of_femur_left,0.9065427708309434,0.8242500051311351,47414,7448,2328
word_0118.nii.gz,16,head_of_femur_right,0.8904512478642055,0.7792698814531773,47685,8591,3142
word_0119.nii.gz,1,liver,0.9545375148438568,0.8101530666107833,352473,22902,10673
word_0119.nii.gz,2,spleen,0.9520356583388511,0.9078172764135257,58951,4368,1572
word_0119.nii.gz,3,left_kidney,0.9421056680542615,0.8723224449035217,55108,2821,3952
word_0119.nii.gz,4,right_kidney,0.951223557965131,0.9143546600018125,54478,2781,2806
word_0119.nii.gz,5,stomach,0.9189555825852168,0.7214292846353705,140903,3965,20888
word_0119.nii.gz,6,gallbladder,0.7959044368600683,0.7733840907817158,1749,491,406
word_0119.nii.gz,7,esophagus,0.5470376679916714,0.6046465839087456,1445,2060,333
word_0119.nii.gz,8,pancreas,0.8775925402656117,0.7802387406606764,31058,3964,4700
word_0119.nii.gz,9,duodenum,0.7919035992754194,0.7010306814129132,25137,7624,5587
word_0119.nii.gz,10,colon,0.8962854872498736,0.7325562481162204,310182,28379,43407
word_0119.nii.gz,11,intestine,0.885622963403193,0.7833884581693432,327092,36501,47986
word_0119.nii.gz,12,adrenal,0.7198027937551356,0.7697626224994345,3504,784,1944
word_0119.nii.gz,13,rectum,0.8158454341089981,0.6888941488601598,13428,5060,1002
word_0119.nii.gz,14,bladder,0.9504907641400109,0.8284160284106377,68077,4404,2688
word_0119.nii.gz,15,head_of_femur_left,0.9417943219609908,0.8945739809643014,36673,1482,3051
word_0119.nii.gz,16,head_of_femur_right,0.9345691382765531,0.859382649937567,37308,1741,3483
word_0121.nii.gz,1,liver,0.9516934574086222,0.7638934324467238,491819,12342,37586
word_0121.nii.gz,2,spleen,0.9467759206666977,0.8476944270038469,101679,4929,6503
word_0121.nii.gz,3,left_kidney,0.9421226441951831,0.8378636547091022,66186,1782,6350
word_0121.nii.gz,4,right_kidney,0.944344607939078,0.8756570072103574,53075,1936,4320
word_0121.nii.gz,5,stomach,0.9316882038055239,0.7667170175948375,160385,10425,13094
word_0121.nii.gz,6,gallbladder,0.13227953410981697,0.20217215321823226,159,963,1123
word_0121.nii.gz,7,esophagus,0.7449094115760783,0.8038018300768551,2323,921,670
word_0121.nii.gz,8,pancreas,0.8324754829123329,0.7068665677298683,35016,3341,10752
word_0121.nii.gz,9,duodenum,0.665204178879039,0.487265822507259,18497,9664,8955
word_0121.nii.gz,10,colon,0.7116068984396386,0.5549618747439943,77985,29900,33310
word_0121.nii.gz,11,intestine,0.8465816716575362,0.7027963270298175,253591,37088,54824
word_0121.nii.gz,12,adrenal,0.4964209711743084,0.48236493663581215,1283,2163,440
word_0121.nii.gz,13,rectum,0.786114221724524,0.6023714645104151,18603,2353,7770
word_0121.nii.gz,14,bladder,0.8894804336843741,0.6984476592157495,22889,2325,3363
word_0121.nii.gz,15,head_of_femur_left,0.9384857366326592,0.8417219811309717,54595,1334,5823
word_0121.nii.gz,16,head_of_femur_right,0.9141234100358128,0.8053668129801885,55517,1147,9284
word_0122.nii.gz,1,liver,0.9618562113642137,0.8180061696563571,425946,21286,12497
word_0122.nii.gz,2,spleen,0.9572359570715375,0.9232689694926769,64041,4505,1217
word_0122.nii.gz,3,left_kidney,0.9444564124658912,0.8664589466345182,52610,3435,2753
word_0122.nii.gz,4,right_kidney,0.9525045470186305,0.9105738903376185,48442,2562,2269
word_0122.nii.gz,5,stomach,0.9516156701075843,0.7854551366832783,174739,4486,13283
word_0122.nii.gz,6,gallbladder,0.8731959698647545,0.8337203451334024,4810,416,981
word_0122.nii.gz,7,esophagus,0.6252710712736735,0.49512029792790885,4325,4653,531
word_0122.nii.gz,8,pancreas,0.8875636693731404,0.8038603110476927,35199,4696,4222
word_0122.nii.gz,9,duodenum,0.8686846530671931,0.8119124468515546,23762,3033,4151
word_0122.nii.gz,10,colon,0.8957421131404459,0.7832460394110996,160693,25798,11609
word_0122.nii.gz,11,intestine,0.8919882994493858,0.884321013753981,269566,34088,31196
word_0122.nii.gz,12,adrenal,0.7674828254359697,0.7764884263950527,4357,1521,1119
word_0122.nii.gz,13,rectum,0.7820667726550079,0.59080429561926,12298,3664,3190
word_0122.nii.gz,14,bladder,0.940881524282508,0.8189973750256524,39406,886,4066
word_0122.nii.gz,15,head_of_femur_left,0.944060773480663,0.8679262601661678,58781,2674,4292
word_0122.nii.gz,16,head_of_femur_right,0.9375143278205338,0.8401887226343477,57254,4032,3600
word_0123.nii.gz,1,liver,0.9750731992309835,0.8843496433399207,574127,20334,9020
word_0123.nii.gz,2,spleen,0.9654794570581978,0.9413577033811301,105734,4245,3316
word_0123.nii.gz,3,left_kidney,0.9645234238424404,0.9407372113322439,60139,2735,1689
word_0123.nii.gz,4,right_kidney,0.9587991176580551,0.92600639883301,51290,3011,1397
word_0123.nii.gz,5,stomach,0.9617443865332034,0.8226310412124987,243757,12844,6548
word_0123.nii.gz,6,gallbladder,0.7212426532325776,0.7216078394662899,859,459,205
word_0123.nii.gz,7,esophagus,0.8545673076923077,0.8538032403276727,3555,1069,141
word_0123.nii.gz,8,pancreas,0.8888234094154446,0.7728834027552143,39214,8131,1679
word_0123.nii.gz,9,duodenum,0.8943242677198336,0.8191059127012666,29891,3774,3290
word_0123.nii.gz,10,colon,0.9148949206543717,0.78887444121941,253844,38420,8806
word_0123.nii.gz,11,intestine,0.9261678175340053,0.8454792393770184,371328,22511,36692
word_0123.nii.gz,12,adrenal,0.7706476530005941,0.8172738541838312,3891,1765,551
word_0123.nii.gz,13,rectum,0.8664555097230406,0.6666363593547074,23526,1980,5272
word_0123.nii.gz,14,bladder,0.9677395431622664,0.8732545672467967,117441,5843,1987
word_0123.nii.gz,15,head_of_femur_left,0.9545374262601999,0.8879642195845848,67555,1973,4462
word_0123.nii.gz,16,head_of_femur_right,0.9481036206314424,0.8874650677980739,71606,1822,6017
word_0125.nii.gz,1,liver,0.970901840377819,0.9041862180854641,289971,9530,7851
word_0125.nii.gz,2,spleen,0.9451391769888777,0.9395894420801489,23921,2075,702
word_0125.nii.gz,3,left_kidney,0.9525796661608498,0.9300617048324972,32643,2269,981
word_0125.nii.gz,4,right_kidney,0.9343671607753706,0.8897074015559341,30729,1758,2559
word_0125.nii.gz,5,stomach,0.9558251954538397,0.8503657365198006,181613,11536,5251
word_0125.nii.gz,6,gallbladder,0.6925813008130082,0.6496722598374184,1363,216,994
word_0125.nii.gz,7,esophagus,0.7600271923861319,0.7858434784270496,1118,559,147
word_0125.nii.gz,8,pancreas,0.8695482797088875,0.802856430627631,24553,4930,2437
word_0125.nii.gz,9,duodenum,0.7968697968697969,0.7166906214471264,14358,4488,2832
word_0125.nii.gz,10,colon,0.8749847362095671,0.7586596503418417,136145,24200,14704
word_0125.nii.gz,11,intestine,0.8883091713848055,0.8330436619170725,209927,35047,17743
word_0125.nii.gz,12,adrenal,0.7510668563300142,0.807614702320677,2112,1040,360
word_0125.nii.gz,13,rectum,0.8419447738438083,0.7263316431007215,14910,1833,3765
word_0125.nii.gz,14,bladder,0.9536830701507786,0.8245789518219467,69544,5392,1363
word_0125.nii.gz,15,head_of_femur_left,0.9407332345986956,0.8844971901713815,36206,3254,1308
word_0125.nii.gz,16,head_of_femur_right,0.9416553595658074,0.9018435709645429,35741,2938,1491
word_0126.nii.gz,1,liver,0.972113871369037,0.8807425224813211,524732,20130,9975
word_0126.nii.gz,2,spleen,0.947979934668085,0.8243438166496485,75308,6509,1756
word_0126.nii.gz,3,left_kidney,0.8786793286892368,0.614964911359809,57644,13325,2593
word_0126.nii.gz,4,right_kidney,0.9409171449645197,0.7859914370426891,55492,4483,2486
word_0126.nii.gz,5,stomach,0.9423584984079828,0.7900161633693898,130372,9529,6420
word_0126.nii.gz,6,gallbladder,0.8353395412218941,0.7636406103305142,3678,1065,385
word_0126.nii.gz,7,esophagus,0.6842821501474258,0.6032191367708521,3017,2137,647
word_0126.nii.gz,8,pancreas,0.7210801147857177,0.5634840464778388,15328,9650,2208
word_0126.nii.gz,9,duodenum,0.79356783919598,0.725107900832895,9870,4332,803
word_0126.nii.gz,10,colon,0.8958688017196579,0.6563097865468005,505954,81104,36515
word_0126.nii.gz,11,intestine,0.863771249158079,0.6385298402963114,418717,60564,71511
word_0126.nii.gz,12,adrenal,0.7029042829698271,0.7906701038046874,3110,1987,642
word_0126.nii.gz,13,rectum,0.8117026604991013,0.6583839961249905,13775,4247,2144
word_0126.nii.gz,14,bladder,0.9571671636658979,0.8587761321684999,80727,4054,3171
word_0126.nii.gz,15,head_of_femur_left,0.9313628975022322,0.8806485680140913,40681,4425,1571
word_0126.nii.gz,16,head_of_femur_right,0.9483378007140394,0.9066461543015462,42633,3644,1001
word_0127.nii.gz,1,liver,0.9597682763724383,0.8104044687805233,249009,11469,9407
word_0127.nii.gz,2,spleen,0.9500061322368464,0.8507414598738376,73587,5360,2385
word_0127.nii.gz,3,left_kidney,0.9128463476070529,0.7748201530697872,48018,6373,2796
word_0127.nii.gz,4,right_kidney,0.9333044309347627,0.841968835764317,47361,3442,3327
word_0127.nii.gz,5,stomach,0.9153387616228433,0.7470499045813351,168680,26276,4927
word_0127.nii.gz,6,gallbladder,0.4048140043763676,0.2200196819595844,1665,735,4161
word_0127.nii.gz,7,esophagus,0.7331500616172149,0.7098270655548519,7734,3364,2266
word_0127.nii.gz,8,pancreas,0.8094812280497129,0.6608006253300232,31231,8316,6385
word_0127.nii.gz,9,duodenum,0.6723863557738877,0.5167531382949537,29154,5318,23092
word_0127.nii.gz,10,colon,0.7815896106260392,0.5714719444180996,274769,46208,107357
word_0127.nii.gz,11,intestine,0.826282636159461,0.6641605687851806,376732,94609,63799
word_0127.nii.gz,12,adrenal,0.6421944332392093,0.704397317008588,3184,2850,698
word_0127.nii.gz,13,rectum,0.8157084188911704,0.6659460881674027,12712,4792,952
word_0127.nii.gz,14,bladder,0.9460013218770654,0.8480296725367905,42939,3065,1837
word_0127.nii.gz,15,head_of_femur_left,0.9250851420728918,0.7997015371449631,45498,6150,1219
word_0127.nii.gz,16,head_of_femur_right,0.9252579744691528,0.7946674732388401,44250,6105,1044
word_0128.nii.gz,1,liver,0.9582565845890846,0.7810281218598004,343615,10529,19408
word_0128.nii.gz,2,spleen,0.9458020353422895,0.8295153234538606,83040,2661,6856
word_0128.nii.gz,3,left_kidney,0.7081102482107507,0.5034440109979087,58127,43930,3991
word_0128.nii.gz,4,right_kidney,0.6878261951644427,0.5335289995259732,46983,39453,3194
word_0128.nii.gz,5,stomach,0.8618967145484367,0.6499861433574534,104043,24132,9210
word_0128.nii.gz,6,gallbladder,0.7227046000369481,0.607087868054051,1956,955,546
word_0128.nii.gz,7,esophagus,0.7344782034346103,0.6541149449126478,9174,2655,3978
word_0128.nii.gz,8,pancreas,0.6746668350912651,0.5630829462626181,16023,11728,3725
word_0128.nii.gz,9,duodenum,0.5707424036754725,0.4268274431987139,24597,2788,34211
word_0128.nii.gz,10,colon,0.8596774451034075,0.5491469261851739,430805,31600,109038
word_0128.nii.gz,11,intestine,0.8250478223065371,0.6652644559245463,260942,83015,27651
word_0128.nii.gz,12,adrenal,0.5031185031185031,0.5189695893187765,2057,3309,754
word_0128.nii.gz,13,rectum,0.7381251004984725,0.4559552237374959,11476,779,7364
word_0128.nii.gz,14,bladder,0.9401428659726453,0.7501827360506654,53237,1736,5043
word_0128.nii.gz,15,head_of_femur_left,0.4870525642320773,0.22339012514642134,14464,3422,27044
word_0128.nii.gz,16,head_of_femur_right,0.8664987405541562,0.6981438944347691,44720,9102,4678
word_0130.nii.gz,1,liver,0.9771971540997754,0.9252104433561427,416714,12992,6456
word_0130.nii.gz,2,spleen,0.9494178944481839,0.9269164730733772,38084,2619,1439
word_0130.nii.gz,3,left_kidney,0.951866864135942,0.9036879406995879,48846,2141,2799
word_0130.nii.gz,4,right_kidney,0.9559989742907886,0.9264759644769225,50330,2657,1976
word_0130.nii.gz,5,stomach,0.9309588560400035,0.8060852872051385,84896,6087,6505
word_0130.nii.gz,6,gallbladder,0.6904341687257325,0.609140504267617,978,494,383
word_0130.nii.gz,7,esophagus,0.7784970447509147,0.7718189385794051,1383,509,278
word_0130.nii.gz,8,pancreas,0.9132339561900763,0.8624929806070272,32623,3465,2734
word_0130.nii.gz,9,duodenum,0.7776716728882715,0.7586525361891995,8958,3550,1572
word_0130.nii.gz,10,colon,0.9156327888552608,0.75826433675392,329159,40936,19722
word_0130.nii.gz,11,intestine,0.9093151153475729,0.7487807188820617,353584,26808,43717
word_0130.nii.gz,12,adrenal,0.6567407709565573,0.7563945476990793,1610,1261,422
word_0130.nii.gz,13,rectum,0.8053244592346089,0.622054566108074,18876,3467,5659
word_0130.nii.gz,14,bladder,0.9670324221981897,0.8646166902328519,156036,6750,3889
word_0130.nii.gz,15,head_of_femur_left,0.9570843946545625,0.9275140763306324,39641,2120,1435
word_0130.nii.gz,16,head_of_femur_right,0.9578852170512319,0.9300404772777979,39189,2294,1152
word_0132.nii.gz,1,liver,0.9642021996853221,0.801505816137345,378109,20303,7773
word_0132.nii.gz,2,spleen,0.9567972532015476,0.8726779073669563,75797,4742,2103
word_0132.nii.gz,3,left_kidney,0.9406218916230593,0.85935097782256,54375,5578,1287
word_0132.nii.gz,4,right_kidney,0.9373320260684007,0.8587189378502907,40631,4408,1025
word_0132.nii.gz,5,stomach,0.8691292218312897,0.5980355155102959,90658,25534,1768
word_0132.nii.gz,6,gallbladder,0.8070872155185581,0.7030706396909113,2642,1039,224
word_0132.nii.gz,7,esophagus,0.6823353851893303,0.6502292158882105,1829,934,769
word_0132.nii.gz,8,pancreas,0.6743093783142265,0.524766651458345,13352,11837,1061
word_0132.nii.gz,9,duodenum,0.6752099850851715,0.5423634841259595,17203,5964,10586
word_0132.nii.gz,10,colon,0.7821784341139462,0.5900177272050098,143220,25401,54367
word_0132.nii.gz,11,intestine,0.8434862125145052,0.6768773733273687,291481,75265,32907
word_0132.nii.gz,12,adrenal,0.725,0.7463144541014862,2523,1573,341
word_0132.nii.gz,13,rectum,0.8316493421530857,0.6836708841982251,11441,3109,1523
word_0132.nii.gz,14,bladder,0.9544538774179273,0.7922960381310148,122937,2679,9054
word_0132.nii.gz,15,head_of_femur_left,0.815961516047342,0.7339509113326601,38504,15834,1535
word_0132.nii.gz,16,head_of_femur_right,0.8077767661078679,0.6988587889255261,37705,16063,1882
word_0133.nii.gz,1,liver,0.9672877037660551,0.8816798975690717,321761,13640,8123
word_0133.nii.gz,2,spleen,0.9585708539646874,0.896980571469642,69112,3751,2223
word_0133.nii.gz,3,left_kidney,0.9436972706992628,0.8845708814430217,51398,3349,2784
word_0133.nii.gz,4,right_kidney,0.9421015138023152,0.8593469899143646,52899,3186,3316
word_0133.nii.gz,5,stomach,0.9068946484833154,0.7017686905332778,78869,6174,10020
word_0133.nii.gz,6,gallbladder,0.8373594335693461,0.7564993793863312,4021,349,1213
word_0133.nii.gz,7,esophagus,0.779754389991966,0.8278885261948838,3397,1475,444
word_0133.nii.gz,8,pancreas,0.8932384341637011,0.7903913134503909,30120,2862,4338
word_0133.nii.gz,9,duodenum,0.760833668050163,0.7302085833191445,8524,4099,1260
word_0133.nii.gz,10,colon,0.8165285725951844,0.7018123392107843,64992,18463,10744
word_0133.nii.gz,11,intestine,0.9027808144301722,0.7167686328747567,264262,37509,19407
word_0133.nii.gz,12,adrenal,0.6308765544434334,0.7010614207336531,1040,965,252
word_0133.nii.gz,13,rectum,0.7185009487666034,0.5050087695983004,7573,4676,1258
word_0133.nii.gz,14,bladder,0.959115239095499,0.7667446520896521,227388,3035,16351
word_0133.nii.gz,15,head_of_femur_left,0.9526297321533003,0.9242396958500377,36651,2569,1076
word_0133.nii.gz,16,head_of_femur_right,0.9535890936830966,0.9294539547519602,38751,1983,1789
word_0134.nii.gz,1,liver,0.9628061917113876,0.7896856200432402,468799,19369,16851
word_0134.nii.gz,2,spleen,0.9500807102502018,0.9096338589291928,47086,4154,794
word_0134.nii.gz,3,left_kidney,0.9427993157121172,0.8648307583220576,39129,3344,1404
word_0134.nii.gz,4,right_kidney,0.9362069686119896,0.8680748907239548,33600,2723,1856
word_0134.nii.gz,5,stomach,0.9573486530008269,0.8523020835203109,131982,7466,4294
word_0134.nii.gz,6,gallbladder,0.8477123306051254,0.802106643339328,3159,349,786
word_0134.nii.gz,7,esophagus,0.8099336813884578,0.7947429341027795,2870,1041,306
word_0134.nii.gz,8,pancreas,0.8847039322221198,0.821088659540218,28821,5176,2336
word_0134.nii.gz,9,duodenum,0.9114195583596214,0.8377940254335902,36115,2518,4502
word_0134.nii.gz,10,colon,0.8485413311165376,0.7613148651736923,130655,27516,19126
word_0134.nii.gz,11,intestine,0.8461887050932123,0.8003837057480299,202600,55242,18411
word_0134.nii.gz,12,adrenal,0.7379282973938351,0.8112833727497343,2789,1320,661
word_0134.nii.gz,13,rectum,0.7818585670747455,0.5838446198349537,7568,962,3261
word_0134.nii.gz,14,bladder,0.8709388175591888,0.7557249693605677,22826,817,5948
word_0134.nii.gz,15,head_of_femur_left,0.9302256720458535,0.8095068616668626,43982,5181,1417
word_0134.nii.gz,16,head_of_femur_right,0.933579945855463,0.8367734749479888,45175,4834,1594
word_0135.nii.gz,1,liver,0.9598615974012411,0.8226256134110854,349261,12964,16246
word_0135.nii.gz,2,spleen,0.9440765399925031,0.9149892392000937,26445,1657,1476
word_0135.nii.gz,3,left_kidney,0.9400399628691452,0.8904667721763729,29874,1574,2237
word_0135.nii.gz,4,right_kidney,0.943859011627907,0.8925295939371387,41560,2061,2883
word_0135.nii.gz,5,stomach,0.9416282311019153,0.7911391442975229,131069,7306,8944
word_0135.nii.gz,6,gallbladder,0.7848101265822784,0.7401194067099226,1736,551,401
word_0135.nii.gz,7,esophagus,0.8803597441256571,0.8954050103758947,6950,534,1355
word_0135.nii.gz,8,pancreas,0.8178372192819339,0.7553291463468532,22870,7132,3056
word_0135.nii.gz,9,duodenum,0.8048053223943881,0.7370634620666842,23347,3272,8053
word_0135.nii.gz,10,colon,0.9085097783475373,0.7367482276979788,366392,32360,41434
word_0135.nii.gz,11,intestine,0.8920927660436029,0.8123613483678712,295210,41996,29421
word_0135.nii.gz,12,adrenal,0.6036756307756204,0.550315946235026,2907,922,2895
word_0135.nii.gz,13,rectum,0.8591511509363094,0.5943427516406404,24018,1353,6522
word_0135.nii.gz,14,bladder,0.9364308657652947,0.7721489631112671,43876,3552,2405
word_0135.nii.gz,15,head_of_femur_left,0.9396144516787949,0.8543032833715147,55200,2663,4432
word_0135.nii.gz,16,head_of_femur_right,0.9377890396982698,0.8522304726739395,56069,2765,4674
word_0136.nii.gz,1,liver,0.9592651550208237,0.7918942473196338,518243,23213,20801
word_0136.nii.gz,2,spleen,0.9487496835532052,0.8657602029725071,67458,4609,2679
word_0136.nii.gz,3,left_kidney,0.9344555470792011,0.8107624712632886,74720,3118,7364
word_0136.nii.gz,4,right_kidney,0.9402952033935826,0.8556805782256137,78580,2060,7919
word_0136.nii.gz,5,stomach,0.956915077070013,0.8158049689082296,252483,12127,10609
word_0136.nii.gz,6,gallbladder,0.8611111111111112,0.886534694579955,868,185,95
word_0136.nii.gz,7,esophagus,0.7143001925610621,0.7415066483604481,3524,1323,1496
word_0136.nii.gz,8,pancreas,0.6997297923261021,0.6211726538056048,22659,16183,3264
word_0136.nii.gz,9,duodenum,0.7796216763625343,0.6843535398637182,52734,3122,26691
word_0136.nii.gz,10,colon,0.8796113260252033,0.7379562653378395,278996,53237,23133
word_0136.nii.gz,11,intestine,0.893745368802471,0.8657553486607564,350989,56641,26815
word_0136.nii.gz,12,adrenal,0.7868139829740989,0.867849068128136,4344,1115,1239
word_0136.nii.gz,13,rectum,0.7493509959482738,0.5619210839890668,15443,8955,1376
word_0136.nii.gz,14,bladder,0.9165198009537632,0.7421736563571381,35363,3323,3119
word_0136.nii.gz,15,head_of_femur_left,0.9289094361943899,0.7846476242721364,59675,7212,1922
word_0136.nii.gz,16,head_of_femur_right,0.9323767591206074,0.7874206720876217,62576,7327,1750
word_0138.nii.gz,1,liver,0.9482367836080723,0.7468182365377776,521278,26573,30339
word_0138.nii.gz,2,spleen,0.9316581777023203,0.7913667467413215,82312,5965,6111
word_0138.nii.gz,3,left_kidney,0.9259168031064811,0.7725541296361593,63904,1394,8832
word_0138.nii.gz,4,right_kidney,0.9172831380808214,0.7860530337214978,69686,1524,11044
word_0138.nii.gz,5,stomach,0.9185770384700036,0.5491275711302398,237894,4730,37444
word_0138.nii.gz,6,gallbladder,0.8154486586493987,0.8568829439682749,1763,291,507
word_0138.nii.gz,7,esophagus,0.6659177432440866,0.5986297408268191,5335,2625,2728
word_0138.nii.gz,8,pancreas,0.8039654234419392,0.6139832928540325,26600,2531,10441
word_0138.nii.gz,9,duodenum,0.7593665195026125,0.6269869254978396,18748,5231,6651
word_0138.nii.gz,10,colon,0.8817073852654509,0.6531327289991515,362663,40169,57143
word_0138.nii.gz,11,intestine,0.8510383066466551,0.683882296286553,307898,27000,80786
word_0138.nii.gz,12,adrenal,0.47214611872146117,0.41511332697192616,2585,152,5628
word_0138.nii.gz,13,rectum,0.8848486594730094,0.6585449646797483,30710,2796,5197
word_0138.nii.gz,14,bladder,0.9526817826426897,0.8122811087651594,76155,1266,6299
word_0138.nii.gz,15,head_of_femur_left,0.9450399157888266,0.8663479222755539,61498,2320,4833
word_0138.nii.gz,16,head_of_femur_right,0.9267587011471904,0.8311090290880718,59579,2742,6675
word_0140.nii.gz,1,liver,0.9577972196494688,0.7824314161082365,431230,9649,28353
word_0140.nii.gz,2,spleen,0.948371082424642,0.8825546476358432,70491,2458,5217
word_0140.nii.gz,3,left_kidney,0.9446595274211929,0.8353052949962445,62587,1468,5865
word_0140.nii.gz,4,right_kidney,0.9388571935798843,0.8350663488369029,58173,1346,6231
word_0140.nii.gz,5,stomach,0.9449895493031935,0.7818058038797663,168640,11476,8158
word_0140.nii.gz,6,gallbladder,0.8296169239565466,0.7741228930615671,4353,728,1060
word_0140.nii.gz,7,esophagus,0.8178125906585436,0.7731189697126434,2819,445,811
word_0140.nii.gz,8,pancreas,0.8403504467185312,0.7006252615412065,29111,3978,7083
word_0140.nii.gz,9,duodenum,0.5974900347902024,0.4581340935040162,21210,9540,19037
word_0140.nii.gz,10,colon,0.8361337448763883,0.5424394218996336,168496,31372,34672
word_0140.nii.gz,11,intestine,0.8367775054713422,0.5772557069518194,248907,33809,63295
word_0140.nii.gz,12,adrenal,0.6534253092293054,0.6786006432114187,2747,1628,1286
word_0140.nii.gz,13,rectum,0.7359516793479057,0.35303727046184624,25100,8673,9338
word_0140.nii.gz,14,bladder,0.9171200357481987,0.7668365331564079,41048,2085,5334
word_0140.nii.gz,15,head_of_femur_left,0.8936072500153083,0.6685252285419242,58374,1034,12866
word_0140.nii.gz,16,head_of_femur_right,0.8893349907734119,0.6132169967895794,57592,701,13632
word_0142.nii.gz,1,liver,0.96732525687933,0.8041621192198253,597378,12496,27861
word_0142.nii.gz,2,spleen,0.9633128845743348,0.9211575348407224,103796,2968,4938
word_0142.nii.gz,3,left_kidney,0.9591788647322173,0.9005398672294884,83450,1489,5614
word_0142.nii.gz,4,right_kidney,0.9559405612188488,0.8825168692139449,86461,2483,5487
word_0142.nii.gz,5,stomach,0.9341209102802374,0.7428708048611444,249549,15791,19408
word_0142.nii.gz,6,gallbladder,0.9144867400324734,0.8188038900693756,15207,887,1957
word_0142.nii.gz,7,esophagus,0.7343124165554072,0.6336758108905927,5225,1527,2254
word_0142.nii.gz,8,pancreas,0.8545302080421675,0.712721120199645,32100,1984,8945
word_0142.nii.gz,9,duodenum,0.6585529854760624,0.6093289831029708,19588,3090,17222
word_0142.nii.gz,10,colon,0.8978158961504483,0.7125819185335523,424798,37930,58766
word_0142.nii.gz,11,intestine,0.8798525511476285,0.7934806120496519,252292,24901,44002
word_0142.nii.gz,12,adrenal,0.6406207705494902,0.6160553667725521,3550,192,3791
word_0142.nii.gz,13,rectum,0.764775832405627,0.5090539500343481,30227,4138,14456
word_0142.nii.gz,14,bladder,0.945470953816382,0.7377628497715727,101623,1146,10576
word_0142.nii.gz,15,head_of_femur_left,0.938486244266441,0.867168278687494,48798,2099,4298
word_0142.nii.gz,16,head_of_femur_right,0.9337556387369229,0.850061051763574,48644,3798,3104
word_0143.nii.gz,1,liver,0.9697072788045762,0.8468041630770909,521623,17464,15126
word_0143.nii.gz,2,spleen,0.9594019042161064,0.9384062281978769,73660,2449,3785
word_0143.nii.gz,3,left_kidney,0.860756809482914,0.7740936660830435,81184,17924,8342
word_0143.nii.gz,4,right_kidney,0.839762995480637,0.7553093412105231,68101,17640,8349
word_0143.nii.gz,5,stomach,0.9454046222136224,0.7687427562675324,205210,7012,16689
word_0143.nii.gz,6,gallbladder,0.8292682926829268,0.829881450750043,1972,462,350
word_0143.nii.gz,7,esophagus,0.8193548387096774,0.8019583846716333,4953,1272,912
word_0143.nii.gz,8,pancreas,0.8869036183157221,0.7550717257353698,41547,2931,7665
word_0143.nii.gz,9,duodenum,0.8271704864956974,0.7727962904594347,19417,3898,4216
word_0143.nii.gz,10,colon,0.8702364555212189,0.7225286280326869,434372,33219,96322
word_0143.nii.gz,11,intestine,0.8555841958710838,0.747377951792639,417730,89547,51472
word_0143.nii.gz,12,adrenal,0.7984431470670003,0.8701262748642415,4308,723,1452
word_0143.nii.gz,13,rectum,0.8567603196836121,0.7266025298929638,20797,4653,2301
word_0143.nii.gz,14,bladder,0.960961137962199,0.8070855083450895,195644,3784,12112
word_0143.nii.gz,15,head_of_femur_left,0.8762465112770612,0.7502579924055379,58082,10673,5733
word_0143.nii.gz,16,head_of_femur_right,0.8896324067573825,0.7876464362739735,59560,10018,4760
word_0144.nii.gz,1,liver,0.9747686108456775,0.8921647819369787,404470,9040,11899
word_0144.nii.gz,2,spleen,0.9454273610765014,0.8941343503807128,49322,4150,1544
word_0144.nii.gz,3,left_kidney,0.9131947749748797,0.7954145247046683,43169,6126,2081
word_0144.nii.gz,4,right_kidney,0.9400820287203314,0.8476385975974117,45727,3655,2174
word_0144.nii.gz,5,stomach,0.9519555049371385,0.8403937443175202,129138,4186,8849
word_0144.nii.gz,6,gallbladder,0.7560668703936725,0.7329386016500682,2103,994,363
word_0144.nii.gz,7,esophagus,0.7778608825729244,0.7556641070827393,7800,1639,2816
word_0144.nii.gz,8,pancreas,0.84457257953042,0.7162068935451679,21385,4484,3387
word_0144.nii.gz,9,duodenum,0.8319479580773401,0.7432003133870485,14963,4494,1551
word_0144.nii.gz,10,colon,0.867147769891245,0.6850581720073332,175375,25160,28577
word_0144.nii.gz,11,intestine,0.9119337336740762,0.8044391881819181,332041,30928,33203
word_0144.nii.gz,12,adrenal,0.6603749191984486,0.6832140109342006,2554,600,2027
word_0144.nii.gz,13,rectum,0.8104445718455204,0.5400445354872436,23325,6339,4572
word_0144.nii.gz,14,bladder,0.951000789843765,0.7643776530498757,197462,11344,9004
word_0144.nii.gz,15,head_of_femur_left,0.9377385017071701,0.8848116070018298,32683,3015,1325
word_0144.nii.gz,16,head_of_femur_right,0.9129807494125891,0.7891463213427145,33222,5349,984
word_0145.nii.gz,1,liver,0.9683412698975935,0.8564799014341717,477568,18090,13137
word_0145.nii.gz,2,spleen,0.9564089304992334,0.9170259370943588,105424,2995,6615
word_0145.nii.gz,3,left_kidney,0.8971877792672028,0.7440044084885457,64253,6746,7980
word_0145.nii.gz,4,right_kidney,0.8493110395435362,0.6682655407268459,57754,12907,7587
word_0145.nii.gz,5,stomach,0.9387699440883677,0.7408983159235117,203078,4211,22280
word_0145.nii.gz,6,gallbladder,0.5406275140788415,0.5938409608268033,336,289,282
word_0145.nii.gz,7,esophagus,0.8594202898550725,0.8672138440949092,5930,1405,535
word_0145.nii.gz,8,pancreas,0.8357818535754479,0.6864873920972682,41217,11911,4286
word_0145.nii.gz,9,duodenum,0.837700995938352,0.77680010328004,22584,5236,3515
word_0145.nii.gz,10,colon,0.8745886630547015,0.7278406677110995,267238,40902,35739
word_0145.nii.gz,11,intestine,0.8721169993602105,0.8234792271643866,483230,49597,92120
word_0145.nii.gz,12,adrenal,0.6712361712361712,0.7391702969613062,2791,1917,817
word_0145.nii.gz,13,rectum,0.7798577855173414,0.6108413351448069,16122,2788,6314
word_0145.nii.gz,14,bladder,0.840924406389979,0.6628719293316091,31821,3128,8911
word_0145.nii.gz,15,head_of_femur_left,0.9233769852326553,0.7677557998056534,61309,2308,7867
word_0145.nii.gz,16,head_of_femur_right,0.9460156609857209,0.858395002493961,61614,2487,4545
word_0146.nii.gz,1,liver,0.9694865934914861,0.8723952571632801,376488,15199,8500
word_0146.nii.gz,2,spleen,0.953445237874432,0.9135267085331774,61686,4695,1329
word_0146.nii.gz,3,left_kidney,0.9541892768516326,0.9156858981357789,46334,2672,1777
word_0146.nii.gz,4,right_kidney,0.9625336587007741,0.9524170085208307,45755,1880,1682
word_0146.nii.gz,5,stomach,0.9668868677859935,0.8983586754152382,186468,7134,5638
word_0146.nii.gz,6,gallbladder,0.9143320213012271,0.8644678333275683,11847,1413,807
word_0146.nii.gz,7,esophagus,0.7492268765813888,0.759868934521314,2665,1070,714
word_0146.nii.gz,8,pancreas,0.9182064517711105,0.8844230956224937,37444,4189,2482
word_0146.nii.gz,9,duodenum,0.8423952975753123,0.8118307918873614,11465,3647,643
word_0146.nii.gz,10,colon,0.9246018042905857,0.7948598085116874,342724,30630,25266
word_0146.nii.gz,11,intestine,0.8963320455575748,0.8662754309772878,223426,35987,15695
word_0146.nii.gz,12,adrenal,0.7479943369513922,0.7799221485999568,3170,962,1174
word_0146.nii.gz,13,rectum,0.8760720638219185,0.6776290755144561,24873,897,6140
word_0146.nii.gz,14,bladder,0.9141333043028604,0.8593160774981244,16794,808,2347
word_0146.nii.gz,15,head_of_femur_left,0.93997249841337,0.869726143802344,53319,1720,5090
word_0146.nii.gz,16,head_of_femur_right,0.9467638886430809,0.8801349111185517,53495,2016,4000
word_0147.nii.gz,1,liver,0.9630223804948567,0.8300353461926541,382382,15790,13575
word_0147.nii.gz,2,spleen,0.9535374868004224,0.8956605404490532,49665,3550,1290
word_0147.nii.gz,3,left_kidney,0.9487469197576697,0.9169850984381394,44084,1817,2946
word_0147.nii.gz,4,right_kidney,0.9464385692068429,0.9054161355533282,38035,2527,1778
word_0147.nii.gz,5,stomach,0.9504961221537501,0.8431945162694453,149149,5159,10377
word_0147.nii.gz,6,gallbladder,0.835291899704644,0.7933409939599705,6646,1752,869
word_0147.nii.gz,7,esophagus,0.7454702329594478,0.7297073643080025,2160,1094,381
word_0147.nii.gz,8,pancreas,0.86015124651735,0.7859156922388083,23772,3312,4418
word_0147.nii.gz,9,duodenum,0.808529179488576,0.7380866407421491,14845,3871,3160
word_0147.nii.gz,10,colon,0.7890965615167608,0.611830741743666,252301,62757,72109
word_0147.nii.gz,11,intestine,0.7851809439917786,0.6853439377878586,267413,78962,67362
word_0147.nii.gz,12,adrenal,0.7645099424649238,0.8257096035162499,3787,942,1391
word_0147.nii.gz,13,rectum,0.7763241101164964,0.4741599525335605,27622,1886,14031
word_0147.nii.gz,14,bladder,0.9192611602620382,0.8004523070022908,27223,2266,2516
word_0147.nii.gz,15,head_of_femur_left,0.9468029059449867,0.8735257613454461,68291,3164,4510
word_0147.nii.gz,16,head_of_femur_right,0.9366048108175002,0.8532493423306909,71898,2334,7399
word_0148.nii.gz,1,liver,0.9585870188545064,0.7443719310686228,549950,7839,39679
word_0148.nii.gz,2,spleen,0.938217449960947,0.798859731655724,59460,1187,6644
word_0148.nii.gz,3,left_kidney,0.9205097031062933,0.7826659684513658,49592,2161,6404
word_0148.nii.gz,4,right_kidney,0.9309281241237499,0.8120156133055618,49800,1517,5873
word_0148.nii.gz,5,stomach,0.924124275404147,0.6853047839311605,132080,7436,14253
word_0148.nii.gz,6,gallbladder,0.8054915931702654,0.5908047188681158,9270,2464,2013
word_0148.nii.gz,7,esophagus,0.7905266254780818,0.7201803371151475,5374,1023,1825
word_0148.nii.gz,8,pancreas,0.8721031577535924,0.7316286146110821,39024,4632,6814
word_0148.nii.gz,9,duodenum,0.8137563668882927,0.6607917609019514,20929,4209,5371
word_0148.nii.gz,10,colon,0.8668469275649846,0.6725642163020943,162539,15944,33990
word_0148.nii.gz,11,intestine,0.8780330762664043,0.759463469768787,364101,33049,68105
word_0148.nii.gz,12,adrenal,0.6576658444761782,0.6576985875960032,2533,1862,775
word_0148.nii.gz,13,rectum,0.7760659682483787,0.5604935615844049,13223,3664,3967
word_0148.nii.gz,14,bladder,0.9117067903195071,0.711395725029786,28706,636,4924
word_0148.nii.gz,15,head_of_femur_left,0.8622760116172568,0.4381048047972194,55074,1311,16282
word_0148.nii.gz,16,head_of_femur_right,0.8727941464178112,0.49827140681014026,55765,1466,14789
word_0150.nii.gz,1,liver,0.9690075682079236,0.8291505669957749,605293,11329,27390
word_0150.nii.gz,2,spleen,0.9601034426402869,0.9304436857765674,99869,3645,4655
word_0150.nii.gz,3,left_kidney,0.8751284582989098,0.7643431063192767,65145,13918,4673
word_0150.nii.gz,4,right_kidney,0.8835474730121151,0.7720895334714206,84343,16704,5529
word_0150.nii.gz,5,stomach,0.9542932567076661,0.8537377643251153,122547,5061,6678
word_0150.nii.gz,6,gallbladder,0.84614400818519,0.8652446665149931,3308,279,924
word_0150.nii.gz,7,esophagus,0.8585671556758296,0.863301159055712,3014,649,344
word_0150.nii.gz,8,pancreas,0.8625526773347478,0.7589992147296281,29269,3905,5423
word_0150.nii.gz,9,duodenum,0.804883155368733,0.6572065113866015,24988,7643,4472
word_0150.nii.gz,10,colon,0.9029729343043518,0.7790879660545861,255605,17172,37759
word_0150.nii.gz,11,intestine,0.882808415487199,0.8279218875437225,329269,33705,53715
word_0150.nii.gz,12,adrenal,0.6298792914249882,0.7057255674810562,2009,1788,573
word_0150.nii.gz,13,rectum,0.5554861869829874,0.3662095252818751,3559,3918,1778
word_0150.nii.gz,14,bladder,0.9519220314523223,0.7908194541271354,96305,2074,7654
word_0150.nii.gz,15,head_of_femur_left,0.9007938821922145,0.6847628454769629,54067,1027,10882
word_0150.nii.gz,16,head_of_femur_right,0.9079635856639056,0.6977206765041969,55354,1173,10049
