case,label,structure,total_gt_voxels,correct_4_voxels,correct_3_voxels,correct_2_voxels,correct_1_voxels,correct_0_voxels,correct_4_percent,correct_3_percent,correct_2_percent,correct_1_percent,correct_0_percent,suprem3_agree_swin5050_disagrees_voxels,suprem3_agree_swin5050_disagrees_percent,suprem3_correct_swin5050_wrong_voxels,suprem3_correct_swin5050_wrong_percent
word_0002.nii.gz,1,liver,698527,638479,16769,11120,10940,21219,91.403625,2.400623,1.591921,1.566153,3.037678,12004,1.718473,10224,1.463651
word_0002.nii.gz,2,spleen,119542,52072,58782,1811,1762,5115,43.559586,49.172676,1.514949,1.473959,4.278831,58488,48.926737,58262,48.737682
word_0002.nii.gz,3,left_kidney,68382,0,11583,41927,7686,7186,0.0,16.938668,61.312919,11.2398,10.508613,14975,21.899038,11583,16.938668
word_0002.nii.gz,4,right_kidney,68951,56822,7697,1208,829,2395,82.409247,11.163,1.751969,1.202303,3.473481,7599,11.02087,7595,11.015069
word_0002.nii.gz,5,stomach,186397,154230,17563,3228,3293,8083,82.742748,9.422362,1.731788,1.766659,4.336443,15961,8.562906,15444,8.285541
word_0002.nii.gz,6,gallbladder,9918,8521,423,181,218,575,85.914499,4.264973,1.824965,2.198024,5.79754,156,1.572898,151,1.522484
word_0002.nii.gz,7,esophagus,10488,4748,2998,571,399,1772,45.270786,28.58505,5.444317,3.804348,16.8955,2984,28.451564,2832,27.002288
word_0002.nii.gz,8,pancreas,34611,2655,24776,2579,1231,3370,7.670972,71.584178,7.451388,3.556673,9.736789,24082,69.579036,24022,69.40568
word_0002.nii.gz,9,duodenum,32238,0,16990,9880,2560,2808,0.0,52.701781,30.647062,7.940939,8.710218,17160,53.229109,16990,52.701781
word_0002.nii.gz,10,colon,338916,0,308765,7623,5472,17056,0.0,91.103695,2.24923,1.614559,5.032515,309401,91.291352,308765,91.103695
word_0002.nii.gz,11,intestine,332169,0,301505,10435,5726,14503,0.0,90.768555,3.141473,1.723821,4.366151,301934,90.897706,301505,90.768555
word_0002.nii.gz,12,adrenal,3040,1210,691,300,312,527,39.802632,22.730263,9.868421,10.263158,17.335526,626,20.592105,623,20.493421
word_0002.nii.gz,13,rectum,10599,0,9680,358,310,251,0.0,91.329371,3.377677,2.924804,2.368148,9680,91.329371,9680,91.329371
word_0002.nii.gz,14,bladder,45008,0,40315,1075,849,2769,0.0,89.572965,2.388464,1.886331,6.15224,40345,89.63962,40315,89.572965
word_0002.nii.gz,15,head_of_femur_left,54767,0,44416,4877,2164,3310,0.0,81.099932,8.904998,3.951285,6.043785,44416,81.099932,44416,81.099932
word_0002.nii.gz,16,head_of_femur_right,54916,0,50473,1749,888,1806,0.0,91.909462,3.184864,1.617015,3.288659,50473,91.909462,50473,91.909462
word_0003.nii.gz,1,liver,353845,332464,6892,3608,4186,6695,93.957524,1.947745,1.019655,1.183004,1.892071,3687,1.041982,2855,0.80685
word_0003.nii.gz,2,spleen,39644,35900,1064,633,750,1297,90.555948,2.683887,1.596711,1.891837,3.271617,668,1.684996,618,1.558874
word_0003.nii.gz,3,left_kidney,40539,27015,10492,1429,540,1063,66.639532,25.88125,3.525001,1.332051,2.622166,9609,23.703101,9567,23.599497
word_0003.nii.gz,4,right_kidney,35250,30532,2477,947,405,889,86.615603,7.02695,2.686525,1.148936,2.521986,2345,6.652482,2218,6.292199
word_0003.nii.gz,5,stomach,73945,19133,46674,3647,1533,2958,25.874637,63.119886,4.932044,2.073162,4.00027,46757,63.232132,46370,62.70877
word_0003.nii.gz,6,gallbladder,3821,2816,370,201,161,273,73.697985,9.683329,5.260403,4.213557,7.144727,285,7.45878,197,5.155718
word_0003.nii.gz,7,esophagus,3035,1156,1187,257,161,274,38.088962,39.110379,8.467875,5.304778,9.028007,1184,39.011532,1153,37.990115
word_0003.nii.gz,8,pancreas,18055,12930,2268,1024,594,1239,71.614511,12.561617,5.671559,3.289947,6.862365,2279,12.622542,1907,10.562171
word_0003.nii.gz,9,duodenum,36151,0,9368,19624,3178,3981,0.0,25.913529,54.283422,8.790905,11.012144,9736,26.931482,9368,25.913529
word_0003.nii.gz,10,colon,215834,0,170527,19564,9932,15811,0.0,79.008405,9.064374,4.601685,7.325537,174141,80.68284,170527,79.008405
word_0003.nii.gz,11,intestine,252237,0,208918,21689,7941,13689,0.0,82.826072,8.598659,3.14823,5.427039,212199,84.126833,208918,82.826072
word_0003.nii.gz,12,adrenal,1390,204,656,160,129,241,14.676259,47.194245,11.510791,9.280576,17.338129,655,47.122302,643,46.258993
word_0003.nii.gz,13,rectum,23644,0,14003,6445,1465,1731,0.0,59.224328,27.258501,6.196075,7.321096,14039,59.376586,14003,59.224328
word_0003.nii.gz,14,bladder,81219,0,73411,2876,1742,3190,0.0,90.386486,3.541043,2.144818,3.927652,73481,90.472673,73411,90.386486
word_0003.nii.gz,15,head_of_femur_left,33885,0,27700,5169,623,393,0.0,81.747086,15.254537,1.838572,1.159805,27700,81.747086,27700,81.747086
word_0003.nii.gz,16,head_of_femur_right,36665,0,34995,566,285,819,0.0,95.445248,1.543707,0.777308,2.233738,34995,95.445248,34995,95.445248
word_0004.nii.gz,1,liver,314273,293898,8384,4277,3497,4217,93.516783,2.667744,1.360919,1.112727,1.341827,4885,1.554381,4416,1.405148
word_0004.nii.gz,2,spleen,41966,37808,1073,877,1124,1084,90.091979,2.556832,2.089787,2.678359,2.583043,624,1.486918,512,1.220035
word_0004.nii.gz,3,left_kidney,43045,35792,3296,1334,869,1754,83.150192,7.657103,3.099082,2.018818,4.074805,2939,6.827738,2900,6.737136
word_0004.nii.gz,4,right_kidney,39557,35362,1500,974,575,1146,89.39505,3.791996,2.46227,1.453599,2.897085,1296,3.276285,1265,3.197917
word_0004.nii.gz,5,stomach,173806,17985,92059,22683,13996,27083,10.347744,52.966526,13.050758,8.052656,15.582316,92840,53.415877,90726,52.199579
word_0004.nii.gz,6,gallbladder,1697,482,466,199,143,407,28.403064,27.460224,11.726576,8.426635,23.9835,493,29.051267,465,27.401296
word_0004.nii.gz,7,esophagus,8040,4998,1457,513,494,578,62.164179,18.121891,6.380597,6.144279,7.189055,1335,16.604478,1312,16.318408
word_0004.nii.gz,8,pancreas,19206,6952,8116,1372,1074,1692,36.197022,42.257628,7.143601,5.592002,8.809747,8255,42.98136,7960,41.445382
word_0004.nii.gz,9,duodenum,24327,0,9981,5784,2811,5751,0.0,41.028487,23.776051,11.555062,23.6404,12944,53.208369,9981,41.028487
word_0004.nii.gz,10,colon,430930,0,282377,53422,36368,58763,0.0,65.527348,12.396909,8.439422,13.636321,296888,68.894716,282377,65.527348
word_0004.nii.gz,11,intestine,387849,0,272547,37083,27810,50409,0.0,70.27142,9.561195,7.170316,12.997068,296472,76.440058,272547,70.27142
word_0004.nii.gz,12,adrenal,2149,1005,474,177,181,312,46.765938,22.056771,8.236389,8.422522,14.518381,441,20.521173,425,19.77664
word_0004.nii.gz,13,rectum,16305,0,11396,1927,859,2123,0.0,69.892671,11.818461,5.268323,13.020546,12041,73.848513,11396,69.892671
word_0004.nii.gz,14,bladder,32756,0,30510,682,486,1078,0.0,93.143241,2.082061,1.483698,3.291,30596,93.405788,30510,93.143241
word_0004.nii.gz,15,head_of_femur_left,48087,0,41400,4188,1072,1427,0.0,86.093955,8.709215,2.229293,2.967538,41400,86.093955,41400,86.093955
word_0004.nii.gz,16,head_of_femur_right,48794,0,44620,1373,1092,1709,0.0,91.44567,2.813871,2.23798,3.50248,44620,91.44567,44620,91.44567
word_0005.nii.gz,1,liver,513648,456154,17509,8577,10039,21369,88.806731,3.408755,1.669821,1.954451,4.160242,15765,3.069223,12656,2.463944
word_0005.nii.gz,2,spleen,66436,54955,3589,1502,2420,3970,82.718707,5.402192,2.260822,3.642603,5.975676,3358,5.054489,2824,4.250707
word_0005.nii.gz,3,left_kidney,64251,43866,13876,2149,1169,3191,68.272867,21.596551,3.344695,1.819427,4.96646,13002,20.236261,12934,20.130426
word_0005.nii.gz,4,right_kidney,50706,45659,1496,921,600,2030,90.046543,2.950341,1.816353,1.183292,4.003471,1283,2.530273,1218,2.402083
word_0005.nii.gz,5,stomach,247998,108871,118947,5282,4922,9976,43.899951,47.962887,2.129856,1.984693,4.022613,118906,47.946354,118455,47.764498
word_0005.nii.gz,6,gallbladder,1276,463,612,95,36,70,36.285266,47.962382,7.445141,2.821317,5.485893,540,42.319749,537,42.084639
word_0005.nii.gz,7,esophagus,3262,1604,879,157,152,470,49.172287,26.946658,4.812998,4.659718,14.408338,852,26.118945,841,25.781729
word_0005.nii.gz,8,pancreas,34886,16690,9731,2175,1587,4703,47.841541,27.893711,6.234593,4.549103,13.481053,10390,29.782721,9330,26.744253
word_0005.nii.gz,9,duodenum,21333,0,14618,2199,1235,3281,0.0,68.522946,10.307974,5.789153,15.379928,15240,71.438616,14618,68.522946
word_0005.nii.gz,10,colon,191553,0,133371,15669,12731,29782,0.0,69.626161,8.179982,6.646202,15.547655,140473,73.333751,133371,69.626161
word_0005.nii.gz,11,intestine,325956,0,225886,47849,15722,36499,0.0,69.299537,14.679589,4.82335,11.197524,229653,70.455215,225886,69.299537
word_0005.nii.gz,12,adrenal,1561,83,809,204,175,290,5.317104,51.825753,13.068546,11.210762,18.577835,826,52.914798,809,51.825753
word_0005.nii.gz,13,rectum,12304,0,7349,1672,949,2334,0.0,59.728544,13.589077,7.712939,18.969441,7528,61.183355,7349,59.728544
word_0005.nii.gz,14,bladder,171000,0,147013,15185,3497,5305,0.0,85.972515,8.880117,2.045029,3.102339,147155,86.055556,147013,85.972515
word_0005.nii.gz,15,head_of_femur_left,45330,0,31590,8658,1422,3660,0.0,69.688948,19.099934,3.136995,8.074123,31590,69.688948,31590,69.688948
word_0005.nii.gz,16,head_of_femur_right,45493,0,37889,1378,1175,5051,0.0,83.285341,3.029037,2.582815,11.102807,37889,83.285341,37889,83.285341
word_0006.nii.gz,1,liver,549797,502322,12906,7686,11307,15576,91.364995,2.347412,1.397971,2.056577,2.833046,8823,1.604774,7077,1.287202
word_0006.nii.gz,2,spleen,67232,58582,1546,1154,2520,3430,87.134103,2.2995,1.716445,3.748215,5.101737,1106,1.64505,1006,1.496311
word_0006.nii.gz,3,left_kidney,75376,64669,4522,2256,1217,2712,85.795213,5.999257,2.992995,1.614572,3.597962,3462,4.592974,3417,4.533273
word_0006.nii.gz,4,right_kidney,69846,62640,2397,1716,814,2279,89.683017,3.431836,2.456834,1.165421,3.262893,2127,3.045271,2111,3.022363
word_0006.nii.gz,5,stomach,135647,107874,18019,2630,2979,4145,79.525533,13.283744,1.938856,2.196141,3.055726,17703,13.050786,17476,12.88344
word_0006.nii.gz,6,gallbladder,2141,1515,232,107,67,220,70.761326,10.836058,4.997665,3.129379,10.275572,225,10.509108,219,10.228865
word_0006.nii.gz,7,esophagus,4752,3317,455,226,210,544,69.802189,9.574916,4.755892,4.419192,11.447811,420,8.838384,364,7.659933
word_0006.nii.gz,8,pancreas,33845,22136,7912,1143,1145,1509,65.404048,23.377161,3.377161,3.38307,4.458561,7865,23.238292,7646,22.591225
word_0006.nii.gz,9,duodenum,33760,0,19704,7467,1901,4688,0.0,58.364929,22.117891,5.630924,13.886256,20132,59.632701,19704,58.364929
word_0006.nii.gz,10,colon,155868,0,141483,3709,2721,7955,0.0,90.771037,2.379578,1.745708,5.103677,142599,91.487027,141483,90.771037
word_0006.nii.gz,11,intestine,412397,0,340791,14577,8433,48596,0.0,82.636634,3.534701,2.044874,11.783791,365003,88.507676,340791,82.636634
word_0006.nii.gz,12,adrenal,2690,907,853,196,225,509,33.717472,31.710037,7.286245,8.364312,18.921933,881,32.750929,848,31.524164
word_0006.nii.gz,13,rectum,6434,0,5793,168,163,310,0.0,90.037302,2.611128,2.533416,4.818154,5793,90.037302,5793,90.037302
word_0006.nii.gz,14,bladder,20005,0,17022,721,614,1648,0.0,85.088728,3.604099,3.069233,8.237941,17022,85.088728,17022,85.088728
word_0006.nii.gz,15,head_of_femur_left,67385,0,40559,14152,4502,8172,0.0,60.189953,21.001707,6.681012,12.127328,40559,60.189953,40559,60.189953
word_0006.nii.gz,16,head_of_femur_right,64828,0,53314,3375,1724,6415,0.0,82.239156,5.206084,2.659345,9.895416,53314,82.239156,53314,82.239156
word_0008.nii.gz,1,liver,273427,248726,9334,4250,5012,6105,90.966145,3.413708,1.554345,1.83303,2.232771,5045,1.845099,4466,1.633343
word_0008.nii.gz,2,spleen,70549,63714,2915,1034,1370,1516,90.311698,4.13188,1.465648,1.941913,2.148861,2432,3.447249,2347,3.326766
word_0008.nii.gz,3,left_kidney,37612,27388,6212,1426,900,1686,72.817186,16.516006,3.791343,2.392853,4.482612,5959,15.843348,5936,15.782197
word_0008.nii.gz,4,right_kidney,31609,27829,1577,696,401,1106,88.041381,4.989085,2.201905,1.268626,3.499003,1349,4.267772,1327,4.198171
word_0008.nii.gz,5,stomach,46440,25736,12044,2847,1908,3905,55.417743,25.934539,6.130491,4.108527,8.408699,12434,26.774332,11822,25.456503
word_0008.nii.gz,6,gallbladder,846,345,364,58,28,51,40.780142,43.026005,6.855792,3.309693,6.028369,351,41.489362,346,40.898345
word_0008.nii.gz,7,esophagus,5240,3097,869,412,207,655,59.103053,16.583969,7.862595,3.950382,12.5,727,13.874046,704,13.435115
word_0008.nii.gz,8,pancreas,20962,8823,7268,2007,1183,1681,42.090449,34.672264,9.574468,5.643545,8.019273,7315,34.896479,6890,32.869001
word_0008.nii.gz,9,duodenum,11674,0,7934,2080,628,1032,0.0,67.962995,17.817372,5.379476,8.840158,8293,71.038205,7934,67.962995
word_0008.nii.gz,10,colon,193757,0,150958,17845,8279,16675,0.0,77.910992,9.20999,4.272878,8.606141,154196,79.582157,150958,77.910992
word_0008.nii.gz,11,intestine,327075,0,248802,36415,13493,28365,0.0,76.068792,11.133532,4.125354,8.672323,254490,77.807842,248802,76.068792
word_0008.nii.gz,12,adrenal,2753,758,901,313,266,515,27.5336,32.727933,11.369415,9.662187,18.706865,938,34.071922,843,30.621141
word_0008.nii.gz,13,rectum,17026,0,13775,852,1126,1273,0.0,80.905674,5.004111,6.613415,7.4768,13863,81.42253,13775,80.905674
word_0008.nii.gz,14,bladder,136764,0,122419,5736,3762,4847,0.0,89.511129,4.194086,2.750724,3.544061,123000,89.935948,122419,89.511129
word_0008.nii.gz,15,head_of_femur_left,39970,0,23887,12321,2729,1033,0.0,59.762322,30.825619,6.827621,2.584438,23887,59.762322,23887,59.762322
word_0008.nii.gz,16,head_of_femur_right,37499,0,34109,1694,806,890,0.0,90.959759,4.517454,2.149391,2.373397,34109,90.959759,34109,90.959759
word_0009.nii.gz,1,liver,663283,627510,11683,6640,8084,9366,94.606676,1.76139,1.001081,1.218786,1.412067,6952,1.04812,5830,0.878961
word_0009.nii.gz,2,spleen,105677,97972,1944,1717,2153,1891,92.708915,1.839568,1.624762,2.03734,1.789415,1082,1.023875,989,0.935871
word_0009.nii.gz,3,left_kidney,36557,33268,1701,512,404,672,91.003091,4.653008,1.400553,1.105124,1.838225,1460,3.993763,1448,3.960938
word_0009.nii.gz,4,right_kidney,89900,84343,2602,1177,648,1130,93.818687,2.894327,1.309232,0.720801,1.256952,1996,2.220245,1915,2.130145
word_0009.nii.gz,5,stomach,150417,78100,63216,3167,2166,3768,51.922323,42.027164,2.10548,1.439997,2.505036,62950,41.850323,62511,41.558467
word_0009.nii.gz,6,gallbladder,2094,1020,540,214,128,192,48.710602,25.787966,10.219675,6.112703,9.169054,402,19.197708,352,16.809933
word_0009.nii.gz,7,esophagus,4519,2928,979,252,135,225,64.793096,21.664085,5.576455,2.987387,4.978978,836,18.499668,792,17.526001
word_0009.nii.gz,8,pancreas,27640,20744,3188,1328,1040,1340,75.050651,11.534009,4.804631,3.762663,4.848046,2903,10.502894,2519,9.113603
word_0009.nii.gz,9,duodenum,23523,0,18165,3124,907,1327,0.0,77.222293,13.280619,3.855801,5.641287,18575,78.965268,18165,77.222293
word_0009.nii.gz,10,colon,332420,0,285176,14392,12674,20178,0.0,85.787859,4.329463,3.812647,6.070032,291287,87.626196,285176,85.787859
word_0009.nii.gz,11,intestine,353719,0,285565,24935,12922,30297,0.0,80.732163,7.049381,3.653182,8.565274,297169,84.012733,285565,80.732163
word_0009.nii.gz,12,adrenal,4954,2526,1031,387,362,648,50.9891,20.811465,7.811869,7.307226,13.080339,925,18.67178,802,16.188938
word_0009.nii.gz,13,rectum,40250,0,28660,4993,1993,4604,0.0,71.204969,12.404969,4.951553,11.438509,28664,71.214907,28660,71.204969
word_0009.nii.gz,14,bladder,8722,0,7282,846,338,256,0.0,83.490025,9.69961,3.875258,2.935107,7329,84.028892,7282,83.490025
word_0009.nii.gz,15,head_of_femur_left,53629,0,41647,8581,1743,1658,0.0,77.657611,16.000671,3.250107,3.091611,41647,77.657611,41647,77.657611
word_0009.nii.gz,16,head_of_femur_right,51946,0,46718,1820,1114,2294,0.0,89.935702,3.503638,2.144535,4.416124,46718,89.935702,46718,89.935702
word_0010.nii.gz,1,liver,421689,379380,12782,6561,8667,14299,89.966776,3.031144,1.555886,2.055306,3.390888,10084,2.391336,8885,2.107003
word_0010.nii.gz,2,spleen,82050,47638,28647,1268,1465,3032,58.05972,34.914077,1.545399,1.785497,3.695308,28178,34.342474,27966,34.084095
word_0010.nii.gz,3,left_kidney,43237,13412,24853,1465,663,2844,31.019728,57.480861,3.388302,1.533409,6.5777,24785,57.323589,24767,57.281958
word_0010.nii.gz,4,right_kidney,40097,35335,2054,852,354,1502,88.1238,5.122578,2.124847,0.882859,3.745916,1721,4.292092,1686,4.204803
word_0010.nii.gz,5,stomach,291415,48711,194620,26124,7831,14129,16.715337,66.784483,8.964535,2.687233,4.848412,194711,66.81571,194337,66.68737
word_0010.nii.gz,6,gallbladder,3596,1537,315,372,529,843,42.741935,8.759733,10.344828,14.71079,23.442714,495,13.765295,58,1.612903
word_0010.nii.gz,7,esophagus,6696,746,1893,1258,786,2013,11.14098,28.270609,18.787336,11.738351,30.062724,1907,28.479689,1736,25.925926
word_0010.nii.gz,8,pancreas,14694,3049,7234,1031,1113,2267,20.749966,49.230979,7.016469,7.57452,15.428066,7439,50.626106,7045,47.944739
word_0010.nii.gz,9,duodenum,19955,0,9714,2792,2067,5382,0.0,48.679529,13.991481,10.358306,26.970684,11824,59.25332,9714,48.679529
word_0010.nii.gz,10,colon,337267,0,198125,28430,33672,77040,0.0,58.744259,8.429523,9.983781,22.842436,239341,70.964844,198125,58.744259
word_0010.nii.gz,11,intestine,250249,0,182317,28320,12069,27543,0.0,72.854237,11.316729,4.822796,11.006238,186934,74.6992,182317,72.854237
word_0010.nii.gz,12,adrenal,2054,926,415,130,172,411,45.082765,20.204479,6.329114,8.373905,20.009737,375,18.257059,356,17.332035
word_0010.nii.gz,13,rectum,16778,0,14607,581,487,1103,0.0,87.060436,3.462868,2.902611,6.574085,14607,87.060436,14607,87.060436
word_0010.nii.gz,14,bladder,29466,0,25198,1622,921,1725,0.0,85.515509,5.504649,3.125636,5.854205,25337,85.98724,25198,85.515509
word_0010.nii.gz,15,head_of_femur_left,35554,0,25952,6865,1149,1588,0.0,72.993193,19.308657,3.231704,4.466445,25952,72.993193,25952,72.993193
word_0010.nii.gz,16,head_of_femur_right,33850,0,30088,1173,740,1849,0.0,88.886263,3.465288,2.186115,5.462334,30088,88.886263,30088,88.886263
word_0011.nii.gz,1,liver,551105,520807,10709,5065,6643,7881,94.502318,1.943187,0.919063,1.205396,1.430036,6134,1.113037,5350,0.970777
word_0011.nii.gz,2,spleen,86117,81090,1430,1126,1478,993,94.162593,1.660532,1.307523,1.71627,1.153082,871,1.011415,804,0.933614
word_0011.nii.gz,3,left_kidney,28095,26810,788,232,134,131,95.426232,2.80477,0.82577,0.476953,0.466275,641,2.281545,641,2.281545
word_0011.nii.gz,4,right_kidney,72987,69654,1792,774,300,467,95.433433,2.455232,1.060463,0.411032,0.63984,1434,1.964733,1377,1.886637
word_0011.nii.gz,5,stomach,132884,66564,53652,3318,3002,6348,50.091809,40.375064,2.496915,2.259113,4.777099,54290,40.855182,53066,39.934078
word_0011.nii.gz,6,gallbladder,1657,816,409,145,85,202,49.245625,24.683162,8.750754,5.129753,12.190706,441,26.614363,367,22.148461
word_0011.nii.gz,7,esophagus,3360,2372,583,131,133,141,70.595238,17.35119,3.89881,3.958333,4.196429,503,14.970238,475,14.136905
word_0011.nii.gz,8,pancreas,22457,16465,2835,1154,904,1099,73.317896,12.624126,5.13871,4.025471,4.893797,2868,12.771074,2397,10.673732
word_0011.nii.gz,9,duodenum,18556,0,14354,2161,749,1292,0.0,77.355033,11.645829,4.03643,6.962707,14893,80.259754,14354,77.355033
word_0011.nii.gz,10,colon,277834,0,236386,12302,11757,17389,0.0,85.081739,4.427824,4.231664,6.258773,241806,87.032545,236386,85.081739
word_0011.nii.gz,11,intestine,274032,0,229009,18478,8763,17782,0.0,83.570167,6.743008,3.197802,6.489023,239723,87.479929,229009,83.570167
word_0011.nii.gz,12,adrenal,4269,2077,868,334,292,698,48.65308,20.332631,7.823846,6.840009,16.350433,828,19.395643,721,16.889201
word_0011.nii.gz,13,rectum,32237,0,23675,3796,1272,3494,0.0,73.440457,11.775289,3.945777,10.838478,23675,73.440457,23675,73.440457
word_0011.nii.gz,14,bladder,3849,0,16,39,191,3603,0.0,0.415692,1.01325,4.962328,93.60873,16,0.415692,16,0.415692
word_0011.nii.gz,15,head_of_femur_left,43795,0,33937,7255,1486,1117,0.0,77.490581,16.565818,3.393081,2.550519,33937,77.490581,33937,77.490581
word_0011.nii.gz,16,head_of_femur_right,41521,0,38036,1343,637,1505,0.0,91.606657,3.234508,1.534163,3.624672,38036,91.606657,38036,91.606657
word_0012.nii.gz,1,liver,498862,436072,25837,7602,8505,20846,87.413353,5.179188,1.523868,1.70488,4.178711,23008,4.612097,19769,3.962819
word_0012.nii.gz,2,spleen,51960,13324,34760,899,1123,1854,25.642802,66.897614,1.730177,2.161278,3.568129,34888,67.143957,34699,66.780216
word_0012.nii.gz,3,left_kidney,53293,18251,29299,1622,1302,2819,34.246524,54.977202,3.043552,2.443098,5.289625,28790,54.022104,28761,53.967688
word_0012.nii.gz,4,right_kidney,60201,46579,5819,1864,1308,4631,77.372469,9.665952,3.096294,2.172721,7.692563,5471,9.087889,5207,8.649358
word_0012.nii.gz,5,stomach,83795,6392,66921,3515,2456,4511,7.62814,79.86276,4.194761,2.930962,5.383376,67106,80.083537,66867,79.798317
word_0012.nii.gz,6,gallbladder,4262,2681,1073,160,178,170,62.90474,25.175974,3.754106,4.176443,3.988738,990,23.228531,973,22.829657
word_0012.nii.gz,7,esophagus,792,0,457,210,52,73,0.0,57.70202,26.515152,6.565657,9.217172,459,57.954545,457,57.70202
word_0012.nii.gz,8,pancreas,25324,2337,13921,3563,1965,3538,9.2284,54.971568,14.069657,7.759438,13.970937,14298,56.460275,13870,54.770178
word_0012.nii.gz,9,duodenum,20087,0,15050,1528,904,2605,0.0,74.92408,7.60691,4.500423,12.968587,15368,76.507194,15050,74.92408
word_0012.nii.gz,10,colon,236066,0,186857,19899,9712,19598,0.0,79.154558,8.429422,4.114104,8.301916,189917,80.450806,186857,79.154558
word_0012.nii.gz,11,intestine,403163,0,312741,37205,17787,35430,0.0,77.571851,9.228277,4.411863,8.788009,318835,79.083398,312741,77.571851
word_0012.nii.gz,12,adrenal,4561,717,1989,348,512,995,15.720237,43.608858,7.629906,11.225608,21.815391,1978,43.367683,1960,42.973032
word_0012.nii.gz,13,rectum,23377,0,21072,871,499,935,0.0,90.139881,3.725884,2.134577,3.999658,21072,90.139881,21072,90.139881
word_0012.nii.gz,14,bladder,62348,0,58899,1021,535,1893,0.0,94.468147,1.637583,0.858087,3.036184,58899,94.468147,58899,94.468147
word_0012.nii.gz,15,head_of_femur_left,50577,0,33311,13644,2426,1196,0.0,65.861953,26.976689,4.796647,2.364711,33311,65.861953,33311,65.861953
word_0012.nii.gz,16,head_of_femur_right,52370,0,45807,2953,1820,1790,0.0,87.468016,5.638724,3.475272,3.417987,45807,87.468016,45807,87.468016
word_0013.nii.gz,1,liver,483316,457603,10013,5531,5085,5084,94.679878,2.071729,1.144386,1.052107,1.0519,5996,1.240596,4431,0.916791
word_0013.nii.gz,2,spleen,113225,98928,3639,2114,3757,4787,87.37293,3.213955,1.867079,3.318172,4.227865,2544,2.246854,2441,2.155884
word_0013.nii.gz,3,left_kidney,49433,44801,2415,654,502,1061,90.629741,4.8854,1.323003,1.015516,2.146339,2161,4.371574,2160,4.369551
word_0013.nii.gz,4,right_kidney,47278,44324,1310,599,258,787,93.751851,2.770845,1.266974,0.545708,1.664622,1174,2.483185,1134,2.398579
word_0013.nii.gz,5,stomach,302074,233126,57371,3383,3538,4656,77.175129,18.992366,1.119924,1.171236,1.541344,55998,18.537842,55532,18.383575
word_0013.nii.gz,6,gallbladder,9307,7886,516,271,258,376,84.731922,5.544214,2.911787,2.772107,4.03997,337,3.62093,297,3.191146
word_0013.nii.gz,7,esophagus,6002,5236,424,143,127,72,87.237587,7.064312,2.382539,2.115961,1.1996,372,6.197934,322,5.364878
word_0013.nii.gz,8,pancreas,26372,16175,5677,1227,1281,2012,61.333991,21.526619,4.652662,4.857425,7.629304,5550,21.045048,5251,19.91127
word_0013.nii.gz,9,duodenum,20451,0,16601,1194,827,1829,0.0,81.174515,5.838345,4.043812,8.943328,17026,83.252653,16601,81.174515
word_0013.nii.gz,10,colon,265508,0,240692,7761,4992,12063,0.0,90.653389,2.923076,1.880169,4.543366,243029,91.533588,240692,90.653389
word_0013.nii.gz,11,intestine,401568,0,342530,19140,15354,24544,0.0,85.298131,4.766316,3.823512,6.112041,345510,86.040222,342530,85.298131
word_0013.nii.gz,12,adrenal,3612,1334,886,257,282,853,36.932447,24.529347,7.115172,7.807309,23.615725,863,23.89258,817,22.619048
word_0013.nii.gz,13,rectum,26412,0,17990,2211,1910,4301,0.0,68.112979,8.371195,7.231561,16.284265,18656,70.63456,17990,68.112979
word_0013.nii.gz,14,bladder,132051,0,124577,4627,1363,1484,0.0,94.340066,3.503949,1.032177,1.123808,124623,94.374901,124577,94.340066
word_0013.nii.gz,15,head_of_femur_left,55748,0,35354,13466,3435,3493,0.0,63.417522,24.155127,6.161656,6.265696,35354,63.417522,35354,63.417522
word_0013.nii.gz,16,head_of_femur_right,58993,0,50941,2033,3261,2758,0.0,86.350923,3.446172,5.527774,4.675131,50941,86.350923,50941,86.350923
word_0018.nii.gz,1,liver,372692,338918,9693,5570,8585,9926,90.937825,2.600807,1.494532,2.303511,2.663325,7001,1.878495,5929,1.590858
word_0018.nii.gz,2,spleen,58966,52068,1542,1144,2058,2154,88.301733,2.615066,1.940101,3.490147,3.652953,1058,1.794254,1019,1.728115
word_0018.nii.gz,3,left_kidney,50536,40683,4357,1395,1022,3079,80.503008,8.621577,2.760408,2.022321,6.092686,3798,7.515435,3775,7.469922
word_0018.nii.gz,4,right_kidney,45191,38684,2610,1057,713,2127,85.601115,5.775486,2.338961,1.577748,4.706689,2379,5.264323,2328,5.151468
word_0018.nii.gz,5,stomach,73723,63315,4563,1572,1475,2798,85.882289,6.189385,2.132306,2.000732,3.795288,4252,5.767535,4179,5.668516
word_0018.nii.gz,6,gallbladder,5780,4525,393,183,135,544,78.287197,6.799308,3.16609,2.33564,9.411765,352,6.089965,297,5.138408
word_0018.nii.gz,7,esophagus,4058,2084,958,332,178,506,51.355347,23.607689,8.18137,4.386397,12.469197,899,22.15377,874,21.537703
word_0018.nii.gz,8,pancreas,20618,11620,3911,1934,1129,2024,56.358522,18.968862,9.380153,5.475798,9.816665,4116,19.963139,3570,17.314968
word_0018.nii.gz,9,duodenum,19440,0,13707,1602,1068,3063,0.0,70.509259,8.240741,5.493827,15.756173,14177,72.926955,13707,70.509259
word_0018.nii.gz,10,colon,109437,0,96595,5590,2665,4587,0.0,88.265395,5.107962,2.435191,4.191453,97326,88.933359,96595,88.265395
word_0018.nii.gz,11,intestine,262429,0,235686,8250,5803,12690,0.0,89.809434,3.143707,2.211265,4.835594,236489,90.115422,235686,89.809434
word_0018.nii.gz,12,adrenal,3243,1276,670,222,243,832,39.346284,20.659883,6.845513,7.493062,25.655257,751,23.15757,628,19.364786
word_0018.nii.gz,13,rectum,14790,0,11892,931,516,1451,0.0,80.40568,6.294794,3.488844,9.810683,12036,81.37931,11892,80.40568
word_0018.nii.gz,14,bladder,58787,0,53988,1498,986,2315,0.0,91.836631,2.548182,1.677242,3.937945,54110,92.044159,53988,91.836631
word_0018.nii.gz,15,head_of_femur_left,37281,0,30239,4025,1161,1856,0.0,81.111022,10.796384,3.114187,4.978407,30239,81.111022,30239,81.111022
word_0018.nii.gz,16,head_of_femur_right,40586,0,36691,903,679,2313,0.0,90.403095,2.224905,1.672991,5.69901,36691,90.403095,36691,90.403095
word_0020.nii.gz,1,liver,294037,267169,10561,4937,5109,6261,90.862374,3.591725,1.67904,1.737536,2.129324,7606,2.586749,7012,2.384734
word_0020.nii.gz,2,spleen,28320,24383,1403,953,681,900,86.098164,4.954096,3.365113,2.404661,3.177966,806,2.846045,568,2.00565
word_0020.nii.gz,3,left_kidney,46569,13953,28912,1942,432,1330,29.961992,62.084219,4.170156,0.927656,2.855977,28834,61.916726,28793,61.828684
word_0020.nii.gz,4,right_kidney,37240,33240,1747,967,404,882,89.258861,4.691192,2.59667,1.084855,2.368421,1311,3.520408,1298,3.485499
word_0020.nii.gz,5,stomach,175485,85098,80712,3192,2229,4254,48.493034,45.993675,1.818959,1.270194,2.424139,80895,46.097957,80398,45.814742
word_0020.nii.gz,6,gallbladder,2832,303,1689,493,150,197,10.699153,59.639831,17.408192,5.29661,6.956215,1696,59.887006,1685,59.498588
word_0020.nii.gz,7,esophagus,3096,2183,311,129,109,364,70.510336,10.04522,4.166667,3.520672,11.757106,242,7.816537,219,7.073643
word_0020.nii.gz,8,pancreas,21353,9575,7191,2181,835,1571,44.841474,33.676767,10.214021,3.910458,7.35728,7183,33.639301,6718,31.461621
word_0020.nii.gz,9,duodenum,16659,0,10533,3454,970,1702,0.0,63.227084,20.733537,5.822678,10.2167,10646,63.905396,10533,63.227084
word_0020.nii.gz,10,colon,191003,0,130245,21884,18820,20054,0.0,68.190028,11.457412,9.853248,10.499312,138381,72.449647,130245,68.190028
word_0020.nii.gz,11,intestine,270414,0,231412,19012,7886,12104,0.0,85.57693,7.030701,2.916269,4.4761,232169,85.856871,231412,85.57693
word_0020.nii.gz,12,adrenal,1991,1010,403,156,92,330,50.728277,20.241085,7.835259,4.620794,16.574586,365,18.332496,332,16.675038
word_0020.nii.gz,13,rectum,37584,0,25964,2819,2516,6285,0.0,69.082588,7.500532,6.694338,16.722542,25972,69.103874,25964,69.082588
word_0020.nii.gz,14,bladder,94872,0,88752,3288,1332,1500,0.0,93.549203,3.465722,1.403997,1.581078,88941,93.748419,88752,93.549203
word_0020.nii.gz,15,head_of_femur_left,37614,0,28999,6757,891,967,0.0,77.096294,17.964056,2.368799,2.570851,28999,77.096294,28999,77.096294
word_0020.nii.gz,16,head_of_femur_right,38360,0,35071,1478,886,925,0.0,91.425965,3.852972,2.309698,2.411366,35071,91.425965,35071,91.425965
word_0022.nii.gz,1,liver,356822,333600,8580,4140,5508,4994,93.491993,2.40456,1.160242,1.543627,1.399577,5506,1.543066,5013,1.404902
word_0022.nii.gz,2,spleen,82540,75528,2405,1724,2065,818,91.504725,2.913739,2.088684,2.501817,0.991035,2017,2.443664,1957,2.370972
word_0022.nii.gz,3,left_kidney,67371,56188,5469,1865,1172,2677,83.40087,8.117736,2.768253,1.739621,3.97352,4841,7.185584,4811,7.141055
word_0022.nii.gz,4,right_kidney,50955,44433,3074,1219,519,1710,87.200471,6.032774,2.392307,1.018546,3.355902,2945,5.779609,2930,5.750172
word_0022.nii.gz,5,stomach,141820,131520,4322,2025,1799,2154,92.737273,3.047525,1.427866,1.268509,1.518827,3349,2.361444,3136,2.211254
word_0022.nii.gz,6,gallbladder,3910,2895,502,84,115,314,74.040921,12.838875,2.148338,2.941176,8.030691,294,7.519182,289,7.391304
word_0022.nii.gz,7,esophagus,2847,2397,330,59,33,28,84.193888,11.591149,2.072357,1.159115,0.983491,242,8.500176,234,8.219178
word_0022.nii.gz,8,pancreas,26274,13439,7723,1872,1586,1654,51.149425,29.394078,7.124914,6.036386,6.295197,7766,29.557738,7213,27.452995
word_0022.nii.gz,9,duodenum,32654,0,21952,8308,1210,1184,0.0,67.226067,25.442519,3.705518,3.625896,22148,67.8263,21952,67.226067
word_0022.nii.gz,10,colon,164128,0,139736,9386,5556,9450,0.0,85.138429,5.718707,3.385163,5.757701,141545,86.240617,139736,85.138429
word_0022.nii.gz,11,intestine,357747,0,301411,16308,10605,29423,0.0,84.252558,4.558529,2.964385,8.224527,303737,84.902739,301411,84.252558
word_0022.nii.gz,12,adrenal,2996,1946,398,194,216,242,64.953271,13.284379,6.4753,7.209613,8.077437,376,12.550067,363,12.116155
word_0022.nii.gz,13,rectum,35338,0,21561,5458,3022,5297,0.0,61.01364,15.44513,8.551701,14.98953,22906,64.819741,21561,61.01364
word_0022.nii.gz,14,bladder,70771,0,66085,1596,1036,2054,0.0,93.378644,2.255161,1.463876,2.902319,67009,94.684263,66085,93.378644
word_0022.nii.gz,15,head_of_femur_left,71988,0,49139,14480,4622,3747,0.0,68.259988,20.114464,6.420515,5.205034,49139,68.259988,49139,68.259988
word_0022.nii.gz,16,head_of_femur_right,75041,0,59782,5237,5613,4409,0.0,79.665783,6.978852,7.479911,5.875455,59782,79.665783,59782,79.665783
word_0026.nii.gz,1,liver,427419,398728,9756,5426,4914,8595,93.287383,2.282538,1.26948,1.149692,2.010907,7328,1.714477,6253,1.462967
word_0026.nii.gz,2,spleen,62691,57872,1809,902,1070,1038,92.313091,2.885582,1.438803,1.706784,1.65574,1510,2.408639,1445,2.304956
word_0026.nii.gz,3,left_kidney,71122,59147,7737,1618,811,1809,83.162734,10.87849,2.274964,1.140294,2.543517,6379,8.969095,6236,8.768032
word_0026.nii.gz,4,right_kidney,82103,65716,13235,1181,651,1320,80.040924,16.119996,1.438437,0.792906,1.607737,13004,15.838642,12795,15.584083
word_0026.nii.gz,5,stomach,134485,37163,86667,2949,2185,5521,27.633565,64.443618,2.19281,1.624717,4.105291,86783,64.529873,86387,64.235417
word_0026.nii.gz,6,gallbladder,5399,2944,1094,426,337,598,54.528616,20.263012,7.89035,6.241897,11.076125,1161,21.503982,948,17.558807
word_0026.nii.gz,7,esophagus,8196,4552,1810,632,429,773,55.539287,22.083943,7.711079,5.234261,9.43143,1633,19.924353,1460,17.813568
word_0026.nii.gz,8,pancreas,35904,13167,16324,2580,1659,2174,36.672794,45.465686,7.185829,4.620655,6.055036,16678,46.451649,16024,44.630125
word_0026.nii.gz,9,duodenum,31124,0,19453,6144,1965,3562,0.0,62.501606,19.740393,6.313456,11.444544,20244,65.043054,19453,62.501606
word_0026.nii.gz,10,colon,323664,0,195446,32095,30119,66004,0.0,60.385461,9.916148,9.305638,20.392753,206595,63.830083,195446,60.385461
word_0026.nii.gz,11,intestine,383361,0,309823,33517,17314,22707,0.0,80.817558,8.742934,4.51637,5.923138,314257,81.974171,309823,80.817558
word_0026.nii.gz,12,adrenal,2850,1079,646,206,225,694,37.859649,22.666667,7.22807,7.894737,24.350877,725,25.438596,627,22.0
word_0026.nii.gz,13,rectum,14799,0,12356,857,516,1070,0.0,83.492128,5.790932,3.486722,7.230218,12356,83.492128,12356,83.492128
word_0026.nii.gz,14,bladder,33797,0,29410,1511,873,2003,0.0,87.019558,4.470811,2.58307,5.926562,29410,87.019558,29410,87.019558
word_0026.nii.gz,15,head_of_femur_left,63533,0,50397,9116,3328,692,0.0,79.324131,14.348449,5.238223,1.089198,50397,79.324131,50397,79.324131
word_0026.nii.gz,16,head_of_femur_right,64314,0,58735,2062,1793,1724,0.0,91.325372,3.206145,2.787884,2.680598,58735,91.325372,58735,91.325372
word_0027.nii.gz,1,liver,298044,281829,5560,3227,3994,3434,94.559528,1.865496,1.082726,1.340071,1.152179,3020,1.013273,2782,0.933419
word_0027.nii.gz,2,spleen,49329,43852,1128,1231,1541,1577,88.896998,2.286687,2.495489,3.123923,3.196902,736,1.492023,670,1.358227
word_0027.nii.gz,3,left_kidney,49546,40382,4313,1449,1099,2303,81.504057,8.705042,2.924555,2.218141,4.648206,4066,8.206515,4050,8.174222
word_0027.nii.gz,4,right_kidney,51327,41747,4346,1442,975,2817,81.33536,8.467278,2.809438,1.899585,5.488339,4080,7.949033,4076,7.94124
word_0027.nii.gz,5,stomach,78959,52769,15323,2782,2278,5807,66.830887,19.406274,3.523348,2.885042,7.35445,15195,19.244165,14547,18.423486
word_0027.nii.gz,6,gallbladder,9379,7258,769,403,330,619,77.385649,8.199168,4.296833,3.518499,6.599851,596,6.354622,506,5.395031
word_0027.nii.gz,7,esophagus,2709,1165,862,230,161,291,43.004799,31.81986,8.490218,5.943152,10.741971,802,29.60502,794,29.309708
word_0027.nii.gz,8,pancreas,23922,14427,4026,1213,1344,2912,60.308503,16.829697,5.070646,5.618259,12.172895,4099,17.134855,3363,14.058189
word_0027.nii.gz,9,duodenum,34600,0,24617,4702,1759,3522,0.0,71.147399,13.589595,5.083815,10.179191,25461,73.586705,24617,71.147399
word_0027.nii.gz,10,colon,193448,0,161827,12134,7935,11552,0.0,83.654005,6.272487,4.101878,5.971631,163187,84.357037,161827,83.654005
word_0027.nii.gz,11,intestine,579735,0,418921,61289,35370,64155,0.0,72.260774,10.571899,6.101063,11.066263,438394,75.619723,418921,72.260774
word_0027.nii.gz,12,adrenal,4203,2375,760,243,305,520,56.507257,18.082322,5.781585,7.256721,12.372115,750,17.844397,676,16.08375
word_0027.nii.gz,13,rectum,15996,0,13065,1035,704,1192,0.0,81.676669,6.470368,4.4011,7.451863,13180,82.395599,13065,81.676669
word_0027.nii.gz,14,bladder,85640,0,78040,1636,1149,4815,0.0,91.125642,1.910322,1.341663,5.622373,78200,91.312471,78040,91.125642
word_0027.nii.gz,15,head_of_femur_left,60192,0,43579,10753,3248,2612,0.0,72.399987,17.8645,5.396066,4.339447,43579,72.399987,43579,72.399987
word_0027.nii.gz,16,head_of_femur_right,59503,0,53815,1984,1604,2100,0.0,90.440818,3.334286,2.695662,3.529234,53815,90.440818,53815,90.440818
word_0028.nii.gz,1,liver,394919,357969,16825,6374,6375,7376,90.643651,4.260367,1.614002,1.614255,1.867725,12333,3.122919,11302,2.861853
word_0028.nii.gz,2,spleen,55508,51780,1234,781,1271,442,93.283851,2.223103,1.407004,2.28976,0.796282,843,1.5187,812,1.462852
word_0028.nii.gz,3,left_kidney,56373,52923,1780,587,429,654,93.880049,3.15754,1.041279,0.761003,1.16013,1521,2.6981,1513,2.683909
word_0028.nii.gz,4,right_kidney,59695,40550,15996,1151,507,1491,67.928637,26.796214,1.928135,0.849317,2.497697,15941,26.704079,15850,26.551637
word_0028.nii.gz,5,stomach,60154,41783,6916,2057,2406,6992,69.460053,11.497157,3.419556,3.999734,11.6235,8576,14.256741,6191,10.291917
word_0028.nii.gz,6,gallbladder,5835,5303,183,119,112,118,90.882605,3.136247,2.039417,1.919452,2.022279,97,1.662382,60,1.028278
word_0028.nii.gz,7,esophagus,3885,1773,1084,271,267,490,45.637066,27.902188,6.975547,6.872587,12.612613,1106,28.468468,995,25.611326
word_0028.nii.gz,8,pancreas,35041,19941,6617,2287,2087,4109,56.907622,18.883594,6.52664,5.95588,11.726264,7785,22.216832,6081,17.353957
word_0028.nii.gz,9,duodenum,20610,0,16103,1209,848,2450,0.0,78.131975,5.866084,4.114508,11.887433,16264,78.913149,16103,78.131975
word_0028.nii.gz,10,colon,222198,0,200804,6198,4221,10975,0.0,90.371651,2.789404,1.899657,4.939288,201199,90.54942,200804,90.371651
word_0028.nii.gz,11,intestine,360972,0,271102,28796,17840,43234,0.0,75.103332,7.97735,4.942212,11.977106,292063,80.910154,271102,75.103332
word_0028.nii.gz,12,adrenal,2741,751,1393,172,171,254,27.39876,50.820868,6.275082,6.238599,9.266691,1421,51.842393,1389,50.674936
word_0028.nii.gz,13,rectum,27271,0,17616,1783,1264,6608,0.0,64.596091,6.538081,4.63496,24.230868,19617,71.933556,17616,64.596091
word_0028.nii.gz,14,bladder,183275,0,165974,10729,2764,3808,0.0,90.560087,5.854044,1.508116,2.077752,166381,90.782158,165974,90.560087
word_0028.nii.gz,15,head_of_femur_left,38923,0,25642,11202,1171,908,0.0,65.878786,28.779899,3.008504,2.332811,25642,65.878786,25642,65.878786
word_0028.nii.gz,16,head_of_femur_right,38529,0,36103,1026,410,990,0.0,93.703444,2.662929,1.064134,2.569493,36103,93.703444,36103,93.703444
word_0029.nii.gz,1,liver,537056,490721,18607,7015,10976,9737,91.372408,3.464629,1.306195,2.043735,1.813033,12965,2.414087,11978,2.230307
word_0029.nii.gz,2,spleen,67639,60080,1396,1095,3058,2010,88.824495,2.063898,1.618889,4.52106,2.971658,912,1.348335,854,1.262585
word_0029.nii.gz,3,left_kidney,59617,48451,4982,1623,1569,2992,81.270443,8.356677,2.722378,2.6318,5.018703,4585,7.690759,4568,7.662244
word_0029.nii.gz,4,right_kidney,71235,59222,5768,2142,1261,2842,83.136099,8.097143,3.006949,1.770197,3.989612,5590,7.847266,5562,7.80796
word_0029.nii.gz,5,stomach,76498,60064,6042,2057,3099,5236,78.517085,7.898246,2.688959,4.051086,6.844623,5467,7.146592,5134,6.711287
word_0029.nii.gz,6,gallbladder,4908,3739,303,205,165,496,76.181744,6.173594,4.176854,3.361858,10.105949,161,3.280359,128,2.607987
word_0029.nii.gz,7,esophagus,4926,1231,2688,241,176,590,24.98985,54.5676,4.892408,3.572879,11.977263,2714,55.095412,2675,54.303695
word_0029.nii.gz,8,pancreas,38724,13552,17314,2825,2201,2832,34.996385,44.71129,7.295217,5.683814,7.313294,17212,44.447888,16832,43.466584
word_0029.nii.gz,9,duodenum,18446,0,14687,1757,790,1212,0.0,79.621598,9.5251,4.282771,6.57053,14789,80.174564,14687,79.621598
word_0029.nii.gz,10,colon,253242,0,219319,11117,7767,15039,0.0,86.604513,4.389872,3.067027,5.938588,220608,87.113512,219319,86.604513
word_0029.nii.gz,11,intestine,311558,0,286076,8145,5226,12111,0.0,91.821106,2.61428,1.677376,3.887238,286447,91.940184,286076,91.821106
word_0029.nii.gz,12,adrenal,3372,658,1883,209,240,382,19.513642,55.84223,6.198102,7.117438,11.328588,1893,56.13879,1875,55.604982
word_0029.nii.gz,13,rectum,25942,0,21802,1205,1062,1873,0.0,84.041323,4.644977,4.093748,7.219952,21802,84.041323,21802,84.041323
word_0029.nii.gz,14,bladder,204608,0,176764,16068,4283,7493,0.0,86.391539,7.853065,2.093271,3.662125,178337,87.160326,176764,86.391539
word_0029.nii.gz,15,head_of_femur_left,41745,0,25826,12637,1717,1565,0.0,61.866092,30.271889,4.113067,3.748952,25826,61.866092,25826,61.866092
word_0029.nii.gz,16,head_of_femur_right,42893,0,40057,951,660,1225,0.0,93.388199,2.217145,1.538713,2.855944,40057,93.388199,40057,93.388199
word_0030.nii.gz,1,liver,646415,572842,24450,11344,12168,25611,88.618302,3.7824,1.75491,1.882382,3.962006,20242,3.131425,16309,2.522992
word_0030.nii.gz,2,spleen,78629,72040,1198,1082,2026,2283,91.62014,1.523611,1.376083,2.576657,2.903509,482,0.613005,360,0.457846
word_0030.nii.gz,3,left_kidney,69153,59818,5366,1125,784,2060,86.500947,7.759606,1.626827,1.133718,2.978902,4973,7.1913,4966,7.181178
word_0030.nii.gz,4,right_kidney,68836,45003,19314,1641,734,2144,65.377128,28.057993,2.383927,1.066303,3.114649,19296,28.031844,19285,28.015864
word_0030.nii.gz,5,stomach,93357,74884,7936,2100,2740,5697,80.212518,8.500702,2.24943,2.93497,6.102381,7166,7.675911,6013,6.440867
word_0030.nii.gz,6,gallbladder,19280,14338,1422,576,735,2209,74.36722,7.375519,2.987552,3.812241,11.457469,1407,7.297718,1017,5.274896
word_0030.nii.gz,7,esophagus,8620,5068,2302,241,281,728,58.793503,26.705336,2.795824,3.259861,8.445476,2296,26.635731,2248,26.078886
word_0030.nii.gz,8,pancreas,32299,4766,21315,1402,1392,3424,14.755875,65.992755,4.340692,4.309731,10.600947,22061,68.302424,21240,65.76055
word_0030.nii.gz,9,duodenum,32633,0,16369,1954,2544,11766,0.0,50.16088,5.987804,7.79579,36.055527,17244,52.842215,16369,50.16088
word_0030.nii.gz,10,colon,332088,0,285361,10508,7837,28382,0.0,85.929332,3.164222,2.359917,8.54653,291716,87.842981,285361,85.929332
word_0030.nii.gz,11,intestine,451091,0,333127,16982,15707,85275,0.0,73.849179,3.764651,3.482003,18.904168,386035,85.578076,333127,73.849179
word_0030.nii.gz,12,adrenal,3146,1566,503,219,279,579,49.777495,15.988557,6.961221,8.868404,18.404323,476,15.130324,412,13.095995
word_0030.nii.gz,13,rectum,23648,0,17354,1174,755,4365,0.0,73.384641,4.964479,3.192659,18.458221,20086,84.937415,17354,73.384641
word_0030.nii.gz,14,bladder,87345,0,80227,2288,1226,3604,0.0,91.850707,2.619497,1.403629,4.126166,80235,91.859866,80227,91.850707
word_0030.nii.gz,15,head_of_femur_left,51464,0,37534,9402,1979,2549,0.0,72.932535,18.269081,3.845406,4.952977,37534,72.932535,37534,72.932535
word_0030.nii.gz,16,head_of_femur_right,56068,0,47930,2039,1453,4646,0.0,85.485482,3.636655,2.591496,8.286367,47930,85.485482,47930,85.485482
word_0032.nii.gz,1,liver,414310,387545,8225,4348,7217,6975,93.539861,1.985228,1.049456,1.741932,1.683522,4750,1.146485,4153,1.00239
word_0032.nii.gz,2,spleen,43121,38949,1122,1052,1393,605,90.3249,2.60198,2.439647,3.230445,1.403029,653,1.514343,620,1.437815
word_0032.nii.gz,3,left_kidney,52868,47752,2848,876,554,838,90.323069,5.387002,1.656957,1.047893,1.58508,2393,4.526368,2386,4.513127
word_0032.nii.gz,4,right_kidney,53461,44026,7320,911,393,811,82.351621,13.692224,1.704046,0.735115,1.516994,7173,13.417257,7146,13.366753
word_0032.nii.gz,5,stomach,120763,45209,69976,1919,1278,2381,37.436135,57.9449,1.589063,1.058271,1.97163,70109,58.055033,69912,57.891904
word_0032.nii.gz,6,gallbladder,5016,3484,754,220,157,401,69.457735,15.031898,4.385965,3.129984,7.994418,723,14.413876,706,14.07496
word_0032.nii.gz,7,esophagus,6321,4740,860,233,171,317,74.988135,13.605442,3.686126,2.705268,5.015029,751,11.881031,720,11.390603
word_0032.nii.gz,8,pancreas,28182,9352,12754,2004,1344,2728,33.184302,45.255837,7.110922,4.769001,9.679938,13644,48.413881,12537,44.485842
word_0032.nii.gz,9,duodenum,16012,0,13449,747,637,1179,0.0,83.993255,4.665251,3.978266,7.363228,13703,85.579565,13449,83.993255
word_0032.nii.gz,10,colon,315059,0,274817,17610,9134,13498,0.0,87.227154,5.589429,2.89914,4.284277,279229,88.627527,274817,87.227154
word_0032.nii.gz,11,intestine,383831,0,312799,25333,13602,32097,0.0,81.493939,6.60004,3.543747,8.362274,325158,84.713845,312799,81.493939
word_0032.nii.gz,12,adrenal,2241,1085,688,139,107,222,48.415886,30.70058,6.202588,4.774654,9.906292,722,32.21776,680,30.343597
word_0032.nii.gz,13,rectum,22200,0,14930,2813,1205,3252,0.0,67.252252,12.671171,5.427928,14.648649,15040,67.747748,14930,67.252252
word_0032.nii.gz,14,bladder,25932,0,22326,1252,1033,1321,0.0,86.094401,4.828012,3.983495,5.094092,22329,86.105969,22326,86.094401
word_0032.nii.gz,15,head_of_femur_left,40473,0,31324,5795,2041,1313,0.0,77.394806,14.318187,5.042868,3.244138,31324,77.394806,31324,77.394806
word_0032.nii.gz,16,head_of_femur_right,41737,0,37584,1627,1282,1244,0.0,90.049596,3.89822,3.071615,2.980569,37584,90.049596,37584,90.049596
word_0036.nii.gz,1,liver,399818,344296,36989,4931,5208,8394,86.113181,9.251459,1.233311,1.302593,2.099455,34432,8.611918,33912,8.481859
word_0036.nii.gz,2,spleen,204798,141615,50310,2993,3791,6089,69.148624,24.56567,1.46144,1.851092,2.973174,49346,24.094962,48963,23.907948
word_0036.nii.gz,3,left_kidney,51239,25530,21327,1830,613,1939,49.825328,41.622592,3.571498,1.196354,3.784227,21160,41.296669,21110,41.199087
word_0036.nii.gz,4,right_kidney,41150,36642,2271,702,376,1159,89.044957,5.518834,1.705954,0.91373,2.816525,2183,5.304982,2101,5.105711
word_0036.nii.gz,5,stomach,100807,25969,65524,2490,2098,4726,25.761108,64.999454,2.470067,2.081205,4.688166,66181,65.651195,65337,64.813951
word_0036.nii.gz,6,gallbladder,9832,0,0,443,866,8523,0.0,0.0,4.505696,8.807974,86.68633,1627,16.548007,0,0.0
word_0036.nii.gz,7,esophagus,3540,2414,738,118,135,135,68.19209,20.847458,3.333333,3.813559,3.813559,691,19.519774,644,18.19209
word_0036.nii.gz,8,pancreas,21314,9424,7289,1668,918,2015,44.21507,34.19818,7.825842,4.307028,9.45388,7314,34.315473,6799,31.899221
word_0036.nii.gz,9,duodenum,17568,0,13976,1858,576,1158,0.0,79.553734,10.576047,3.278689,6.59153,14501,82.542122,13976,79.553734
word_0036.nii.gz,10,colon,194792,0,152932,10686,8751,22423,0.0,78.510411,5.485852,4.492484,11.511253,160884,82.592714,152932,78.510411
word_0036.nii.gz,11,intestine,381343,0,331933,17687,12629,19094,0.0,87.043161,4.638082,3.311717,5.007041,338072,88.652997,331933,87.043161
word_0036.nii.gz,12,adrenal,2735,1077,731,269,218,440,39.378428,26.727605,9.835466,7.97075,16.087751,700,25.59415,689,25.191956
word_0036.nii.gz,13,rectum,11618,0,10250,363,446,559,0.0,88.225168,3.124462,3.838871,4.811499,10250,88.225168,10250,88.225168
word_0036.nii.gz,14,bladder,121103,0,113200,3401,1508,2994,0.0,93.47415,2.808353,1.245221,2.472276,113359,93.605443,113200,93.47415
word_0036.nii.gz,15,head_of_femur_left,36703,0,26805,8890,461,547,0.0,73.032177,24.221453,1.256028,1.490341,26805,73.032177,26805,73.032177
word_0036.nii.gz,16,head_of_femur_right,37055,0,35305,766,445,539,0.0,95.277291,2.067197,1.200918,1.454595,35305,95.277291,35305,95.277291
word_0038.nii.gz,1,liver,698727,644763,30911,7060,6624,9369,92.276812,4.423902,1.010409,0.94801,1.340867,24758,3.543301,21226,3.03781
word_0038.nii.gz,2,spleen,572488,198790,287546,64538,7538,14076,34.723872,50.227428,11.273249,1.316709,2.458741,240278,41.970836,239251,41.791444
word_0038.nii.gz,3,left_kidney,93321,23258,61833,1719,1015,5496,24.922579,66.258398,1.842029,1.087644,5.88935,61885,66.31412,61802,66.22518
word_0038.nii.gz,4,right_kidney,69191,39602,24692,1141,687,3069,57.235768,35.686722,1.649058,0.992904,4.435548,24584,35.530633,24528,35.449697
word_0038.nii.gz,5,stomach,186024,121897,48471,4777,3339,7540,65.527566,26.056315,2.567948,1.79493,4.05324,44967,24.172687,43930,23.615232
word_0038.nii.gz,6,gallbladder,8376,4889,1503,313,421,1250,58.36915,17.944126,3.736867,5.026266,14.923591,1677,20.02149,1339,15.986151
word_0038.nii.gz,7,esophagus,13003,4467,2945,1401,1222,2968,34.353611,22.64862,10.774437,9.397831,22.825502,2477,19.04945,2002,15.396447
word_0038.nii.gz,8,pancreas,38292,12031,13687,4030,1854,6690,31.419095,35.743758,10.524392,4.841742,17.471012,13929,36.375744,13311,34.76183
word_0038.nii.gz,9,duodenum,33187,0,17454,4876,2973,7884,0.0,52.592883,14.6925,8.958327,23.75629,19169,57.760569,17454,52.592883
word_0038.nii.gz,10,colon,440610,0,305947,40594,31436,62633,0.0,69.437144,9.213136,7.134654,14.215065,315280,71.555344,305947,69.437144
word_0038.nii.gz,11,intestine,732336,0,314562,163427,80972,173375,0.0,42.953235,22.31585,11.056673,23.674242,339264,46.326276,314562,42.953235
word_0038.nii.gz,12,adrenal,5103,1795,830,241,322,1915,35.175387,16.264942,4.722712,6.310014,37.526945,908,17.793455,770,15.089163
word_0038.nii.gz,13,rectum,34247,0,20337,2310,2273,9327,0.0,59.383304,6.745116,6.637078,27.234502,23294,68.017637,20337,59.383304
word_0038.nii.gz,14,bladder,53251,0,32349,14006,1824,5072,0.0,60.748155,26.301853,3.425288,9.524704,32349,60.748155,32349,60.748155
word_0038.nii.gz,15,head_of_femur_left,52467,0,40079,6551,2073,3764,0.0,76.388968,12.485944,3.951055,7.174033,40079,76.388968,40079,76.388968
word_0038.nii.gz,16,head_of_femur_right,53648,0,46025,2560,1480,3583,0.0,85.79071,4.771846,2.758724,6.678721,46025,85.79071,46025,85.79071
word_0040.nii.gz,1,liver,292436,262647,7817,4775,7452,9745,89.813498,2.673064,1.632836,2.54825,3.332353,4082,1.395861,2585,0.883954
word_0040.nii.gz,2,spleen,32300,25730,1180,1266,1624,2500,79.659443,3.653251,3.919505,5.027864,7.739938,382,1.182663,236,0.73065
word_0040.nii.gz,3,left_kidney,37088,30835,2530,947,705,2071,83.140099,6.821613,2.553387,1.900884,5.584016,2136,5.759275,2106,5.678387
word_0040.nii.gz,4,right_kidney,32366,28226,1911,460,341,1428,87.208799,5.904344,1.421245,1.053575,4.412037,1889,5.836372,1871,5.780758
word_0040.nii.gz,5,stomach,145322,123390,7060,3177,4150,7545,84.907997,4.858177,2.18618,2.855727,5.191919,6880,4.734314,5950,4.094356
word_0040.nii.gz,6,gallbladder,5811,2735,675,651,836,914,47.065909,11.615901,11.202891,14.386508,15.72879,618,10.635003,440,7.571846
word_0040.nii.gz,7,esophagus,3228,2479,358,95,109,187,76.796778,11.090458,2.942999,3.376704,5.793061,294,9.107807,278,8.612144
word_0040.nii.gz,8,pancreas,18025,10691,3455,1098,1225,1556,59.312067,19.167822,6.09154,6.796117,8.632455,3158,17.520111,3055,16.948682
word_0040.nii.gz,9,duodenum,45898,0,26622,1966,2131,15179,0.0,58.002527,4.283411,4.642904,33.071158,28055,61.124668,26622,58.002527
word_0040.nii.gz,10,colon,257696,0,199546,19320,11863,26967,0.0,77.434652,7.497206,4.603486,10.464656,205951,79.920138,199546,77.434652
word_0040.nii.gz,11,intestine,328571,0,198821,40579,27733,61438,0.0,60.510818,12.350147,8.440489,18.698546,230831,70.253005,198821,60.510818
word_0040.nii.gz,12,adrenal,2867,1510,247,264,249,597,52.668294,8.615277,9.208232,8.685037,20.82316,136,4.743634,92,3.208929
word_0040.nii.gz,13,rectum,8595,0,7514,464,253,364,0.0,87.42292,5.398487,2.943572,4.23502,7514,87.42292,7514,87.42292
word_0040.nii.gz,14,bladder,97737,0,86761,3885,2760,4331,0.0,88.769862,3.974953,2.823905,4.43128,86850,88.860923,86761,88.769862
word_0040.nii.gz,15,head_of_femur_left,42246,0,33190,7486,1023,547,0.0,78.563651,17.720021,2.421531,1.294797,33190,78.563651,33190,78.563651
word_0040.nii.gz,16,head_of_femur_right,45729,0,41041,2054,1055,1579,0.0,89.7483,4.491679,2.30707,3.452951,41041,89.7483,41041,89.7483
word_0041.nii.gz,1,liver,298200,273128,10328,4619,4739,5386,91.59222,3.463447,1.54896,1.589202,1.80617,8246,2.765258,7457,2.500671
word_0041.nii.gz,2,spleen,42484,39388,1170,701,533,692,92.712551,2.753978,1.650033,1.25459,1.628849,757,1.781847,689,1.621787
word_0041.nii.gz,3,left_kidney,54666,45304,6522,1280,628,932,82.874181,11.930633,2.341492,1.148794,1.704899,5336,9.761095,5302,9.698899
word_0041.nii.gz,4,right_kidney,54669,49430,2812,870,383,1174,90.416872,5.143683,1.591395,0.70058,2.147469,2383,4.35896,2282,4.174212
word_0041.nii.gz,5,stomach,175734,47474,102200,11265,5238,9557,27.014693,58.156077,6.410256,2.980641,5.438333,105656,60.122685,101854,57.959188
word_0041.nii.gz,6,gallbladder,850,63,196,245,110,236,7.411765,23.058824,28.823529,12.941176,27.764706,242,28.470588,196,23.058824
word_0041.nii.gz,7,esophagus,3269,1510,823,186,268,482,46.191496,25.175895,5.689813,8.198226,14.74457,863,26.399511,789,24.135821
word_0041.nii.gz,8,pancreas,26449,9936,9863,2014,2096,2540,37.566638,37.290635,7.614655,7.924685,9.603388,10032,37.9296,8909,33.683693
word_0041.nii.gz,9,duodenum,11830,0,5992,1718,1628,2492,0.0,50.650888,14.522401,13.761623,21.065089,7406,62.60355,5992,50.650888
word_0041.nii.gz,10,colon,165991,0,122822,19674,10946,12549,0.0,73.993168,11.85245,6.594333,7.560048,128796,77.592159,122822,73.993168
word_0041.nii.gz,11,intestine,278645,0,214054,24400,16798,23393,0.0,76.819609,8.756662,6.028459,8.39527,221665,79.551042,214054,76.819609
word_0041.nii.gz,12,adrenal,2607,903,701,201,221,581,34.637514,26.889145,7.710012,8.477177,22.286153,718,27.541235,663,25.43153
word_0041.nii.gz,13,rectum,18036,0,13195,1195,1303,2343,0.0,73.159237,6.625638,7.22444,12.990685,13206,73.220226,13195,73.159237
word_0041.nii.gz,14,bladder,73288,0,66372,3462,1754,1700,0.0,90.563257,4.723829,2.393298,2.319616,66614,90.893461,66372,90.563257
word_0041.nii.gz,15,head_of_femur_left,40209,0,28615,6917,1848,2829,0.0,71.165659,17.202616,4.595986,7.035738,28615,71.165659,28615,71.165659
word_0041.nii.gz,16,head_of_femur_right,39965,0,34835,1553,860,2717,0.0,87.163768,3.8859,2.151883,6.798449,34835,87.163768,34835,87.163768
word_0042.nii.gz,1,liver,427506,401389,11886,4481,4474,5276,93.890846,2.780312,1.048172,1.046535,1.234135,8330,1.948511,7596,1.776817
word_0042.nii.gz,2,spleen,63555,57875,1755,919,1458,1548,91.062859,2.761388,1.445992,2.294076,2.435686,1542,2.426245,1434,2.256313
word_0042.nii.gz,3,left_kidney,41666,34681,4620,719,632,1014,83.235732,11.088177,1.725628,1.516824,2.433639,4571,10.970576,4560,10.944175
word_0042.nii.gz,4,right_kidney,35247,31931,1856,522,279,659,90.592107,5.265696,1.480977,0.791557,1.869663,1707,4.842965,1689,4.791897
word_0042.nii.gz,5,stomach,171092,42626,117702,5564,2762,2438,24.914081,68.794567,3.252052,1.614336,1.424964,118058,69.002642,117393,68.613962
word_0042.nii.gz,6,gallbladder,8560,7057,604,306,260,333,82.441589,7.056075,3.574766,3.037383,3.890187,474,5.537383,407,4.754673
word_0042.nii.gz,7,esophagus,4916,2368,1662,388,216,282,48.169243,33.807974,7.892596,4.393816,5.736371,1578,32.099268,1546,31.448332
word_0042.nii.gz,8,pancreas,32450,13632,13881,2111,1194,1632,42.009245,42.776579,6.505393,3.679507,5.029276,14043,43.275809,13523,41.673344
word_0042.nii.gz,9,duodenum,24944,0,16684,4263,1602,2395,0.0,66.885824,17.090282,6.422386,9.601507,17162,68.802117,16684,66.885824
word_0042.nii.gz,10,colon,345815,0,272614,25511,23298,24392,0.0,78.832324,7.377066,6.737128,7.053482,277301,80.187673,272614,78.832324
word_0042.nii.gz,11,intestine,379611,0,292337,41128,19080,27066,0.0,77.009623,10.834249,5.026198,7.12993,294936,77.694271,292337,77.009623
word_0042.nii.gz,12,adrenal,3382,1949,537,290,192,414,57.628622,15.878179,8.574808,5.677114,12.241277,497,14.695446,449,13.276168
word_0042.nii.gz,13,rectum,22156,0,14283,3489,1304,3080,0.0,64.465608,15.747427,5.885539,13.901426,14348,64.758982,14283,64.465608
word_0042.nii.gz,14,bladder,79162,0,74379,3132,752,899,0.0,93.95796,3.956444,0.949951,1.135646,74402,93.987014,74379,93.95796
word_0042.nii.gz,15,head_of_femur_left,59137,0,42542,10235,4651,1709,0.0,71.938042,17.30727,7.864789,2.8899,42542,71.938042,42542,71.938042
word_0042.nii.gz,16,head_of_femur_right,59135,0,52434,2357,2060,2284,0.0,88.668301,3.985795,3.483555,3.862349,52434,88.668301,52434,88.668301
word_0044.nii.gz,1,liver,292558,259609,10311,5067,7930,9641,88.737618,3.524429,1.731964,2.710574,3.295415,7696,2.630589,7174,2.452163
word_0044.nii.gz,2,spleen,41450,35799,1118,960,1732,1841,86.366707,2.697226,2.316043,4.178528,4.441496,583,1.406514,521,1.256936
word_0044.nii.gz,3,left_kidney,39982,17542,18523,1449,599,1869,43.874744,46.328348,3.624131,1.498174,4.674604,18247,45.638037,18247,45.638037
word_0044.nii.gz,4,right_kidney,41621,18271,19103,1626,655,1966,43.898513,45.897504,3.906682,1.573725,4.723577,19098,45.88549,19087,45.859062
word_0044.nii.gz,5,stomach,111139,36992,59105,3742,3094,8206,33.284446,53.181152,3.366955,2.783901,7.383547,59191,53.258532,58910,53.005696
word_0044.nii.gz,6,gallbladder,4078,2444,716,166,176,576,59.931339,17.557626,4.070623,4.315841,14.124571,708,17.361452,582,14.271702
word_0044.nii.gz,7,esophagus,5252,2585,1357,384,272,654,49.219345,25.837776,7.3115,5.178979,12.452399,1119,21.306169,1094,20.83016
word_0044.nii.gz,8,pancreas,30550,17063,7415,1696,1440,2936,55.8527,24.271686,5.551555,4.713584,9.610475,7445,24.369885,6864,22.468085
word_0044.nii.gz,9,duodenum,19464,0,11432,3309,1890,2833,0.0,58.734073,17.000617,9.710234,14.555076,11804,60.645294,11432,58.734073
word_0044.nii.gz,10,colon,334246,0,273040,20223,13651,27332,0.0,81.688337,6.050334,4.084118,8.177211,281478,84.212825,273040,81.688337
word_0044.nii.gz,11,intestine,287386,0,223580,27171,10784,25851,0.0,77.797805,9.454532,3.752444,8.995219,226910,78.956525,223580,77.797805
word_0044.nii.gz,12,adrenal,4657,1627,1121,325,327,1257,34.936654,24.071291,6.978742,7.021688,26.991626,1172,25.166416,1112,23.878033
word_0044.nii.gz,13,rectum,11074,0,9772,686,331,285,0.0,88.242731,6.19469,2.988983,2.573596,9772,88.242731,9772,88.242731
word_0044.nii.gz,14,bladder,50275,0,42264,1877,2180,3954,0.0,84.065639,3.733466,4.336151,7.864744,42649,84.831427,42264,84.065639
word_0044.nii.gz,15,head_of_femur_left,47888,0,38400,5446,1394,2648,0.0,80.187103,11.372369,2.910959,5.529569,38400,80.187103,38400,80.187103
word_0044.nii.gz,16,head_of_femur_right,53300,0,47764,1279,854,3403,0.0,89.613508,2.399625,1.602251,6.384615,47764,89.613508,47764,89.613508
word_0046.nii.gz,1,liver,482128,453268,9897,4981,4983,8999,94.014038,2.052774,1.033128,1.033543,1.866517,7763,1.610153,6826,1.415807
word_0046.nii.gz,2,spleen,82446,19010,56296,2439,1952,2749,23.057516,68.28227,2.9583,2.36761,3.334304,56413,68.424181,56144,68.097907
word_0046.nii.gz,3,left_kidney,49031,6712,36562,2027,1098,2632,13.689299,74.56915,4.134119,2.2394,5.368032,36476,74.393751,36458,74.357039
word_0046.nii.gz,4,right_kidney,53958,23528,23502,2808,1076,3044,43.604285,43.556099,5.204048,1.994144,5.641425,23478,43.51162,23465,43.487527
word_0046.nii.gz,5,stomach,234328,50170,168786,5933,2958,6481,21.41016,72.029804,2.531921,1.262333,2.765781,169261,72.232512,168517,71.915008
word_0046.nii.gz,6,gallbladder,2611,1303,887,113,143,165,49.904251,33.971658,4.327844,5.476829,6.319418,878,33.626963,875,33.512064
word_0046.nii.gz,7,esophagus,4049,2132,1201,181,107,428,52.654977,29.661645,4.47024,2.642628,10.570511,1148,28.35268,1140,28.1551
word_0046.nii.gz,8,pancreas,46777,69,38778,2655,1511,3764,0.147508,82.899716,5.675866,3.23022,8.04669,39259,83.927999,38771,82.884751
word_0046.nii.gz,9,duodenum,17883,0,14189,1936,655,1103,0.0,79.343511,10.825924,3.662696,6.167869,14528,81.239166,14189,79.343511
word_0046.nii.gz,10,colon,222862,0,171642,27506,10006,13708,0.0,77.017168,12.342167,4.489774,6.150892,174324,78.220603,171642,77.017168
word_0046.nii.gz,11,intestine,277584,0,220620,28801,9320,18843,0.0,79.478644,10.375598,3.357542,6.788215,220975,79.606534,220620,79.478644
word_0046.nii.gz,12,adrenal,3522,860,1695,232,273,462,24.417944,48.126065,6.587166,7.751278,13.117547,1730,49.119818,1681,47.728563
word_0046.nii.gz,13,rectum,22488,0,10626,6492,2051,3319,0.0,47.251868,28.86873,9.12042,14.758983,11534,51.289577,10626,47.251868
word_0046.nii.gz,14,bladder,15542,0,13411,619,580,932,0.0,86.288766,3.982756,3.731823,5.996654,13490,86.797066,13411,86.288766
word_0046.nii.gz,15,head_of_femur_left,50248,0,35750,9157,3386,1955,0.0,71.14711,18.223611,6.738577,3.890702,35750,71.14711,35750,71.14711
word_0046.nii.gz,16,head_of_femur_right,50894,0,45435,1646,1118,2695,0.0,89.273785,3.234173,2.196723,5.29532,45435,89.273785,45435,89.273785
word_0047.nii.gz,1,liver,509310,473274,10966,6570,9720,8780,92.924545,2.153109,1.289981,1.908464,1.723901,6253,1.227739,5592,1.097956
word_0047.nii.gz,2,spleen,91696,79215,2387,1670,3370,5054,86.388719,2.603167,1.821235,3.675188,5.511691,1763,1.922657,1608,1.753621
word_0047.nii.gz,3,left_kidney,82544,69582,5322,2692,1393,3555,84.29686,6.44747,3.261291,1.687585,4.306794,4961,6.010128,4946,5.991956
word_0047.nii.gz,4,right_kidney,76017,66230,3787,1984,934,3082,87.125248,4.98178,2.609943,1.228673,4.054356,3526,4.638436,3525,4.637121
word_0047.nii.gz,5,stomach,153322,81916,50954,4513,5603,10336,53.427427,33.233326,2.943478,3.654401,6.741368,50363,32.847863,50015,32.620889
word_0047.nii.gz,6,gallbladder,6395,5138,303,154,146,654,80.344019,4.738077,2.408131,2.283034,10.22674,160,2.501955,126,1.970289
word_0047.nii.gz,7,esophagus,3218,2429,286,95,146,262,75.481666,8.887508,2.952144,4.536979,8.141703,253,7.862026,252,7.830951
word_0047.nii.gz,8,pancreas,51852,16251,27513,2297,2096,3695,31.341125,53.060634,4.429916,4.042274,7.126051,28206,54.39713,27349,52.744349
word_0047.nii.gz,9,duodenum,23171,0,17241,2539,1476,1915,0.0,74.407665,10.957663,6.370032,8.264641,17574,75.844806,17241,74.407665
word_0047.nii.gz,10,colon,199652,0,177959,7236,4489,9968,0.0,89.134594,3.624306,2.248412,4.992687,178612,89.461663,177959,89.134594
word_0047.nii.gz,11,intestine,451841,0,393713,18442,11657,28029,0.0,87.135298,4.081524,2.57989,6.203288,395616,87.556463,393713,87.135298
word_0047.nii.gz,12,adrenal,3681,1155,1268,226,224,808,31.377343,34.447161,6.139636,6.085303,21.950557,1332,36.185819,1256,34.121163
word_0047.nii.gz,13,rectum,23086,0,14478,3598,2132,2878,0.0,62.713333,15.585203,9.235034,12.46643,14709,63.713939,14478,62.713333
word_0047.nii.gz,14,bladder,75572,0,70468,1229,953,2922,0.0,93.246176,1.626264,1.261049,3.866511,70473,93.252792,70468,93.246176
word_0047.nii.gz,15,head_of_femur_left,58216,0,37215,14668,3552,2781,0.0,63.925725,25.195822,6.101415,4.777037,37215,63.925725,37215,63.925725
word_0047.nii.gz,16,head_of_femur_right,58503,0,52049,1798,1624,3032,0.0,88.968087,3.073347,2.775926,5.18264,52049,88.968087,52049,88.968087
word_0049.nii.gz,1,liver,353067,320730,16782,4505,5468,5582,90.841115,4.753205,1.275962,1.548715,1.581003,12569,3.559948,11797,3.341292
word_0049.nii.gz,2,spleen,82051,75074,1616,1283,2649,1429,91.496752,1.969507,1.563662,3.22848,1.7416,1215,1.480786,1144,1.394255
word_0049.nii.gz,3,left_kidney,51940,43458,4423,1211,853,1995,83.669619,8.515595,2.331536,1.64228,3.84097,3932,7.570273,3932,7.570273
word_0049.nii.gz,4,right_kidney,47953,35264,8663,1293,672,2061,73.538673,18.065606,2.69639,1.401372,4.297958,8619,17.973849,8610,17.955081
word_0049.nii.gz,5,stomach,194455,161004,16113,5929,4757,6652,82.797562,8.286236,3.049034,2.446324,3.420843,10681,5.492788,9989,5.136921
word_0049.nii.gz,6,gallbladder,2477,2029,190,63,80,115,81.913605,7.670569,2.543399,3.229713,4.642713,177,7.145741,170,6.863141
word_0049.nii.gz,7,esophagus,5223,2242,1326,485,315,855,42.925522,25.387708,9.285851,6.031017,16.369902,1417,27.130002,1218,23.319931
word_0049.nii.gz,8,pancreas,29574,9560,13293,1925,1866,2930,32.325691,44.948265,6.509096,6.309596,9.907351,13251,44.806249,13190,44.599986
word_0049.nii.gz,9,duodenum,18416,0,14028,1483,845,2060,0.0,76.172893,8.05278,4.588401,11.185925,15161,82.325152,14028,76.172893
word_0049.nii.gz,10,colon,315068,0,254317,20510,11487,28754,0.0,80.718131,6.509706,3.64588,9.126284,261194,82.900834,254317,80.718131
word_0049.nii.gz,11,intestine,383946,0,334767,15492,10169,23518,0.0,87.191168,4.034942,2.64855,6.125341,340084,88.575998,334767,87.191168
word_0049.nii.gz,12,adrenal,2506,990,958,223,177,158,39.505188,38.228252,8.898643,7.063049,6.304868,955,38.10854,951,37.948923
word_0049.nii.gz,13,rectum,18436,0,16297,917,610,612,0.0,88.3977,4.973964,3.308744,3.319592,16297,88.3977,16297,88.3977
word_0049.nii.gz,14,bladder,66769,0,63130,1274,644,1721,0.0,94.549866,1.908071,0.964519,2.577543,63130,94.549866,63130,94.549866
word_0049.nii.gz,15,head_of_femur_left,52928,0,35853,12709,2692,1674,0.0,67.739193,24.011865,5.086155,3.162787,35853,67.739193,35853,67.739193
word_0049.nii.gz,16,head_of_femur_right,54024,0,49962,1865,1141,1056,0.0,92.48112,3.452169,2.112024,1.954687,49962,92.48112,49962,92.48112
word_0051.nii.gz,1,liver,312525,281137,14740,4039,5373,7236,89.956643,4.716423,1.292377,1.719222,2.315335,10692,3.421166,10055,3.217343
word_0051.nii.gz,2,spleen,51520,44534,1840,1446,1431,2269,86.440217,3.571429,2.806677,2.777562,4.404115,1161,2.253494,865,1.67896
word_0051.nii.gz,3,left_kidney,43097,19611,16832,1853,1208,3593,45.504327,39.056083,4.299603,2.802979,8.337007,16605,38.529364,16289,37.796134
word_0051.nii.gz,4,right_kidney,40778,28137,8040,1434,824,2343,69.000441,19.716514,3.516602,2.020697,5.745745,7728,18.951395,7685,18.845946
word_0051.nii.gz,5,stomach,129863,21384,97912,3575,2369,4623,16.466584,75.396379,2.752901,1.82423,3.559905,97842,75.342476,97670,75.210029
word_0051.nii.gz,6,gallbladder,9410,3506,3868,560,492,984,37.258236,41.105207,5.951116,5.22848,10.456961,4111,43.687566,3803,40.414453
word_0051.nii.gz,7,esophagus,2965,1176,528,815,200,246,39.662732,17.807757,27.487352,6.745363,8.296796,249,8.397976,245,8.263069
word_0051.nii.gz,8,pancreas,35737,11992,14675,2880,2159,4031,33.556258,41.063883,8.058875,6.041358,11.279626,15899,44.488905,14456,40.451073
word_0051.nii.gz,9,duodenum,18923,0,12544,2683,1301,2395,0.0,66.2897,14.178513,6.875231,12.656556,13219,69.856788,12544,66.2897
word_0051.nii.gz,10,colon,103711,0,65670,15969,7143,14929,0.0,63.320188,15.397595,6.887408,14.394809,73817,71.175671,65670,63.320188
word_0051.nii.gz,11,intestine,247983,0,202621,17329,9668,18365,0.0,81.707617,6.987979,3.898654,7.40575,203672,82.131436,202621,81.707617
word_0051.nii.gz,12,adrenal,5326,1915,1346,380,339,1346,35.955689,25.272249,7.13481,6.365002,25.272249,1392,26.135937,1308,24.558768
word_0051.nii.gz,13,rectum,24785,0,17769,2386,1491,3139,0.0,71.692556,9.62679,6.015735,12.664918,17841,71.983054,17769,71.692556
word_0051.nii.gz,14,bladder,38876,0,34585,1500,890,1901,0.0,88.962342,3.858422,2.28933,4.889906,34650,89.12954,34585,88.962342
word_0051.nii.gz,15,head_of_femur_left,50290,0,37825,7017,2087,3361,0.0,75.21376,13.953072,4.14993,6.683237,37825,75.21376,37825,75.21376
word_0051.nii.gz,16,head_of_femur_right,50127,0,44423,1132,1166,3406,0.0,88.620903,2.258264,2.326092,6.794741,44423,88.620903,44423,88.620903
word_0053.nii.gz,1,liver,496219,457114,11739,5441,7698,14227,92.119407,2.365689,1.096492,1.551331,2.867081,8549,1.722828,6164,1.242193
word_0053.nii.gz,2,spleen,231116,163146,54093,3375,4870,5632,70.590526,23.40513,1.460306,2.107167,2.436872,53587,23.186192,53098,22.97461
word_0053.nii.gz,3,left_kidney,78368,65216,7207,2270,921,2754,83.21764,9.196356,2.89659,1.175225,3.514189,6074,7.750612,6040,7.707227
word_0053.nii.gz,4,right_kidney,33164,23652,3515,1324,886,3787,71.318297,10.598842,3.992281,2.671572,11.419009,3478,10.487275,3458,10.426969
word_0053.nii.gz,5,stomach,64602,30846,26764,1865,1601,3526,47.747748,41.429058,2.886908,2.478251,5.458035,26735,41.384168,26644,41.243305
word_0053.nii.gz,6,gallbladder,14511,11272,1214,530,320,1175,77.679002,8.366067,3.652402,2.205224,8.097305,1024,7.056716,949,6.539866
word_0053.nii.gz,7,esophagus,7282,2208,2049,1090,865,1070,30.32134,28.137874,14.968415,11.878605,14.693765,1521,20.887119,1348,18.511398
word_0053.nii.gz,8,pancreas,8724,6686,597,296,372,773,76.639156,6.843191,3.392939,4.264099,8.860614,575,6.591013,370,4.241174
word_0053.nii.gz,9,duodenum,4114,0,45,279,514,3276,0.0,1.093826,6.781721,12.493923,79.63053,1350,32.814779,45,1.093826
word_0053.nii.gz,10,colon,182220,0,145882,11571,6079,18688,0.0,80.058171,6.350016,3.336077,10.255735,148527,81.509714,145882,80.058171
word_0053.nii.gz,11,intestine,345185,0,224977,55078,18446,46684,0.0,65.175775,15.956082,5.343801,13.524342,231231,66.987557,224977,65.175775
word_0053.nii.gz,12,adrenal,327,0,7,8,35,277,0.0,2.140673,2.446483,10.703364,84.70948,7,2.140673,7,2.140673
word_0053.nii.gz,13,rectum,23308,0,19802,1204,883,1419,0.0,84.957954,5.165608,3.788399,6.088038,20025,85.914707,19802,84.957954
word_0053.nii.gz,14,bladder,47434,0,41621,1673,977,3163,0.0,87.745077,3.527006,2.059704,6.668213,41812,88.147742,41621,87.745077
word_0053.nii.gz,15,head_of_femur_left,40062,0,20967,11493,2020,5582,0.0,52.336379,28.688034,5.042185,13.933403,20983,52.376317,20967,52.336379
word_0053.nii.gz,16,head_of_femur_right,39567,0,32289,2119,1082,4077,0.0,81.605884,5.355473,2.734602,10.304041,32289,81.605884,32289,81.605884
word_0055.nii.gz,1,liver,464880,433496,14188,4717,5597,6882,93.24901,3.05197,1.01467,1.203967,1.480382,10716,2.305111,9478,2.038806
word_0055.nii.gz,2,spleen,71498,65328,1761,1137,1750,1522,91.370388,2.463006,1.590254,2.447621,2.128731,1409,1.970684,1280,1.79026
word_0055.nii.gz,3,left_kidney,59428,51907,4217,1267,547,1490,87.344349,7.095982,2.131992,0.920442,2.507236,2988,5.027933,2937,4.942115
word_0055.nii.gz,4,right_kidney,58669,54237,1884,1106,448,994,92.445755,3.211236,1.885152,0.763606,1.694251,1613,2.749322,1530,2.607851
word_0055.nii.gz,5,stomach,50188,39268,6305,1926,1105,1584,78.241811,12.562764,3.837571,2.201722,3.156133,6316,12.584682,5868,11.692038
word_0055.nii.gz,6,gallbladder,5371,4026,470,282,218,375,74.958108,8.750698,5.250419,4.058834,6.98194,481,8.955502,379,7.056414
word_0055.nii.gz,7,esophagus,3277,1560,1073,209,139,296,47.604516,32.743363,6.377785,4.241684,9.032652,1044,31.858407,1038,31.675313
word_0055.nii.gz,8,pancreas,28667,15608,8713,1400,996,1950,54.445879,30.393833,4.883664,3.474378,6.802246,8975,31.307775,8489,29.612446
word_0055.nii.gz,9,duodenum,10207,0,8095,829,418,865,0.0,79.308318,8.121877,4.095229,8.474576,8285,81.169785,8095,79.308318
word_0055.nii.gz,10,colon,225118,0,202932,8856,5317,8013,0.0,90.144724,3.933937,2.361872,3.559467,205924,91.473805,202932,90.144724
word_0055.nii.gz,11,intestine,278008,0,243310,14822,6893,12983,0.0,87.519064,5.331501,2.479425,4.670009,245328,88.244943,243310,87.519064
word_0055.nii.gz,12,adrenal,3106,878,1137,282,260,549,28.267869,36.606568,9.079202,8.370895,17.675467,1235,39.761751,1127,36.28461
word_0055.nii.gz,13,rectum,47829,0,21197,13027,4665,8940,0.0,44.318301,27.236614,9.753497,18.691589,22038,46.076648,21197,44.318301
word_0055.nii.gz,14,bladder,140021,0,120342,12903,3313,3463,0.0,85.94568,9.215046,2.366074,2.4732,120370,85.965677,120342,85.94568
word_0055.nii.gz,15,head_of_femur_left,39262,0,28440,9036,1144,642,0.0,72.436453,23.01462,2.913759,1.635169,28440,72.436453,28440,72.436453
word_0055.nii.gz,16,head_of_femur_right,39924,0,37176,1076,889,783,0.0,93.116922,2.695121,2.226731,1.961226,37176,93.116922,37176,93.116922
word_0056.nii.gz,1,liver,352553,318815,11169,4998,6188,11383,90.430375,3.168034,1.417659,1.755197,3.228734,9399,2.665982,8268,2.345179
word_0056.nii.gz,2,spleen,65157,58549,1440,1039,1783,2346,89.858342,2.210047,1.59461,2.736467,3.600534,752,1.154135,596,0.914714
word_0056.nii.gz,3,left_kidney,63016,48737,8159,1906,968,3246,77.340675,12.947505,3.024629,1.536118,5.151073,7890,12.52063,7734,12.273074
word_0056.nii.gz,4,right_kidney,43803,31690,7627,1492,715,2279,72.346643,17.412049,3.406159,1.632308,5.20284,7565,17.270507,7418,16.934913
word_0056.nii.gz,5,stomach,161026,58927,73788,4989,4109,19213,36.594711,45.823656,3.098257,2.551762,11.931614,73451,45.614373,72049,44.743706
word_0056.nii.gz,6,gallbladder,3184,1570,602,265,189,558,49.309045,18.907035,8.322864,5.93593,17.525126,585,18.373116,548,17.211055
word_0056.nii.gz,7,esophagus,6184,1605,1369,641,896,1673,25.954075,22.137775,10.365459,14.489004,27.053687,1397,22.590556,1124,18.175938
word_0056.nii.gz,8,pancreas,35739,10580,15428,1862,1993,5876,29.603514,43.168527,5.209995,5.576541,16.441423,16287,45.572064,15086,42.21159
word_0056.nii.gz,9,duodenum,27039,0,12133,3729,3075,8102,0.0,44.872222,13.791191,11.372462,29.964126,15783,58.371242,12133,44.872222
word_0056.nii.gz,10,colon,158057,0,106505,16108,12629,22815,0.0,67.383918,10.19126,7.990155,14.434666,113389,71.739309,106505,67.383918
word_0056.nii.gz,11,intestine,331401,0,272804,18664,11890,28043,0.0,82.3184,5.631848,3.587798,8.461954,274309,82.772532,272804,82.3184
word_0056.nii.gz,12,adrenal,6229,755,1161,418,661,3234,12.120726,18.638626,6.710547,10.611655,51.918446,1292,20.741692,1123,18.028576
word_0056.nii.gz,13,rectum,17294,0,11827,1196,1151,3120,0.0,68.38788,6.915693,6.655487,18.040939,11827,68.38788,11827,68.38788
word_0056.nii.gz,14,bladder,31265,0,23572,2525,1633,3535,0.0,75.394211,8.076123,5.223093,11.306573,23804,76.136255,23572,75.394211
word_0056.nii.gz,15,head_of_femur_left,39377,0,28364,8585,968,1460,0.0,72.031897,21.802067,2.458288,3.707748,28364,72.031897,28364,72.031897
word_0056.nii.gz,16,head_of_femur_right,40356,0,36935,1020,601,1800,0.0,91.522946,2.527505,1.489246,4.460303,36935,91.522946,36935,91.522946
word_0058.nii.gz,1,liver,388234,346457,12723,5727,8572,14755,89.239222,3.277147,1.475141,2.207947,3.800543,9244,2.381038,7389,1.903234
word_0058.nii.gz,2,spleen,43671,39135,1364,814,1198,1160,89.613244,3.123354,1.863937,2.743239,2.656225,1053,2.411211,994,2.27611
word_0058.nii.gz,3,left_kidney,39163,33936,2548,879,543,1257,86.653219,6.506141,2.244465,1.386513,3.209662,2313,5.906085,2306,5.888211
word_0058.nii.gz,4,right_kidney,40846,35770,2666,1051,428,931,87.572835,6.526955,2.573079,1.047838,2.279293,2628,6.433923,2603,6.372717
word_0058.nii.gz,5,stomach,96839,59154,25113,3409,2415,6748,61.084893,25.932734,3.520276,2.49383,6.968267,24923,25.736532,24616,25.419511
word_0058.nii.gz,6,gallbladder,7293,4306,1568,431,420,568,59.042918,21.500069,5.909776,5.758947,7.78829,1521,20.855615,1490,20.43055
word_0058.nii.gz,7,esophagus,4903,1135,2219,517,226,806,23.149092,45.258005,10.544565,4.609423,16.438915,2172,44.299409,2115,43.136855
word_0058.nii.gz,8,pancreas,21318,11503,3645,1889,1411,2870,53.959096,17.098227,8.861056,6.61882,13.462801,4023,18.871376,3273,15.353223
word_0058.nii.gz,9,duodenum,9480,0,6998,953,719,810,0.0,73.818565,10.052743,7.584388,8.544304,7280,76.793249,6998,73.818565
word_0058.nii.gz,10,colon,193626,0,157750,7300,8568,20008,0.0,81.471497,3.770155,4.425026,10.333323,166535,86.008594,157750,81.471497
word_0058.nii.gz,11,intestine,285406,0,205919,21989,17683,39815,0.0,72.149499,7.704463,6.195735,13.950302,225354,78.959097,205919,72.149499
word_0058.nii.gz,12,adrenal,915,330,341,56,63,125,36.065574,37.26776,6.120219,6.885246,13.661202,344,37.595628,336,36.721311
word_0058.nii.gz,13,rectum,12987,0,10234,1498,383,872,0.0,78.801879,11.534612,2.949103,6.714407,10234,78.801879,10234,78.801879
word_0058.nii.gz,14,bladder,251689,0,167550,66994,8345,8800,0.0,66.570251,26.61777,3.3156,3.496378,167765,66.655674,167550,66.570251
word_0058.nii.gz,15,head_of_femur_left,35779,0,25188,6641,1435,2515,0.0,70.398837,18.561167,4.010733,7.029263,25188,70.398837,25188,70.398837
word_0058.nii.gz,16,head_of_femur_right,36853,0,32039,1849,863,2102,0.0,86.937291,5.017231,2.341736,5.703742,32039,86.937291,32039,86.937291
word_0059.nii.gz,1,liver,362668,329606,10675,5518,7039,9830,90.883673,2.943463,1.521502,1.940894,2.710468,7895,2.176922,7078,1.951647
word_0059.nii.gz,2,spleen,41547,35910,1423,936,1513,1765,86.432233,3.425037,2.25287,3.641659,4.248201,1085,2.6115,995,2.394878
word_0059.nii.gz,3,left_kidney,64018,51953,6055,1575,1062,3373,81.153738,9.458277,2.460246,1.658908,5.268831,5877,9.180231,5851,9.139617
word_0059.nii.gz,4,right_kidney,61501,50276,5690,1556,700,3279,81.748264,9.251882,2.53004,1.138193,5.331621,5629,9.152697,5572,9.060015
word_0059.nii.gz,5,stomach,201555,143153,44500,3661,3043,7198,71.024286,22.078341,1.816378,1.509762,3.571234,43912,21.786609,43236,21.451217
word_0059.nii.gz,6,gallbladder,4977,3617,364,150,181,665,72.674302,7.313643,3.013864,3.636729,13.361463,347,6.972072,303,6.088005
word_0059.nii.gz,7,esophagus,4551,2490,962,260,173,666,54.71325,21.138211,5.71303,3.801362,14.634146,942,20.698748,908,19.951659
word_0059.nii.gz,8,pancreas,30895,17355,8113,1358,1373,2696,56.174138,26.259913,4.395533,4.444085,8.726331,8339,26.991423,7728,25.013756
word_0059.nii.gz,9,duodenum,53216,0,28528,16467,3511,4710,0.0,53.607937,30.943701,6.59764,8.850722,29230,54.92709,28528,53.607937
word_0059.nii.gz,10,colon,266558,0,225039,11317,7450,22752,0.0,84.424028,4.245605,2.794889,8.535478,230299,86.397332,225039,84.424028
word_0059.nii.gz,11,intestine,368377,0,311038,17701,10048,29590,0.0,84.434696,4.805132,2.72764,8.032532,312819,84.918168,311038,84.434696
word_0059.nii.gz,12,adrenal,3069,1200,567,277,165,860,39.100684,18.475073,9.025741,5.376344,28.022157,569,18.540241,543,17.69306
word_0059.nii.gz,13,rectum,22517,0,16649,2623,1506,1739,0.0,73.93969,11.648976,6.68828,7.723054,16650,73.944131,16649,73.93969
word_0059.nii.gz,14,bladder,118000,0,104395,4392,2402,6811,0.0,88.470339,3.722034,2.035593,5.772034,104742,88.764407,104395,88.470339
word_0059.nii.gz,15,head_of_femur_left,55089,0,42015,6644,2478,3952,0.0,76.267494,12.060484,4.498176,7.173846,42015,76.267494,42015,76.267494
word_0059.nii.gz,16,head_of_femur_right,56757,0,49857,1584,1461,3855,0.0,87.842909,2.790845,2.574132,6.792114,49857,87.842909,49857,87.842909
word_0061.nii.gz,1,liver,339853,290716,9599,6140,10641,22757,85.54169,2.824456,1.806663,3.13106,6.69613,8591,2.527858,5742,1.689554
word_0061.nii.gz,2,spleen,68323,57960,2225,1108,1316,5714,84.832341,3.25659,1.621709,1.926145,8.363216,1970,2.883363,1630,2.385727
word_0061.nii.gz,3,left_kidney,51995,43508,2657,844,496,4490,83.677277,5.110107,1.623233,0.953938,8.635446,2495,4.798538,2479,4.767766
word_0061.nii.gz,4,right_kidney,47632,24968,16383,1399,874,4008,52.418542,34.394945,2.937101,1.834901,8.414511,16399,34.428535,16280,34.178703
word_0061.nii.gz,5,stomach,53023,38265,3938,1290,1750,7780,72.166796,7.426966,2.432906,3.300455,14.672878,4034,7.608019,2931,5.52779
word_0061.nii.gz,6,gallbladder,2598,1380,225,174,159,660,53.117783,8.660508,6.69746,6.120092,25.404157,209,8.04465,148,5.69669
word_0061.nii.gz,7,esophagus,5895,2744,1094,496,461,1100,46.547922,18.5581,8.41391,7.820187,18.659881,1207,20.474979,980,16.624258
word_0061.nii.gz,8,pancreas,28603,15416,5153,1236,1152,5646,53.896444,18.015593,4.321225,4.02755,19.739188,6209,21.707513,4814,16.830402
word_0061.nii.gz,9,duodenum,17332,0,12996,1211,849,2276,0.0,74.982691,6.987076,4.898454,13.131779,13302,76.748211,12996,74.982691
word_0061.nii.gz,10,colon,138260,0,117647,5323,3320,11970,0.0,85.091133,3.849993,2.401273,8.657602,118848,85.959786,117647,85.091133
word_0061.nii.gz,11,intestine,276247,0,216752,10424,9395,39676,0.0,78.463115,3.773435,3.400942,14.362509,232302,84.092135,216752,78.463115
word_0061.nii.gz,12,adrenal,1169,140,181,31,74,743,11.976048,15.483319,2.651839,6.330197,63.558597,186,15.911035,170,14.542344
word_0061.nii.gz,13,rectum,12454,0,7055,1374,939,3086,0.0,56.648466,11.0326,7.539746,24.779187,7563,60.727477,7055,56.648466
word_0061.nii.gz,14,bladder,12986,0,10933,366,258,1429,0.0,84.190667,2.81842,1.986755,11.004158,10933,84.190667,10933,84.190667
word_0061.nii.gz,15,head_of_femur_left,54468,0,34725,11830,2736,5177,0.0,63.753029,21.719175,5.023133,9.504663,34725,63.753029,34725,63.753029
word_0061.nii.gz,16,head_of_femur_right,53056,0,45645,1390,1064,4957,0.0,86.03174,2.619873,2.005428,9.342958,45645,86.03174,45645,86.03174
word_0062.nii.gz,1,liver,440279,404106,12589,6554,6317,10713,91.784073,2.859323,1.488602,1.434772,2.43323,10065,2.28605,8532,1.937862
word_0062.nii.gz,2,spleen,62199,55874,3725,782,1117,701,89.831026,5.988842,1.257255,1.795849,1.127028,3379,5.432563,3295,5.297513
word_0062.nii.gz,3,left_kidney,53924,46375,3826,1349,1023,1351,86.000668,7.095171,2.501669,1.897114,2.505378,3362,6.234701,3357,6.225428
word_0062.nii.gz,4,right_kidney,49307,42389,4650,902,467,899,85.969538,9.43071,1.829355,0.947127,1.823271,4513,9.152859,4478,9.081875
word_0062.nii.gz,5,stomach,167751,111941,47007,4176,2058,2569,66.730452,28.02189,2.489404,1.226818,1.531436,46607,27.783441,46447,27.688061
word_0062.nii.gz,6,gallbladder,2174,941,718,151,146,218,43.284269,33.026679,6.945722,6.715731,10.027599,688,31.646734,687,31.600736
word_0062.nii.gz,7,esophagus,8164,3577,2720,355,373,1139,43.814307,33.317001,4.348359,4.568839,13.951494,2599,31.834885,2554,31.283684
word_0062.nii.gz,8,pancreas,24358,12417,8362,1259,1064,1256,50.977092,34.329584,5.168733,4.368175,5.156417,8243,33.841038,8152,33.467444
word_0062.nii.gz,9,duodenum,23256,0,13538,2787,2896,4035,0.0,58.212934,11.984004,12.4527,17.350361,16320,70.175439,13538,58.212934
word_0062.nii.gz,10,colon,163561,0,103791,10312,6921,42537,0.0,63.457059,6.304681,4.231449,26.006811,130067,79.522013,103791,63.457059
word_0062.nii.gz,11,intestine,359891,0,285841,25447,16403,32200,0.0,79.424326,7.070752,4.557769,8.947153,298268,82.877316,285841,79.424326
word_0062.nii.gz,12,adrenal,3753,1712,555,389,281,816,45.61684,14.788169,10.365041,7.487343,21.742606,697,18.571809,506,13.482547
word_0062.nii.gz,13,rectum,22204,0,14816,2692,681,4015,0.0,66.726716,12.123942,3.067015,18.082328,16792,75.626013,14816,66.726716
word_0062.nii.gz,14,bladder,143730,0,117999,19357,2724,3650,0.0,82.097683,13.467613,1.89522,2.539484,118145,82.199263,117999,82.097683
word_0062.nii.gz,15,head_of_femur_left,53566,0,37109,12511,2122,1824,0.0,69.277153,23.356233,3.961468,3.405145,37109,69.277153,37109,69.277153
word_0062.nii.gz,16,head_of_femur_right,55957,0,49265,2144,1615,2933,0.0,88.040817,3.831513,2.886145,5.241525,49265,88.040817,49265,88.040817
word_0063.nii.gz,1,liver,367374,343050,6855,4519,5549,7401,93.378954,1.865946,1.230082,1.51045,2.014568,2840,0.773054,2273,0.618716
word_0063.nii.gz,2,spleen,39246,32956,1434,837,1879,2140,83.972889,3.653876,2.132701,4.787749,5.452785,996,2.537838,963,2.453753
word_0063.nii.gz,3,left_kidney,49150,37722,6321,1376,952,2779,76.748728,12.860631,2.799593,1.936928,5.65412,6084,12.378433,6081,12.37233
word_0063.nii.gz,4,right_kidney,44900,37442,3368,924,573,2593,83.389755,7.501114,2.057906,1.276169,5.775056,3352,7.465479,3347,7.454343
word_0063.nii.gz,5,stomach,118371,108054,4380,1700,1499,2738,91.284183,3.700231,1.436163,1.266357,2.313067,3776,3.189971,3728,3.14942
word_0063.nii.gz,6,gallbladder,2157,148,664,697,299,349,6.861382,30.783496,32.313398,13.861845,16.179879,673,31.200742,664,30.783496
word_0063.nii.gz,7,esophagus,1530,1091,202,79,67,91,71.30719,13.202614,5.163399,4.379085,5.947712,195,12.745098,195,12.745098
word_0063.nii.gz,8,pancreas,24849,11264,5734,2660,1754,3437,45.329792,23.075375,10.704656,7.058634,13.831543,6579,26.475915,5474,22.029055
word_0063.nii.gz,9,duodenum,38847,0,22920,11812,1590,2525,0.0,59.000695,30.406466,4.09298,6.499858,23067,59.379103,22920,59.000695
word_0063.nii.gz,10,colon,180403,0,135098,20146,12418,12741,0.0,74.886781,11.16722,6.883478,7.062521,137093,75.992639,135098,74.886781
word_0063.nii.gz,11,intestine,267486,0,208199,29973,9333,19981,0.0,77.835476,11.205446,3.489155,7.469924,209330,78.258301,208199,77.835476
word_0063.nii.gz,12,adrenal,3969,1319,824,328,294,1204,33.232552,20.760897,8.264046,7.407407,30.335097,784,19.753086,756,19.047619
word_0063.nii.gz,13,rectum,24721,0,19543,1391,1237,2550,0.0,79.054245,5.626795,5.003843,10.315117,19578,79.195825,19543,79.054245
word_0063.nii.gz,14,bladder,114574,0,102649,4782,2309,4834,0.0,89.591879,4.173722,2.015291,4.219107,102851,89.768185,102649,89.591879
word_0063.nii.gz,15,head_of_femur_left,36669,0,24855,7374,1507,2933,0.0,67.78205,20.109629,4.109738,7.998582,24855,67.78205,24855,67.78205
word_0063.nii.gz,16,head_of_femur_right,38996,0,33421,1202,1018,3355,0.0,85.703662,3.082367,2.610524,8.603447,33421,85.703662,33421,85.703662
word_0064.nii.gz,1,liver,443990,418077,10445,5599,4021,5848,94.163607,2.35253,1.261064,0.905651,1.317147,3528,0.794612,2252,0.507219
word_0064.nii.gz,2,spleen,54267,49023,1405,1174,1046,1619,90.336669,2.58905,2.163377,1.927507,2.983397,557,1.026406,432,0.796064
word_0064.nii.gz,3,left_kidney,64740,44196,11507,2632,2365,4040,68.266914,17.774174,4.065493,3.653074,6.240346,11352,17.534754,11348,17.528576
word_0064.nii.gz,4,right_kidney,54669,43986,4606,2036,1143,2898,80.458761,8.42525,3.724231,2.090764,5.300993,4419,8.083192,4410,8.066729
word_0064.nii.gz,5,stomach,73967,49580,17810,1355,1146,4076,67.029892,24.078305,1.831898,1.54934,5.510566,17570,23.753836,17469,23.617289
word_0064.nii.gz,6,gallbladder,21478,15313,2989,1488,493,1195,71.29621,13.916566,6.928019,2.295372,5.563833,2634,12.263712,2550,11.872614
word_0064.nii.gz,7,esophagus,4702,1577,1275,773,169,908,33.53892,27.116121,16.439813,3.594215,19.310932,1115,23.713313,1089,23.160357
word_0064.nii.gz,8,pancreas,33405,16922,7757,2025,2549,4152,50.657087,23.221075,6.061967,7.630594,12.429277,7579,22.68822,7484,22.403832
word_0064.nii.gz,9,duodenum,41740,0,21491,2630,3316,14303,0.0,51.487782,6.30091,7.944418,34.26689,30601,73.313368,21491,51.487782
word_0064.nii.gz,10,colon,262585,0,236938,6700,5108,13839,0.0,90.232877,2.551555,1.945275,5.270293,237655,90.505931,236938,90.232877
word_0064.nii.gz,11,intestine,364681,0,296494,18287,9790,40110,0.0,81.302289,5.01452,2.684538,10.998654,296868,81.404844,296494,81.302289
word_0064.nii.gz,12,adrenal,5103,2314,1603,362,263,561,45.345875,31.412894,7.093866,5.153831,10.993533,1584,31.040564,1579,30.942583
word_0064.nii.gz,13,rectum,32302,0,20268,2143,1677,8214,0.0,62.745341,6.634264,5.191629,25.428766,26636,82.45929,20268,62.745341
word_0064.nii.gz,14,bladder,103292,0,97580,2148,1412,2152,0.0,94.470046,2.079541,1.366998,2.083414,97580,94.470046,97580,94.470046
word_0064.nii.gz,15,head_of_femur_left,64409,0,45358,12564,4351,2136,0.0,70.421835,19.506591,6.755267,3.316307,45358,70.421835,45358,70.421835
word_0064.nii.gz,16,head_of_femur_right,67539,0,56286,3088,2357,5808,0.0,83.338516,4.572173,3.489836,8.599476,56286,83.338516,56286,83.338516
word_0065.nii.gz,1,liver,537554,497514,15301,7318,7565,9856,92.551446,2.846412,1.361352,1.4073,1.83349,9837,1.829956,8219,1.528963
word_0065.nii.gz,2,spleen,48490,43808,2069,701,839,1073,90.344401,4.266859,1.445659,1.730254,2.212827,1839,3.792535,1786,3.683234
word_0065.nii.gz,3,left_kidney,68175,59050,5277,1411,688,1749,86.615328,7.740374,2.069674,1.009168,2.565457,4876,7.152182,4799,7.039237
word_0065.nii.gz,4,right_kidney,61193,22089,35294,1383,656,1771,36.097266,57.676532,2.260062,1.072018,2.894122,35127,57.403625,35082,57.330087
word_0065.nii.gz,5,stomach,336569,242374,79647,5020,3434,6094,72.013168,23.66439,1.491522,1.020296,1.810624,77959,23.162858,77461,23.014894
word_0065.nii.gz,6,gallbladder,7264,5191,1177,240,218,438,71.462004,16.203194,3.303965,3.001101,6.029736,1201,16.53359,1122,15.446035
word_0065.nii.gz,7,esophagus,4268,2463,1059,248,153,345,57.708529,24.812559,5.810684,3.584817,8.083411,1023,23.969072,1018,23.851921
word_0065.nii.gz,8,pancreas,29610,15053,7664,2259,1417,3217,50.837555,25.883148,7.629179,4.785545,10.864573,7935,26.798379,7055,23.82641
word_0065.nii.gz,9,duodenum,38341,0,23246,9328,2721,3046,0.0,60.629613,24.329047,7.096842,7.944498,23908,62.356224,23246,60.629613
word_0065.nii.gz,10,colon,237717,0,197209,17412,8743,14353,0.0,82.95957,7.324676,3.677903,6.037852,199317,83.846338,197209,82.95957
word_0065.nii.gz,11,intestine,434814,0,388324,20247,9533,16710,0.0,89.308072,4.656474,2.192432,3.843023,390251,89.75125,388324,89.308072
word_0065.nii.gz,12,adrenal,3125,740,1371,215,209,590,23.68,43.872,6.88,6.688,18.88,1391,44.512,1298,41.536
word_0065.nii.gz,13,rectum,27776,0,20093,2154,2283,3246,0.0,72.33943,7.754896,8.219326,11.686348,20357,73.289891,20093,72.33943
word_0065.nii.gz,14,bladder,185583,0,163794,11555,3778,6456,0.0,88.259162,6.226325,2.035747,3.478767,163803,88.264011,163794,88.259162
word_0065.nii.gz,15,head_of_femur_left,51553,0,38559,11029,1142,823,0.0,74.794871,21.393517,2.215196,1.596415,38559,74.794871,38559,74.794871
word_0065.nii.gz,16,head_of_femur_right,52315,0,49331,1154,939,891,0.0,94.296091,2.205868,1.794896,1.703144,49331,94.296091,49331,94.296091
word_0067.nii.gz,1,liver,477474,416413,21710,8911,13989,16451,87.21166,4.546844,1.86628,2.929793,3.445423,14340,3.003305,13326,2.790937
word_0067.nii.gz,2,spleen,125762,110147,2773,2237,5104,5501,87.58369,2.204959,1.778757,4.05846,4.374135,1726,1.372434,1665,1.323929
word_0067.nii.gz,3,left_kidney,73771,60488,5884,2015,1980,3404,81.99428,7.976034,2.731426,2.683982,4.614279,5451,7.389082,5448,7.385016
word_0067.nii.gz,4,right_kidney,67761,20217,41409,2056,1159,2920,29.835746,61.110373,3.034194,1.710423,4.309263,41208,60.813742,41116,60.677971
word_0067.nii.gz,5,stomach,180193,150579,13644,4687,4506,6777,83.565399,7.571881,2.6011,2.500652,3.760967,13174,7.31105,12362,6.860422
word_0067.nii.gz,6,gallbladder,3131,1679,748,304,233,167,53.62504,23.890131,9.709358,7.441712,5.333759,723,23.091664,668,21.335037
word_0067.nii.gz,7,esophagus,6692,4781,732,257,327,595,71.443515,10.938434,3.840406,4.886432,8.891213,585,8.741781,557,8.323371
word_0067.nii.gz,8,pancreas,31882,20208,5029,1974,1598,3073,63.383727,15.773791,6.191581,5.012233,9.638668,5021,15.748698,4833,15.159024
word_0067.nii.gz,9,duodenum,31943,0,21686,1903,1990,6364,0.0,67.889678,5.957487,6.229847,19.922988,22605,70.766678,21686,67.889678
word_0067.nii.gz,10,colon,317261,0,234960,40773,13604,27924,0.0,74.058898,12.851564,4.287952,8.801586,238902,75.301408,234960,74.058898
word_0067.nii.gz,11,intestine,454097,0,398010,18867,9292,27928,0.0,87.648674,4.154839,2.046259,6.150228,398588,87.77596,398010,87.648674
word_0067.nii.gz,12,adrenal,2994,1308,519,234,276,657,43.687375,17.334669,7.815631,9.218437,21.943888,488,16.299265,476,15.898464
word_0067.nii.gz,13,rectum,21585,0,14889,2437,1293,2966,0.0,68.978457,11.290248,5.990271,13.741024,15160,70.233959,14889,68.978457
word_0067.nii.gz,14,bladder,90999,0,62238,18925,3093,6743,0.0,68.394158,20.796932,3.398938,7.409972,62269,68.428224,62238,68.394158
word_0067.nii.gz,15,head_of_femur_left,59164,0,41811,10654,2802,3897,0.0,70.669664,18.007572,4.735988,6.586776,41811,70.669664,41811,70.669664
word_0067.nii.gz,16,head_of_femur_right,58776,0,49352,2180,2190,5054,0.0,83.966245,3.708997,3.726011,8.598748,49352,83.966245,49352,83.966245
word_0068.nii.gz,1,liver,369967,353060,4933,3233,4190,4551,95.430133,1.333362,0.873862,1.132533,1.23011,1922,0.519506,1225,0.331111
word_0068.nii.gz,2,spleen,77682,72347,1006,923,1771,1635,93.132257,1.295023,1.188177,2.279807,2.104735,560,0.720888,465,0.598594
word_0068.nii.gz,3,left_kidney,37588,33602,1942,461,480,1103,89.395552,5.166543,1.226455,1.277003,2.934447,1877,4.993615,1877,4.993615
word_0068.nii.gz,4,right_kidney,33840,30190,1904,632,278,836,89.213948,5.626478,1.867612,0.821513,2.470449,1805,5.333924,1805,5.333924
word_0068.nii.gz,5,stomach,95637,82585,4467,1971,1910,4704,86.352562,4.670786,2.060918,1.997135,4.918598,4051,4.235808,3627,3.792465
word_0068.nii.gz,6,gallbladder,1769,1303,189,49,87,141,73.657434,10.684002,2.769927,4.918033,7.970605,181,10.231769,179,10.118711
word_0068.nii.gz,7,esophagus,4492,3076,396,281,207,532,68.477293,8.815672,6.255565,4.608192,11.843277,238,5.298308,105,2.337489
word_0068.nii.gz,8,pancreas,35209,20848,7158,1549,1907,3747,59.212133,20.330029,4.399443,5.416229,10.642165,8088,22.971399,6862,19.489335
word_0068.nii.gz,9,duodenum,17360,0,14855,595,408,1502,0.0,85.570276,3.427419,2.35023,8.652074,14899,85.823733,14855,85.570276
word_0068.nii.gz,10,colon,102594,0,42570,10134,10129,39761,0.0,41.493655,9.877771,9.872897,38.755678,63766,62.153732,42570,41.493655
word_0068.nii.gz,11,intestine,241156,0,213185,12129,5846,9996,0.0,88.401284,5.029524,2.424157,4.145035,214965,89.139395,213185,88.401284
word_0068.nii.gz,12,adrenal,2797,1548,351,213,202,483,55.345013,12.54916,7.615302,7.222024,17.268502,321,11.476582,309,11.047551
word_0068.nii.gz,13,rectum,7940,0,3204,1884,700,2152,0.0,40.352645,23.72796,8.816121,27.103275,3204,40.352645,3204,40.352645
word_0068.nii.gz,14,bladder,35598,0,32299,1705,733,861,0.0,90.732625,4.789595,2.059104,2.418675,32375,90.946121,32299,90.732625
word_0068.nii.gz,15,head_of_femur_left,49052,0,37615,9179,1296,962,0.0,76.683927,18.712795,2.642094,1.961184,37615,76.683927,37615,76.683927
word_0068.nii.gz,16,head_of_femur_right,48205,0,45796,905,799,705,0.0,95.002593,1.877399,1.657504,1.462504,45796,95.002593,45796,95.002593
word_0070.nii.gz,1,liver,456808,414936,15165,7023,6833,12851,90.833786,3.319775,1.537407,1.495814,2.813217,11513,2.520315,9922,2.172029
word_0070.nii.gz,2,spleen,65073,56945,1951,1286,1813,3078,87.509413,2.998171,1.976242,2.786102,4.730072,1328,2.040785,1213,1.86406
word_0070.nii.gz,3,left_kidney,70666,27917,30091,3365,2256,7037,39.505561,42.582005,4.761837,3.192483,9.958113,29946,42.376815,29705,42.035774
word_0070.nii.gz,4,right_kidney,58836,41189,7023,2272,1555,6797,70.006459,11.936569,3.861581,2.64294,11.552451,6858,11.656129,6848,11.639133
word_0070.nii.gz,5,stomach,203301,88070,85364,5434,5311,19122,43.320003,41.988972,2.672884,2.612383,9.405758,85811,42.208843,84682,41.653509
word_0070.nii.gz,6,gallbladder,2058,1219,394,107,137,201,59.232264,19.144801,5.199223,6.656948,9.766764,412,20.019436,382,18.56171
word_0070.nii.gz,7,esophagus,4477,2756,951,135,216,419,61.55908,21.241903,3.015412,4.824659,9.358946,958,21.398258,920,20.549475
word_0070.nii.gz,8,pancreas,42519,5916,24656,2822,1888,7237,13.91378,57.988194,6.637033,4.440368,17.020626,25176,59.211176,24507,57.637762
word_0070.nii.gz,9,duodenum,27685,0,18621,1654,1401,6009,0.0,67.260249,5.974354,5.060502,21.704894,20957,75.698031,18621,67.260249
word_0070.nii.gz,10,colon,282221,0,238123,14961,9250,19887,0.0,84.374657,5.301165,3.277573,7.046605,242287,85.850096,238123,84.374657
word_0070.nii.gz,11,intestine,492514,0,320442,36265,34668,101139,0.0,65.062516,7.363242,7.038988,20.535254,376311,76.406153,320442,65.062516
word_0070.nii.gz,12,adrenal,7641,952,1582,489,555,4063,12.459102,20.704096,6.399686,7.263447,53.173668,1588,20.78262,1536,20.102081
word_0070.nii.gz,13,rectum,31345,0,15376,1993,2315,11661,0.0,49.054076,6.358271,7.385548,37.202106,21175,67.554634,15376,49.054076
word_0070.nii.gz,14,bladder,168213,0,127628,28147,3774,8664,0.0,75.872852,16.732952,2.243584,5.150613,128165,76.19209,127628,75.872852
word_0070.nii.gz,15,head_of_femur_left,58012,0,34634,16963,3314,3101,0.0,59.701441,29.240502,5.712611,5.345446,34634,59.701441,34634,59.701441
word_0070.nii.gz,16,head_of_femur_right,59292,0,51640,2932,1477,3243,0.0,87.09438,4.945018,2.491061,5.469541,51640,87.09438,51640,87.09438
word_0071.nii.gz,1,liver,376045,355438,6790,4442,5197,4178,94.520071,1.805635,1.181242,1.382015,1.111037,3538,0.940845,2970,0.789799
word_0071.nii.gz,2,spleen,82862,77567,1425,888,1662,1320,93.609857,1.719727,1.071661,2.005744,1.59301,954,1.151312,822,0.992011
word_0071.nii.gz,3,left_kidney,21825,17531,3003,487,293,511,80.325315,13.75945,2.231386,1.342497,2.341352,2723,12.476518,2723,12.476518
word_0071.nii.gz,4,right_kidney,58804,54429,2148,944,461,822,92.56003,3.652813,1.605333,0.78396,1.397864,1855,3.154547,1825,3.10353
word_0071.nii.gz,5,stomach,135013,116959,10929,2091,2120,2914,86.627954,8.094776,1.54874,1.570219,2.158311,10766,7.974047,10554,7.817025
word_0071.nii.gz,6,gallbladder,5430,4605,276,135,123,291,84.80663,5.082873,2.486188,2.265193,5.359116,212,3.904236,190,3.499079
word_0071.nii.gz,7,esophagus,7061,5709,755,203,190,204,80.85257,10.692536,2.874947,2.690837,2.889109,674,9.54539,613,8.68149
word_0071.nii.gz,8,pancreas,32749,20957,7266,1419,1146,1961,63.992794,22.186937,4.332957,3.499343,5.987969,7135,21.786925,6559,20.028092
word_0071.nii.gz,9,duodenum,22107,0,16703,2734,1096,1574,0.0,75.555254,12.367124,4.957706,7.119917,17231,77.943638,16703,75.555254
word_0071.nii.gz,10,colon,262939,0,231444,9911,6122,15462,0.0,88.021937,3.769315,2.328297,5.880451,237250,90.230053,231444,88.021937
word_0071.nii.gz,11,intestine,368790,0,305509,26095,9695,27491,0.0,82.840912,7.075843,2.628867,7.454378,310415,84.171209,305509,82.840912
word_0071.nii.gz,12,adrenal,3654,1920,661,227,243,603,52.545156,18.089765,6.21237,6.650246,16.502463,581,15.900383,540,14.778325
word_0071.nii.gz,13,rectum,32662,0,16701,3490,4367,8104,0.0,51.132815,10.6852,13.370277,24.811708,16701,51.132815,16701,51.132815
word_0071.nii.gz,14,bladder,106433,0,46492,32034,18280,9627,0.0,43.681941,30.097808,17.175124,9.045127,47417,44.551032,46492,43.681941
word_0071.nii.gz,15,head_of_femur_left,60920,0,40807,15754,2391,1968,0.0,66.98457,25.860144,3.924819,3.230466,40807,66.98457,40807,66.98457
word_0071.nii.gz,16,head_of_femur_right,63312,0,55547,2397,2231,3137,0.0,87.735342,3.786012,3.523819,4.954827,55547,87.735342,55547,87.735342
word_0072.nii.gz,1,liver,619137,580100,16266,7074,6838,8859,93.694933,2.627205,1.142558,1.104441,1.430863,11969,1.933175,10761,1.738064
word_0072.nii.gz,2,spleen,177472,156814,11383,1837,2488,4950,88.359854,6.41397,1.035093,1.401911,2.789172,10844,6.11026,10418,5.870222
word_0072.nii.gz,3,left_kidney,67855,62131,2185,846,502,2191,91.564365,3.220102,1.246776,0.739813,3.228944,1890,2.785351,1853,2.730823
word_0072.nii.gz,4,right_kidney,68078,62905,2637,765,298,1473,92.401363,3.873498,1.123711,0.437733,2.163695,2533,3.720732,2436,3.578248
word_0072.nii.gz,5,stomach,72109,62091,3624,1738,1925,2731,86.107143,5.025725,2.41024,2.66957,3.787322,2988,4.143727,2540,3.522445
word_0072.nii.gz,6,gallbladder,1827,1263,216,52,77,219,69.129721,11.82266,2.846196,4.214559,11.986864,189,10.344828,185,10.125889
word_0072.nii.gz,7,esophagus,5200,370,2385,496,467,1482,7.115385,45.865385,9.538462,8.980769,28.5,2358,45.346154,2331,44.826923
word_0072.nii.gz,8,pancreas,27143,17956,5164,980,861,2182,66.153336,19.025163,3.610507,3.172089,8.038905,5511,20.303577,4822,17.76517
word_0072.nii.gz,9,duodenum,45150,0,30621,4798,2724,7007,0.0,67.820598,10.6268,6.033223,15.51938,32981,73.047619,30621,67.820598
word_0072.nii.gz,10,colon,244722,0,196639,14667,12346,21070,0.0,80.351991,5.993331,5.044908,8.609769,202902,82.911222,196639,80.351991
word_0072.nii.gz,11,intestine,310617,0,271276,12770,7103,19468,0.0,87.334563,4.111172,2.286739,6.267526,272685,87.788176,271276,87.334563
word_0072.nii.gz,12,adrenal,3322,761,809,218,346,1188,22.907887,24.3528,6.562312,10.415412,35.761589,855,25.737508,788,23.72065
word_0072.nii.gz,13,rectum,33218,0,20711,5009,2081,5417,0.0,62.348727,15.079174,6.264676,16.307424,21815,65.672226,20711,62.348727
word_0072.nii.gz,14,bladder,22502,0,19643,597,609,1653,0.0,87.294463,2.653098,2.706426,7.346014,19903,88.449916,19643,87.294463
word_0072.nii.gz,15,head_of_femur_left,42016,0,28132,9510,1685,2689,0.0,66.955446,22.634235,4.010377,6.399943,28132,66.955446,28132,66.955446
word_0072.nii.gz,16,head_of_femur_right,46551,0,39677,2371,1493,3010,0.0,85.2334,5.093338,3.207235,6.466027,39677,85.2334,39677,85.2334
word_0073.nii.gz,1,liver,618278,557262,16068,8384,12839,23725,90.1313,2.598831,1.356024,2.076574,3.837271,5890,0.952646,4645,0.75128
word_0073.nii.gz,2,spleen,39335,33056,970,752,2267,2290,84.037117,2.465997,1.911783,5.763315,5.821787,591,1.502479,536,1.362654
word_0073.nii.gz,3,left_kidney,81855,67535,6168,1982,1300,4870,82.50565,7.535276,2.421355,1.588174,5.949545,5132,6.269623,5130,6.26718
word_0073.nii.gz,4,right_kidney,81081,68596,4520,2002,960,5003,84.601818,5.574672,2.469136,1.184001,6.170373,4392,5.416805,4360,5.377339
word_0073.nii.gz,5,stomach,432665,250295,151623,9448,9376,11923,57.849607,35.043972,2.183676,2.167035,2.755712,151691,35.059688,150931,34.884033
word_0073.nii.gz,6,gallbladder,4303,2882,616,250,152,403,66.976528,14.315594,5.8099,3.532419,9.365559,492,11.433883,478,11.108529
word_0073.nii.gz,7,esophagus,8501,5844,1401,359,291,606,68.744854,16.480414,4.223033,3.423127,7.128573,1278,15.033525,1213,14.26891
word_0073.nii.gz,8,pancreas,37364,23259,7253,1437,1596,3819,62.249759,19.411733,3.845948,4.271491,10.221068,7165,19.176212,6794,18.183278
word_0073.nii.gz,9,duodenum,29110,0,20442,1876,1171,5621,0.0,70.223291,6.444521,4.022673,19.309516,22230,76.36551,20442,70.223291
word_0073.nii.gz,10,colon,355127,0,319774,9454,7680,18219,0.0,90.04497,2.662146,2.162607,5.130277,321415,90.507058,319774,90.04497
word_0073.nii.gz,11,intestine,484838,0,418273,19011,10944,36610,0.0,86.270672,3.921104,2.257249,7.550976,421285,86.89191,418273,86.270672
word_0073.nii.gz,12,adrenal,5625,2298,776,393,489,1669,40.853333,13.795556,6.986667,8.693333,29.671111,744,13.226667,702,12.48
word_0073.nii.gz,13,rectum,20383,0,16217,1518,756,1892,0.0,79.561399,7.447383,3.708973,9.282245,16300,79.968601,16217,79.561399
word_0073.nii.gz,14,bladder,139312,0,126103,5889,2283,5037,0.0,90.518405,4.227202,1.638768,3.615625,126253,90.626077,126103,90.518405
word_0073.nii.gz,15,head_of_femur_left,56764,0,38581,9974,2835,5374,0.0,67.967374,17.570996,4.994363,9.467268,38581,67.967374,38581,67.967374
word_0073.nii.gz,16,head_of_femur_right,58453,0,49101,2599,1640,5113,0.0,84.000821,4.446307,2.805673,8.747199,49101,84.000821,49101,84.000821
word_0078.nii.gz,1,liver,442113,389768,10563,7326,9394,25062,88.160267,2.389208,1.657042,2.124796,5.668687,9050,2.046988,4923,1.113516
word_0078.nii.gz,2,spleen,78997,70211,1944,1098,1947,3797,88.878059,2.460853,1.389926,2.464651,4.806512,1660,2.101346,1490,1.886148
word_0078.nii.gz,3,left_kidney,56039,42922,6208,2019,1076,3814,76.593087,11.077999,3.602848,1.920091,6.805974,5470,9.761059,5443,9.712879
word_0078.nii.gz,4,right_kidney,55826,43036,5903,1609,1079,4199,77.089528,10.573926,2.88217,1.932791,7.521585,5941,10.641995,5842,10.464658
word_0078.nii.gz,5,stomach,151356,114688,21843,4051,3078,7696,75.773673,14.431539,2.676471,2.033616,5.084701,22203,14.669389,20695,13.673062
word_0078.nii.gz,6,gallbladder,194,0,36,41,29,88,0.0,18.556701,21.134021,14.948454,45.360825,36,18.556701,36,18.556701
word_0078.nii.gz,7,esophagus,3628,2496,308,146,134,544,68.798236,8.489526,4.024256,3.693495,14.994487,266,7.331863,241,6.642778
word_0078.nii.gz,8,pancreas,26777,14245,4113,1392,1624,5403,53.198641,15.360197,5.198491,6.064906,20.177764,5580,20.83878,3401,12.701199
word_0078.nii.gz,9,duodenum,36278,0,15232,2582,10788,7676,0.0,41.986879,7.117261,29.737031,21.158829,15858,43.712443,15232,41.986879
word_0078.nii.gz,10,colon,539063,0,324149,44217,37729,132968,0.0,60.131933,8.202566,6.998996,24.666505,406713,75.448139,324149,60.131933
word_0078.nii.gz,11,intestine,383338,0,320218,20300,11897,30923,0.0,83.534113,5.295588,3.103527,8.066771,325366,84.877054,320218,83.534113
word_0078.nii.gz,12,adrenal,3324,1659,524,264,287,590,49.909747,15.76414,7.942238,8.634176,17.749699,457,13.748496,427,12.845969
word_0078.nii.gz,13,rectum,20814,0,9700,1847,1960,7307,0.0,46.603248,8.873835,9.416739,35.106179,11942,57.374844,9700,46.603248
word_0078.nii.gz,14,bladder,63088,0,55475,2337,969,4307,0.0,87.932729,3.704349,1.53595,6.826972,55475,87.932729,55475,87.932729
word_0078.nii.gz,15,head_of_femur_left,62098,0,40325,11835,3864,6074,0.0,64.937679,19.058585,6.222423,9.781313,40325,64.937679,40325,64.937679
word_0078.nii.gz,16,head_of_femur_right,60715,0,50754,2142,1904,5915,0.0,83.59384,3.527958,3.135963,9.742238,50754,83.59384,50754,83.59384
word_0079.nii.gz,1,liver,469665,388401,18068,9724,16104,37368,82.697455,3.846997,2.070412,3.428827,7.956309,10503,2.236275,4625,0.984744
word_0079.nii.gz,2,spleen,54930,43025,1976,1479,1945,6505,78.326962,3.597306,2.692518,3.54087,11.842345,1533,2.790825,1096,1.995267
word_0079.nii.gz,3,left_kidney,53863,43032,3681,1679,1076,4395,79.891577,6.834005,3.117168,1.997661,8.15959,2730,5.068414,2718,5.046136
word_0079.nii.gz,4,right_kidney,46006,36439,2816,1497,987,4267,79.204886,6.120941,3.253923,2.145372,9.274877,2491,5.414511,2319,5.040647
word_0079.nii.gz,5,stomach,88265,26904,46791,2038,2953,9579,30.480938,53.011953,2.308956,3.345607,10.852546,47395,53.696256,46474,52.652807
word_0079.nii.gz,6,gallbladder,4776,2742,622,262,226,924,57.41206,13.023451,5.485762,4.731993,19.346734,717,15.012563,465,9.736181
word_0079.nii.gz,7,esophagus,2477,1294,283,142,146,612,52.240614,11.425111,5.732741,5.894227,24.707307,275,11.10214,266,10.738797
word_0079.nii.gz,8,pancreas,39231,13559,15930,2084,2122,5536,34.561954,40.605643,5.312126,5.408988,14.11129,16954,43.215824,15680,39.968392
word_0079.nii.gz,9,duodenum,23434,0,11714,1936,4460,5324,0.0,49.987198,8.2615,19.032175,22.719126,13598,58.026799,11714,49.987198
word_0079.nii.gz,10,colon,184761,0,112236,11225,13566,47734,0.0,60.746586,6.075416,7.342459,25.835539,136073,73.648118,112236,60.746586
word_0079.nii.gz,11,intestine,385665,0,295335,21308,14083,54939,0.0,76.578118,5.525002,3.651615,14.245265,304022,78.830591,295335,76.578118
word_0079.nii.gz,12,adrenal,3494,1706,317,325,307,839,48.82656,9.072696,9.30166,8.786491,24.012593,478,13.680595,229,6.554093
word_0079.nii.gz,13,rectum,19224,0,15434,1333,604,1853,0.0,80.28506,6.934041,3.141906,9.638993,15499,80.623179,15434,80.28506
word_0079.nii.gz,14,bladder,39000,0,34309,1111,914,2666,0.0,87.971795,2.848718,2.34359,6.835897,34408,88.225641,34309,87.971795
word_0079.nii.gz,15,head_of_femur_left,64415,0,36965,14905,4288,8257,0.0,57.385702,23.13902,6.656835,12.818443,36965,57.385702,36965,57.385702
word_0079.nii.gz,16,head_of_femur_right,66230,0,50967,2784,3968,8511,0.0,76.954552,4.203533,5.991243,12.850672,50967,76.954552,50967,76.954552
word_0081.nii.gz,1,liver,443654,399027,15395,6731,9121,13380,89.941035,3.470046,1.517173,2.055881,3.015864,12038,2.713376,10348,2.332448
word_0081.nii.gz,2,spleen,89395,76428,2692,1822,3580,4873,85.494714,3.011354,2.038145,4.004698,5.451088,1561,1.746183,1328,1.485542
word_0081.nii.gz,3,left_kidney,44173,38453,2202,947,651,1920,87.050913,4.984946,2.143844,1.473751,4.346547,2142,4.849116,2127,4.815159
word_0081.nii.gz,4,right_kidney,36148,30836,2655,746,456,1455,85.304858,7.344805,2.063738,1.261481,4.025119,2594,7.176054,2590,7.164988
word_0081.nii.gz,5,stomach,86087,45818,31758,1914,1823,4774,53.222902,36.890587,2.223332,2.117625,5.545553,31482,36.569982,31413,36.48983
word_0081.nii.gz,6,gallbladder,12862,9415,1065,419,392,1571,73.200124,8.280205,3.257658,3.047738,12.214275,981,7.627119,718,5.582336
word_0081.nii.gz,7,esophagus,4360,1632,1118,454,447,709,37.431193,25.642202,10.412844,10.252294,16.261468,1071,24.56422,1050,24.082569
word_0081.nii.gz,8,pancreas,18648,10168,4832,1130,822,1696,54.525955,25.911626,6.059631,4.407979,9.094809,4941,26.496139,4607,24.705062
word_0081.nii.gz,9,duodenum,27808,0,14296,5528,1668,6316,0.0,51.409666,19.879171,5.998274,22.712888,15923,57.260501,14296,51.409666
word_0081.nii.gz,10,colon,233646,0,187301,13049,14059,19237,0.0,80.164437,5.584945,6.017223,8.233396,195213,83.550756,187301,80.164437
word_0081.nii.gz,11,intestine,269430,0,204391,38900,8288,17851,0.0,75.86052,14.437887,3.076124,6.625469,207751,77.107598,204391,75.86052
word_0081.nii.gz,12,adrenal,3675,1212,1142,249,285,787,32.979592,31.07483,6.77551,7.755102,21.414966,1147,31.210884,1125,30.612245
word_0081.nii.gz,13,rectum,19348,0,15816,1386,979,1167,0.0,81.744883,7.163531,5.059955,6.031631,15816,81.744883,15816,81.744883
word_0081.nii.gz,14,bladder,90074,0,80805,3444,1594,4231,0.0,89.709572,3.823523,1.769656,4.697249,80909,89.825033,80805,89.709572
word_0081.nii.gz,15,head_of_femur_left,33847,0,26326,4530,916,2075,0.0,77.779419,13.383756,2.706296,6.130529,26326,77.779419,26326,77.779419
word_0081.nii.gz,16,head_of_femur_right,36047,0,32851,599,541,2056,0.0,91.133798,1.661719,1.500818,5.703665,32851,91.133798,32851,91.133798
word_0082.nii.gz,1,liver,489672,443068,14514,6500,11029,14561,90.482609,2.964025,1.327419,2.252324,2.973623,11442,2.336666,9415,1.922716
word_0082.nii.gz,2,spleen,77291,69297,1745,1344,2012,2893,89.657269,2.257701,1.738883,2.603149,3.742997,1340,1.733708,1212,1.5681
word_0082.nii.gz,3,left_kidney,59845,49296,5774,1992,823,1960,82.372796,9.648258,3.328599,1.375219,3.275127,3760,6.282897,3743,6.254491
word_0082.nii.gz,4,right_kidney,48887,43670,2214,980,558,1465,89.328451,4.528811,2.004623,1.141408,2.996707,1717,3.512181,1704,3.485589
word_0082.nii.gz,5,stomach,39860,36001,1753,510,468,1128,90.318615,4.397893,1.279478,1.174109,2.829905,1700,4.264927,1675,4.202208
word_0082.nii.gz,6,gallbladder,5988,3941,634,237,173,1003,65.814963,10.587842,3.957916,2.889112,16.750167,501,8.366733,475,7.932532
word_0082.nii.gz,7,esophagus,6847,3773,1299,390,365,1020,55.104425,18.971812,5.695925,5.330802,14.897035,1225,17.891047,976,14.254418
word_0082.nii.gz,8,pancreas,16326,9549,3278,700,653,2146,58.489526,20.078403,4.287639,3.999755,13.144677,3548,21.732206,3199,19.594512
word_0082.nii.gz,9,duodenum,34598,0,14696,3243,2796,13863,0.0,42.476444,9.373374,8.081392,40.06879,16935,48.947916,14696,42.476444
word_0082.nii.gz,10,colon,122566,0,85797,6497,5148,25124,0.0,70.000653,5.300818,4.200186,20.498344,101820,83.073609,85797,70.000653
word_0082.nii.gz,11,intestine,268348,0,209863,13415,10188,34882,0.0,78.205539,4.999106,3.796563,12.998793,219538,81.810932,209863,78.205539
word_0082.nii.gz,12,adrenal,3127,1048,1197,178,191,513,33.514551,38.279501,5.692357,6.108091,16.4055,1206,38.567317,1184,37.863767
word_0082.nii.gz,13,rectum,28246,0,18189,1877,887,7293,0.0,64.394959,6.645189,3.140268,25.819585,22804,80.733555,18189,64.394959
word_0082.nii.gz,14,bladder,95726,0,85199,2733,2444,5350,0.0,89.002988,2.855024,2.55312,5.588868,85291,89.099095,85199,89.002988
word_0082.nii.gz,15,head_of_femur_left,37711,0,26856,6343,1333,3179,0.0,71.215295,16.820026,3.534778,8.429901,26856,71.215295,26856,71.215295
word_0082.nii.gz,16,head_of_femur_right,37956,0,31794,1202,704,4256,0.0,83.765413,3.166825,1.854779,11.212983,31794,83.765413,31794,83.765413
word_0084.nii.gz,1,liver,482377,440800,11365,6912,11844,11456,91.380808,2.356041,1.432904,2.455341,2.374906,5191,1.076129,4601,0.953818
word_0084.nii.gz,2,spleen,68882,61172,1561,1068,2673,2408,88.806945,2.266194,1.550478,3.880549,3.495833,1129,1.639035,1076,1.562092
word_0084.nii.gz,3,left_kidney,70233,58641,5586,1335,848,3823,83.494938,7.953526,1.900816,1.20741,5.44331,5492,7.819686,5437,7.741375
word_0084.nii.gz,4,right_kidney,65997,52611,8061,1573,812,2940,79.71726,12.214192,2.383442,1.230359,4.454748,7955,12.053578,7941,12.032365
word_0084.nii.gz,5,stomach,222458,177066,12585,4845,8048,19914,79.595249,5.657248,2.177939,3.617762,8.951802,11790,5.299877,10999,4.944304
word_0084.nii.gz,6,gallbladder,9565,6833,822,312,260,1338,71.437533,8.593832,3.261892,2.718244,13.9885,510,5.331939,454,4.746472
word_0084.nii.gz,7,esophagus,3926,2662,508,141,196,419,67.804381,12.939379,3.591442,4.992359,10.67244,500,12.735609,497,12.659195
word_0084.nii.gz,8,pancreas,39039,16618,12875,1916,2655,4975,42.567689,32.979841,4.907913,6.800891,12.743667,13810,35.374882,12778,32.731371
word_0084.nii.gz,9,duodenum,62210,0,20288,3191,10763,27968,0.0,32.61212,5.1294,17.301077,44.957402,24866,39.971066,20288,32.61212
word_0084.nii.gz,10,colon,143104,0,110750,10037,6050,16267,0.0,77.391268,7.01378,4.227695,11.367257,114429,79.962125,110750,77.391268
word_0084.nii.gz,11,intestine,355868,0,315268,10682,6519,23399,0.0,88.591275,3.001675,1.831859,6.575191,315344,88.612632,315268,88.591275
word_0084.nii.gz,12,adrenal,8215,2024,1075,373,799,3944,24.637858,13.085819,4.540475,9.726111,48.009738,1141,13.889227,1056,12.854534
word_0084.nii.gz,13,rectum,25130,0,14141,1627,1743,7619,0.0,56.271389,6.474333,6.935933,30.318345,15148,60.278552,14141,56.271389
word_0084.nii.gz,14,bladder,39801,0,34117,1105,856,3723,0.0,85.718952,2.776312,2.1507,9.354036,34132,85.756639,34117,85.718952
word_0084.nii.gz,15,head_of_femur_left,58646,0,36705,13727,3952,4262,0.0,62.587389,23.406541,6.738738,7.267333,36705,62.587389,36705,62.587389
word_0084.nii.gz,16,head_of_femur_right,59891,0,50498,2605,1825,4963,0.0,84.316508,4.349568,3.047202,8.286721,50498,84.316508,50498,84.316508
word_0086.nii.gz,1,liver,442512,418155,9067,4058,4948,6284,94.495742,2.048984,0.917037,1.118162,1.420074,5691,1.286067,5109,1.154545
word_0086.nii.gz,2,spleen,63155,58819,1157,819,1380,980,93.134352,1.832001,1.296809,2.1851,1.551738,661,1.046631,557,0.881957
word_0086.nii.gz,3,left_kidney,49461,43581,3332,852,585,1111,88.111846,6.736621,1.722569,1.18275,2.246214,3111,6.289804,3110,6.287782
word_0086.nii.gz,4,right_kidney,48464,43600,1772,1130,476,1486,89.963684,3.656322,2.331628,0.982172,3.066193,1551,3.200314,1508,3.111588
word_0086.nii.gz,5,stomach,117617,37687,66716,4302,3201,5711,32.042137,56.723093,3.657635,2.721545,4.855591,66674,56.687384,66382,56.43912
word_0086.nii.gz,6,gallbladder,3478,2720,329,117,79,233,78.205865,9.459459,3.364002,2.27142,6.699252,258,7.418056,250,7.188039
word_0086.nii.gz,7,esophagus,3455,1225,1250,319,291,370,35.455861,36.17945,9.232996,8.422576,10.709117,1167,33.777135,1158,33.516643
word_0086.nii.gz,8,pancreas,14072,7957,3167,1022,742,1184,56.544912,22.505685,7.262649,5.272882,8.413872,3023,21.482376,2871,20.402217
word_0086.nii.gz,9,duodenum,7760,0,6138,653,275,694,0.0,79.097938,8.414948,3.543814,8.943299,6205,79.96134,6138,79.097938
word_0086.nii.gz,10,colon,486250,0,393620,34927,21907,35796,0.0,80.950129,7.182931,4.505296,7.361645,406739,83.648123,393620,80.950129
word_0086.nii.gz,11,intestine,371804,0,276682,53705,16061,25356,0.0,74.41609,14.444438,4.319749,6.819722,281668,75.757119,276682,74.41609
word_0086.nii.gz,12,adrenal,3058,844,1315,232,219,448,27.599738,43.001962,7.586658,7.161543,14.650098,1359,44.440811,1274,41.661216
word_0086.nii.gz,13,rectum,14290,0,10232,1438,1137,1483,0.0,71.602519,10.062981,7.956613,10.377887,10477,73.317005,10232,71.602519
word_0086.nii.gz,14,bladder,69824,0,65447,1434,1036,1907,0.0,93.731382,2.053735,1.483731,2.731153,65447,93.731382,65447,93.731382
word_0086.nii.gz,15,head_of_femur_left,34949,0,26526,6886,925,612,0.0,75.899167,19.702996,2.646714,1.751123,26526,75.899167,26526,75.899167
word_0086.nii.gz,16,head_of_femur_right,35185,0,33934,509,354,388,0.0,96.444508,1.446639,1.006111,1.102743,33934,96.444508,33934,96.444508
word_0087.nii.gz,1,liver,357823,333009,8849,5009,5584,5372,93.065286,2.47301,1.399854,1.560548,1.501301,3953,1.104736,3442,0.961928
word_0087.nii.gz,2,spleen,70094,60572,2174,1940,2572,2836,86.415385,3.101549,2.767712,3.669358,4.045995,1104,1.575028,967,1.379576
word_0087.nii.gz,3,left_kidney,46406,38497,3722,1323,1357,1507,82.956945,8.020515,2.850924,2.924191,3.247425,3588,7.731759,3586,7.727449
word_0087.nii.gz,4,right_kidney,48061,8164,35728,1506,1110,1553,16.986746,74.338861,3.133518,2.309565,3.23131,35696,74.272279,35696,74.272279
word_0087.nii.gz,5,stomach,47247,28396,12364,1397,1846,3244,60.10117,26.168857,2.956801,3.907126,6.866044,12236,25.897941,12067,25.540246
word_0087.nii.gz,6,gallbladder,9323,6242,1841,278,281,681,66.952698,19.746863,2.981873,3.014051,7.304516,1759,18.867317,1729,18.545533
word_0087.nii.gz,7,esophagus,3065,2275,386,121,120,163,74.225122,12.593801,3.947798,3.915171,5.318108,270,8.809135,244,7.960848
word_0087.nii.gz,8,pancreas,24766,14444,4613,1684,1588,2437,58.321893,18.626343,6.799645,6.412016,9.840103,3881,15.670678,3713,14.992328
word_0087.nii.gz,9,duodenum,20842,0,10277,6637,1964,1964,0.0,49.309087,31.844353,9.42328,9.42328,10685,51.266673,10277,49.309087
word_0087.nii.gz,10,colon,406409,0,341537,20842,15739,28291,0.0,84.037755,5.128331,3.8727,6.961214,342594,84.297838,341537,84.037755
word_0087.nii.gz,11,intestine,295230,0,245571,20957,9916,18786,0.0,83.179555,7.098533,3.358737,6.363174,247413,83.803475,245571,83.179555
word_0087.nii.gz,12,adrenal,3307,944,1335,256,341,431,28.54551,40.368914,7.741155,10.311461,13.03296,1328,40.157242,1320,39.915331
word_0087.nii.gz,13,rectum,12573,0,7756,1570,1548,1699,0.0,61.687744,12.487075,12.312097,13.513084,7756,61.687744,7756,61.687744
word_0087.nii.gz,14,bladder,55819,0,52559,877,609,1774,0.0,94.159695,1.57115,1.091026,3.178129,52559,94.159695,52559,94.159695
word_0087.nii.gz,15,head_of_femur_left,36171,0,22591,9433,1894,2253,0.0,62.456111,26.078903,5.236239,6.228747,22591,62.456111,22591,62.456111
word_0087.nii.gz,16,head_of_femur_right,37450,0,31972,2469,925,2084,0.0,85.372497,6.59279,2.46996,5.564753,31972,85.372497,31972,85.372497
word_0089.nii.gz,1,liver,436564,399346,11638,6017,7082,12481,91.474789,2.665818,1.378263,1.622213,2.858916,8069,1.848297,6134,1.405063
word_0089.nii.gz,2,spleen,49476,45760,853,879,1129,855,92.489288,1.724068,1.776619,2.281914,1.728111,587,1.186434,545,1.101544
word_0089.nii.gz,3,left_kidney,53887,47729,1671,841,1263,2383,88.572383,3.100933,1.560673,2.343793,4.422217,1508,2.798449,1496,2.77618
word_0089.nii.gz,4,right_kidney,55468,49074,1738,1118,687,2851,88.472633,3.133338,2.015577,1.238552,5.1399,1414,2.549218,1327,2.39237
word_0089.nii.gz,5,stomach,144823,102646,29489,2940,4190,5558,70.876863,20.362097,2.030064,2.893187,3.837788,29200,20.162543,28862,19.929155
word_0089.nii.gz,6,gallbladder,17911,14504,798,467,506,1636,80.97817,4.455363,2.607336,2.82508,9.134052,619,3.455977,442,2.467757
word_0089.nii.gz,7,esophagus,5046,3371,364,196,265,850,66.80539,7.213635,3.884265,5.251685,16.845026,180,3.567182,98,1.942132
word_0089.nii.gz,8,pancreas,31368,17091,7529,1445,1351,3952,54.485463,24.002168,4.606605,4.306937,12.598827,7922,25.255037,7314,23.316756
word_0089.nii.gz,9,duodenum,25513,0,18776,1525,1560,3652,0.0,73.593854,5.977345,6.11453,14.314271,18982,74.401286,18776,73.593854
word_0089.nii.gz,10,colon,619700,0,510128,23688,25617,60267,0.0,82.318541,3.822495,4.133774,9.72519,527469,85.116831,510128,82.318541
word_0089.nii.gz,11,intestine,447585,0,343698,37499,21973,44415,0.0,76.789437,8.378073,4.909235,9.923255,347586,77.658098,343698,76.789437
word_0089.nii.gz,12,adrenal,3800,1689,590,286,391,844,44.447368,15.526316,7.526316,10.289474,22.210526,476,12.526316,464,12.210526
word_0089.nii.gz,13,rectum,26155,0,16171,5259,1092,3633,0.0,61.827566,20.107054,4.17511,13.89027,16532,63.2078,16171,61.827566
word_0089.nii.gz,14,bladder,106286,0,94252,3229,1780,7025,0.0,88.677719,3.038029,1.674727,6.609525,94928,89.313738,94252,88.677719
word_0089.nii.gz,15,head_of_femur_left,34449,0,25730,4816,2219,1684,0.0,74.690122,13.980087,6.441406,4.888386,25730,74.690122,25730,74.690122
word_0089.nii.gz,16,head_of_femur_right,40402,0,36595,1096,901,1810,0.0,90.577199,2.712737,2.230088,4.479976,36595,90.577199,36595,90.577199
word_0090.nii.gz,1,liver,257729,234933,9047,3432,4782,5535,91.15505,3.510276,1.331631,1.855437,2.147605,6499,2.521641,6078,2.358291
word_0090.nii.gz,2,spleen,24390,21575,915,543,575,782,88.458385,3.751538,2.226322,2.357524,3.206232,606,2.484625,594,2.435424
word_0090.nii.gz,3,left_kidney,43044,33693,4927,1619,788,2017,78.275718,11.446427,3.761268,1.830685,4.685903,4142,9.622712,4090,9.501905
word_0090.nii.gz,4,right_kidney,29578,23951,2978,834,523,1292,80.975725,10.068294,2.819663,1.768206,4.368111,2919,9.868821,2822,9.540875
word_0090.nii.gz,5,stomach,101544,29314,60284,3110,2483,6353,28.868274,59.367368,3.062712,2.445245,6.256401,60784,59.859765,60033,59.120184
word_0090.nii.gz,6,gallbladder,2478,1698,298,123,129,230,68.523002,12.025827,4.96368,5.205811,9.281679,285,11.501211,280,11.299435
word_0090.nii.gz,7,esophagus,3642,1902,1299,213,104,124,52.224053,35.667216,5.848435,2.855574,3.404723,1273,34.953322,1264,34.706205
word_0090.nii.gz,8,pancreas,27737,10866,8646,3699,1541,2985,39.175109,31.17136,13.335977,5.555756,10.761798,9145,32.970401,7746,27.926596
word_0090.nii.gz,9,duodenum,24569,0,15948,3853,1270,3498,0.0,64.911067,15.682364,5.169116,14.237454,16554,67.37759,15948,64.911067
word_0090.nii.gz,10,colon,208832,0,166735,17747,8744,15606,0.0,79.841691,8.498219,4.187098,7.472993,171966,82.346575,166735,79.841691
word_0090.nii.gz,11,intestine,302710,0,251162,16141,10461,24946,0.0,82.971161,5.332166,3.455783,8.240891,254298,84.007136,251162,82.971161
word_0090.nii.gz,12,adrenal,5288,992,1031,519,456,2290,18.759455,19.496974,9.814675,8.623298,43.305598,1053,19.913011,989,18.702723
word_0090.nii.gz,13,rectum,35115,0,17376,8532,3712,5495,0.0,49.483127,24.297309,10.570981,15.648583,17931,51.063648,17376,49.483127
word_0090.nii.gz,14,bladder,151941,0,122285,17782,4979,6895,0.0,80.481898,11.703227,3.27693,4.537946,122672,80.736602,122285,80.481898
word_0090.nii.gz,15,head_of_femur_left,54802,0,39251,9245,2978,3328,0.0,71.623298,16.869822,5.434108,6.072771,39251,71.623298,39251,71.623298
word_0090.nii.gz,16,head_of_femur_right,54014,0,47312,1791,1787,3124,0.0,87.592106,3.315807,3.308402,5.783686,47312,87.592106,47312,87.592106
word_0091.nii.gz,1,liver,518184,487136,11401,5699,5122,8826,94.008306,2.200184,1.099802,0.988452,1.703256,9063,1.748993,7548,1.456625
word_0091.nii.gz,2,spleen,53994,48663,1627,1075,1316,1313,90.126681,3.013298,1.990962,2.437308,2.431752,1309,2.424343,1249,2.31322
word_0091.nii.gz,3,left_kidney,69387,57257,4703,2440,1603,3384,82.518339,6.777927,3.516509,2.310231,4.876994,3593,5.178203,3504,5.049937
word_0091.nii.gz,4,right_kidney,58768,35979,17695,1788,1002,2304,61.222094,30.109924,3.042472,1.70501,3.920501,17634,30.006126,17402,29.611353
word_0091.nii.gz,5,stomach,161724,99699,47969,2735,2708,8613,61.647622,29.661027,1.691153,1.674458,5.32574,50216,31.050432,47377,29.294972
word_0091.nii.gz,6,gallbladder,2829,762,1413,186,122,346,26.935313,49.946978,6.574761,4.312478,12.23047,1428,50.4772,1413,49.946978
word_0091.nii.gz,7,esophagus,3696,2323,771,146,173,283,62.851732,20.86039,3.950216,4.680736,7.656926,783,21.185065,719,19.453463
word_0091.nii.gz,8,pancreas,29115,16999,6888,1927,1218,2083,58.385712,23.657908,6.618581,4.183411,7.154388,6936,23.822772,6099,20.947965
word_0091.nii.gz,9,duodenum,25338,0,16205,2923,2111,4099,0.0,63.955324,11.536033,8.33136,16.177283,17458,68.900466,16205,63.955324
word_0091.nii.gz,10,colon,166541,0,143656,7751,4625,10509,0.0,86.258639,4.654109,2.777094,6.310158,147195,88.383641,143656,86.258639
word_0091.nii.gz,11,intestine,316544,0,227327,30252,26107,32858,0.0,71.815293,9.556965,8.247511,10.380232,233554,73.782476,227327,71.815293
word_0091.nii.gz,12,adrenal,2248,937,533,186,134,458,41.681495,23.709964,8.274021,5.960854,20.373665,476,21.174377,465,20.685053
word_0091.nii.gz,13,rectum,9884,0,2411,2102,1108,4263,0.0,24.392958,21.266694,11.210036,43.130312,2411,24.392958,2411,24.392958
word_0091.nii.gz,14,bladder,46362,0,39340,2681,1747,2594,0.0,84.853975,5.782753,3.768172,5.595099,39686,85.600276,39340,84.853975
word_0091.nii.gz,15,head_of_femur_left,67629,0,46763,13897,3403,3566,0.0,69.146372,20.548877,5.031865,5.272886,46763,69.146372,46763,69.146372
word_0091.nii.gz,16,head_of_femur_right,66468,0,59840,2535,1601,2492,0.0,90.028284,3.813865,2.408678,3.749173,59840,90.028284,59840,90.028284
word_0093.nii.gz,1,liver,500814,452468,15325,6948,8988,17085,90.346516,3.060018,1.387341,1.794678,3.411446,11772,2.350573,11025,2.201416
word_0093.nii.gz,2,spleen,30309,24329,1837,834,1318,1991,80.269887,6.060906,2.751658,4.348543,6.569006,1607,5.302055,1595,5.262463
word_0093.nii.gz,3,left_kidney,62666,55045,2954,1363,897,2407,87.8387,4.71388,2.175023,1.431398,3.840998,2163,3.451632,2151,3.432483
word_0093.nii.gz,4,right_kidney,54819,48738,2392,1001,681,2007,88.907131,4.363451,1.826009,1.24227,3.661139,2075,3.785184,2000,3.64837
word_0093.nii.gz,5,stomach,118101,46963,63289,2179,1619,4051,39.765116,53.588877,1.845031,1.370861,3.430115,63360,53.648995,63124,53.449166
word_0093.nii.gz,6,gallbladder,2152,0,581,1027,154,390,0.0,26.998141,47.723048,7.156134,18.122677,643,29.879182,581,26.998141
word_0093.nii.gz,7,esophagus,4675,2447,1009,319,268,632,52.342246,21.582888,6.823529,5.73262,13.518717,927,19.828877,895,19.144385
word_0093.nii.gz,8,pancreas,21335,10465,7085,981,835,1969,49.050855,33.208343,4.598078,3.913757,9.228966,6902,32.350598,6720,31.497539
word_0093.nii.gz,9,duodenum,24253,0,13181,7095,1448,2529,0.0,54.347916,29.254113,5.970395,10.427576,13534,55.803406,13181,54.347916
word_0093.nii.gz,10,colon,152545,0,109149,14771,12782,15843,0.0,71.552001,9.683044,8.379167,10.385788,113571,74.450818,109149,71.552001
word_0093.nii.gz,11,intestine,302124,0,234722,28934,13914,24554,0.0,77.690617,9.576862,4.605394,8.127127,236694,78.343329,234722,77.690617
word_0093.nii.gz,12,adrenal,3448,955,1553,228,171,541,27.697216,45.040603,6.612529,4.959397,15.690255,1569,45.50464,1547,44.866589
word_0093.nii.gz,13,rectum,19263,0,15656,1769,840,998,0.0,81.274983,9.183409,4.360691,5.180917,15656,81.274983,15656,81.274983
word_0093.nii.gz,14,bladder,92476,0,83823,3412,2065,3176,0.0,90.642978,3.689606,2.233012,3.434405,84019,90.854925,83823,90.642978
word_0093.nii.gz,15,head_of_femur_left,36482,0,27332,6406,1235,1509,0.0,74.919138,17.559344,3.385231,4.136286,27332,74.919138,27332,74.919138
word_0093.nii.gz,16,head_of_femur_right,35873,0,32988,795,650,1440,0.0,91.95774,2.216151,1.811948,4.014161,32988,91.95774,32988,91.95774
word_0094.nii.gz,1,liver,476165,402079,30954,7764,9244,26124,84.441108,6.500688,1.630527,1.941344,5.486334,28289,5.941008,26519,5.569288
word_0094.nii.gz,2,spleen,100707,85378,7688,1866,1822,3953,84.778615,7.634027,1.8529,1.809209,3.925248,7494,7.441389,7238,7.187187
word_0094.nii.gz,3,left_kidney,48969,28746,14340,1782,1941,2160,58.702444,29.283833,3.639037,3.963732,4.410954,14164,28.924422,13800,28.181094
word_0094.nii.gz,4,right_kidney,39634,35038,1583,630,595,1788,88.403896,3.994046,1.589544,1.501236,4.511278,1480,3.734168,1281,3.232073
word_0094.nii.gz,5,stomach,159733,28061,103466,15325,6122,6759,17.567441,64.774342,9.594135,3.832646,4.231436,103773,64.966538,103113,64.553348
word_0094.nii.gz,6,gallbladder,300,0,50,136,58,56,0.0,16.666667,45.333333,19.333333,18.666667,54,18.0,50,16.666667
word_0094.nii.gz,7,esophagus,4710,2565,1000,267,262,616,54.458599,21.231423,5.66879,5.562633,13.078556,916,19.447983,798,16.942675
word_0094.nii.gz,8,pancreas,44187,2050,32686,2989,1890,4572,4.639374,73.971983,6.764433,4.277276,10.346935,34127,77.233123,32682,73.96293
word_0094.nii.gz,9,duodenum,19768,0,9199,7073,1309,2187,0.0,46.534804,35.780049,6.621813,11.063335,9552,48.320518,9199,46.534804
word_0094.nii.gz,10,colon,138986,0,40751,33797,27007,37431,0.0,29.320219,24.316838,19.431454,26.93149,51652,37.163455,40751,29.320219
word_0094.nii.gz,11,intestine,215267,0,152124,25751,15382,22010,0.0,70.66759,11.962354,7.145545,10.224512,155404,72.191279,152124,70.66759
word_0094.nii.gz,12,adrenal,1741,203,954,143,137,304,11.659966,54.796094,8.21367,7.869041,17.461229,955,54.853532,944,54.221712
word_0094.nii.gz,13,rectum,20544,0,1673,9549,5592,3730,0.0,8.143497,46.480724,27.219626,18.156153,1673,8.143497,1673,8.143497
word_0094.nii.gz,14,bladder,21084,0,19005,966,728,385,0.0,90.139442,4.581673,3.452855,1.826029,19005,90.139442,19005,90.139442
word_0094.nii.gz,15,head_of_femur_left,50534,0,31113,12881,2495,4045,0.0,61.568449,25.489769,4.93727,8.004512,31113,61.568449,31113,61.568449
word_0094.nii.gz,16,head_of_femur_right,51794,0,44444,1798,1669,3883,0.0,85.809167,3.471445,3.222381,7.497007,44444,85.809167,44444,85.809167
word_0095.nii.gz,1,liver,415347,264553,121196,14909,5599,9090,63.694453,29.179457,3.589529,1.348029,2.188532,109968,26.476175,108415,26.102271
word_0095.nii.gz,2,spleen,150346,29307,111827,3658,2417,3137,19.493036,74.379764,2.433054,1.607625,2.08652,111945,74.45825,111777,74.346507
word_0095.nii.gz,3,left_kidney,42392,1594,35538,1969,1058,2233,3.760143,83.831855,4.644744,2.495754,5.267503,35621,84.027647,35538,83.831855
word_0095.nii.gz,4,right_kidney,43731,21167,17231,1671,1113,2549,48.402735,39.402255,3.821088,2.545105,5.828817,17173,39.269626,17145,39.205598
word_0095.nii.gz,5,stomach,251436,10371,206698,12381,5991,15995,4.124708,82.207003,4.924116,2.382714,6.36146,208867,83.069648,206630,82.179958
word_0095.nii.gz,6,gallbladder,2816,748,1109,397,249,313,26.5625,39.382102,14.098011,8.84233,11.115057,1136,40.340909,1075,38.174716
word_0095.nii.gz,7,esophagus,1808,1180,325,70,54,179,65.265487,17.975664,3.871681,2.986726,9.900442,314,17.367257,301,16.64823
word_0095.nii.gz,8,pancreas,38072,0,25272,4625,2523,5652,0.0,66.379491,12.148035,6.626917,14.845556,26158,68.706661,25272,66.379491
word_0095.nii.gz,9,duodenum,30008,0,18237,4998,2004,4769,0.0,60.773794,16.655559,6.678219,15.892429,18858,62.843242,18237,60.773794
word_0095.nii.gz,10,colon,104325,0,72263,15718,6034,10310,0.0,69.267194,15.066379,5.783849,9.882578,75625,72.489815,72263,69.267194
word_0095.nii.gz,11,intestine,398893,0,309073,32291,21893,35636,0.0,77.482683,8.095153,5.488439,8.933724,314359,78.807851,309073,77.482683
word_0095.nii.gz,12,adrenal,3532,728,1214,422,260,908,20.611552,34.371461,11.947905,7.361268,25.707814,1214,34.371461,1209,34.229898
word_0095.nii.gz,13,rectum,31685,0,24937,2821,1384,2543,0.0,78.702856,8.903267,4.367997,8.02588,24942,78.718637,24937,78.702856
word_0095.nii.gz,14,bladder,30819,0,24901,1503,1110,3305,0.0,80.79756,4.876862,3.601674,10.723904,25275,82.011097,24901,80.79756
word_0095.nii.gz,15,head_of_femur_left,61006,0,35040,18341,3796,3829,0.0,57.436973,30.064256,6.222339,6.276432,35040,57.436973,35040,57.436973
word_0095.nii.gz,16,head_of_femur_right,57705,0,48976,3523,2012,3194,0.0,84.873061,6.10519,3.4867,5.535049,48976,84.873061,48976,84.873061
word_0096.nii.gz,1,liver,422863,396444,10861,4209,5342,6007,93.75235,2.568444,0.995358,1.263293,1.420555,8879,2.099734,8099,1.915278
word_0096.nii.gz,2,spleen,41959,37746,1589,708,1161,755,89.959246,3.78703,1.687361,2.766987,1.799376,1242,2.960032,1187,2.828952
word_0096.nii.gz,3,left_kidney,47484,36401,8971,1346,325,441,76.659506,18.89268,2.834639,0.684441,0.928734,8453,17.801786,8447,17.78915
word_0096.nii.gz,4,right_kidney,43572,40118,1859,591,249,755,92.072891,4.266501,1.356376,0.571468,1.732764,1501,3.444873,1461,3.353071
word_0096.nii.gz,5,stomach,97850,58129,32644,1872,1643,3562,59.406234,33.361267,1.913132,1.679101,3.640266,32753,33.472662,32450,33.163005
word_0096.nii.gz,6,gallbladder,3046,2629,230,93,31,63,86.309915,7.550886,3.053185,1.017728,2.068286,186,6.106369,186,6.106369
word_0096.nii.gz,7,esophagus,5831,3699,875,409,227,621,63.436803,15.006002,7.014234,3.892986,10.649974,820,14.062768,779,13.35963
word_0096.nii.gz,8,pancreas,23026,14074,5274,1040,838,1800,61.12221,22.904543,4.516633,3.639364,7.81725,5287,22.961001,4789,20.798228
word_0096.nii.gz,9,duodenum,17459,0,14441,901,619,1498,0.0,82.713787,5.160662,3.545449,8.580102,14610,83.681769,14441,82.713787
word_0096.nii.gz,10,colon,113253,0,100872,3903,2672,5806,0.0,89.067839,3.446266,2.359319,5.126575,101880,89.957882,100872,89.067839
word_0096.nii.gz,11,intestine,217796,0,200497,5683,3911,7705,0.0,92.057246,2.609322,1.795717,3.537714,202429,92.944315,200497,92.057246
word_0096.nii.gz,12,adrenal,2715,1127,392,172,190,834,41.510129,14.438306,6.335175,6.998158,30.718232,403,14.843462,349,12.854512
word_0096.nii.gz,13,rectum,15367,0,11808,1284,920,1355,0.0,76.839982,8.355567,5.986855,8.817596,11808,76.839982,11808,76.839982
word_0096.nii.gz,14,bladder,19939,0,18127,560,366,886,0.0,90.912282,2.808566,1.835599,4.443553,18127,90.912282,18127,90.912282
word_0096.nii.gz,15,head_of_femur_left,53693,0,34644,13552,2422,3075,0.0,64.522377,25.239789,4.51083,5.727004,34644,64.522377,34644,64.522377
word_0096.nii.gz,16,head_of_femur_right,51598,0,47550,1330,1017,1701,0.0,92.154735,2.577619,1.971007,3.296639,47550,92.154735,47550,92.154735
word_0100.nii.gz,1,liver,374164,351322,7962,3958,4755,6167,93.89519,2.127944,1.057825,1.270833,1.648208,5982,1.598764,4338,1.159385
word_0100.nii.gz,2,spleen,43105,40175,848,594,770,718,93.202645,1.967289,1.37803,1.786336,1.6657,635,1.473147,585,1.357151
word_0100.nii.gz,3,left_kidney,57776,52042,3287,845,529,1073,90.075464,5.689214,1.462545,0.915605,1.857173,2070,3.582803,2051,3.549917
word_0100.nii.gz,4,right_kidney,55175,50490,2056,873,498,1258,91.508836,3.726325,1.582238,0.902583,2.280018,1945,3.525147,1921,3.481649
word_0100.nii.gz,5,stomach,152469,51964,91995,2142,1687,4681,34.081682,60.336855,1.404876,1.106454,3.070132,91898,60.273236,91694,60.139438
word_0100.nii.gz,6,gallbladder,2333,1573,305,158,81,216,67.423918,13.073296,6.772396,3.471925,9.258465,297,12.73039,297,12.73039
word_0100.nii.gz,7,esophagus,5208,3921,416,151,144,576,75.288018,7.987711,2.899386,2.764977,11.059908,285,5.47235,257,4.934716
word_0100.nii.gz,8,pancreas,14467,9756,1926,960,445,1380,67.436234,13.313057,6.635792,3.075966,9.538951,1830,12.649478,1651,11.412179
word_0100.nii.gz,9,duodenum,44001,0,29703,3913,2203,8182,0.0,67.505284,8.89298,5.006704,18.595032,30967,70.377946,29703,67.505284
word_0100.nii.gz,10,colon,262081,0,183910,15310,13905,48956,0.0,70.172962,5.841705,5.305612,18.679721,212596,81.118433,183910,70.172962
word_0100.nii.gz,11,intestine,352158,0,300433,21086,9053,21586,0.0,85.311991,5.987653,2.570721,6.129635,301592,85.641104,300433,85.311991
word_0100.nii.gz,12,adrenal,4453,2305,533,278,384,953,51.762857,11.969459,6.242982,8.6234,21.401302,528,11.857175,458,10.285201
word_0100.nii.gz,13,rectum,14075,0,11051,1470,790,764,0.0,78.515098,10.44405,5.612789,5.428064,11051,78.515098,11051,78.515098
word_0100.nii.gz,14,bladder,85421,0,77668,2461,2018,3274,0.0,90.923778,2.881025,2.362417,3.832781,77796,91.073624,77668,90.923778
word_0100.nii.gz,15,head_of_femur_left,42337,0,28015,9641,3069,1612,0.0,66.171434,22.772043,7.248978,3.807544,28015,66.171434,28015,66.171434
word_0100.nii.gz,16,head_of_femur_right,36373,0,34279,721,614,759,0.0,94.242982,1.98224,1.688065,2.086713,34279,94.242982,34279,94.242982
word_0101.nii.gz,1,liver,584369,545404,12956,6766,8193,11050,93.332124,2.217092,1.15783,1.402025,1.890929,6957,1.190515,6037,1.03308
word_0101.nii.gz,2,spleen,104113,93251,2128,1358,3790,3586,89.567105,2.043933,1.304352,3.640275,3.444335,1426,1.369666,1274,1.22367
word_0101.nii.gz,3,left_kidney,89138,68858,11107,2596,1811,4766,77.24876,12.460455,2.912338,2.031681,5.346766,10983,12.321344,10956,12.291054
word_0101.nii.gz,4,right_kidney,78174,66700,4413,2079,1042,3940,85.322486,5.645099,2.659452,1.332924,5.040039,4242,5.426357,4205,5.379026
word_0101.nii.gz,5,stomach,129530,115031,5890,2143,2807,3659,88.806454,4.547209,1.654443,2.167066,2.824828,5456,4.212152,5167,3.989037
word_0101.nii.gz,6,gallbladder,17870,14662,895,435,418,1460,82.048125,5.008394,2.434247,2.339116,8.170118,630,3.525462,499,2.792389
word_0101.nii.gz,7,esophagus,3093,1761,614,155,239,324,56.935015,19.851277,5.011316,7.727126,10.475267,531,17.167798,498,16.100873
word_0101.nii.gz,8,pancreas,27172,15945,6838,1154,1171,2064,58.681731,25.165612,4.247019,4.309583,7.596055,6955,25.596202,6636,24.422199
word_0101.nii.gz,9,duodenum,29245,0,20305,4551,1398,2991,0.0,69.430672,15.561634,4.780304,10.227389,20589,70.401778,20305,69.430672
word_0101.nii.gz,10,colon,291114,0,251302,13385,8436,17991,0.0,86.324258,4.597855,2.897834,6.180053,253244,86.99135,251302,86.324258
word_0101.nii.gz,11,intestine,484244,0,398307,23491,14672,47774,0.0,82.253368,4.851067,3.029877,9.865688,399331,82.464832,398307,82.253368
word_0101.nii.gz,12,adrenal,4511,1078,1439,397,506,1091,23.89714,31.8998,8.800709,11.217025,24.185325,1400,31.035247,1370,30.370206
word_0101.nii.gz,13,rectum,22276,0,15523,2345,1304,3104,0.0,69.684863,10.527025,5.853834,13.934279,16132,72.418747,15523,69.684863
word_0101.nii.gz,14,bladder,182914,0,133789,32832,5753,10540,0.0,73.143116,17.949419,3.145194,5.762271,133801,73.149677,133789,73.143116
word_0101.nii.gz,15,head_of_femur_left,54075,0,33390,12958,2744,4983,0.0,61.747573,23.963014,5.074434,9.214979,33390,61.747573,33390,61.747573
word_0101.nii.gz,16,head_of_femur_right,54414,0,45262,1781,1544,5827,0.0,83.180799,3.273055,2.837505,10.708641,45262,83.180799,45262,83.180799
word_0102.nii.gz,1,liver,430423,400671,12095,5386,5693,6578,93.08773,2.810026,1.251327,1.322652,1.528264,7169,1.665571,6686,1.553356
word_0102.nii.gz,2,spleen,47675,44327,1138,631,758,821,92.977451,2.386995,1.323545,1.589932,1.722077,744,1.560566,688,1.443104
word_0102.nii.gz,3,left_kidney,46031,24841,17020,1088,610,2472,53.965806,36.975082,2.363625,1.325194,5.370294,18441,40.062132,16978,36.883839
word_0102.nii.gz,4,right_kidney,44653,40576,2324,795,317,641,90.869594,5.204578,1.780395,0.709919,1.435514,2236,5.007502,2210,4.949276
word_0102.nii.gz,5,stomach,74015,44598,18317,3745,2235,5120,60.255354,24.747686,5.059785,3.019658,6.917517,17044,23.027765,16756,22.638654
word_0102.nii.gz,6,gallbladder,9628,5537,1431,897,641,1122,57.509348,14.8629,9.316577,6.657665,11.653511,659,6.84462,399,4.144163
word_0102.nii.gz,7,esophagus,8383,991,3144,1889,670,1689,11.821544,37.504473,22.533699,7.992366,20.147918,3025,36.084934,3004,35.834427
word_0102.nii.gz,8,pancreas,20242,13344,3149,1400,880,1469,65.92234,15.556763,6.916313,4.347397,7.257188,3021,14.924415,2720,13.437407
word_0102.nii.gz,9,duodenum,32758,0,24608,3484,1994,2672,0.0,75.120581,10.63557,6.087063,8.156786,24925,76.088284,24608,75.120581
word_0102.nii.gz,10,colon,131848,0,98685,14045,7357,11761,0.0,74.847552,10.652418,5.57991,8.92012,101161,76.725472,98685,74.847552
word_0102.nii.gz,11,intestine,381904,0,275917,42584,20013,43390,0.0,72.247738,11.150446,5.240322,11.361494,291648,76.366836,275917,72.247738
word_0102.nii.gz,12,adrenal,1643,599,508,104,89,343,36.457699,30.919051,6.329884,5.41692,20.876446,499,30.371272,493,30.006086
word_0102.nii.gz,13,rectum,17065,0,10211,1995,1540,3319,0.0,59.835921,11.690595,9.024319,19.449165,10212,59.841781,10211,59.835921
word_0102.nii.gz,14,bladder,200511,0,156700,36023,3834,3954,0.0,78.150326,17.965598,1.912115,1.971962,157185,78.392208,156700,78.150326
word_0102.nii.gz,15,head_of_femur_left,43657,0,30898,8094,2947,1718,0.0,70.774446,18.539982,6.750349,3.935222,30898,70.774446,30898,70.774446
word_0102.nii.gz,16,head_of_femur_right,44960,0,38088,2955,1527,2390,0.0,84.715302,6.572509,3.396352,5.315836,38088,84.715302,38088,84.715302
word_0104.nii.gz,1,liver,416835,357618,34370,6039,6934,11874,85.793659,8.245469,1.448775,1.663488,2.848609,31625,7.586935,30817,7.393093
word_0104.nii.gz,2,spleen,62138,48243,9136,1353,1020,2386,77.638482,14.702758,2.177412,1.641508,3.83984,8612,13.859474,8528,13.724291
word_0104.nii.gz,3,left_kidney,63894,34299,22920,2625,924,3126,53.681097,35.871913,4.108367,1.446145,4.892478,21755,34.04858,21722,33.996932
word_0104.nii.gz,4,right_kidney,49616,44516,1548,900,597,2055,89.721058,3.119961,1.813931,1.203241,4.141809,1088,2.192841,779,1.570058
word_0104.nii.gz,5,stomach,172681,29400,117797,12985,4629,7870,17.025614,68.216538,7.519646,2.680666,4.557537,116535,67.485711,115656,66.97668
word_0104.nii.gz,6,gallbladder,3783,1992,386,316,323,766,52.656622,10.203542,8.353159,8.538197,20.24848,420,11.1023,252,6.66138
word_0104.nii.gz,7,esophagus,6994,2511,2023,647,453,1360,35.902202,28.924793,9.250786,6.47698,19.445239,1957,27.981127,1855,26.522734
word_0104.nii.gz,8,pancreas,32663,6477,15043,3608,2588,4947,19.829777,46.055169,11.046138,7.923338,15.145578,15896,48.666687,14925,45.693904
word_0104.nii.gz,9,duodenum,7612,0,2902,2760,1225,725,0.0,38.124015,36.258539,16.093011,9.524435,3083,40.501839,2902,38.124015
word_0104.nii.gz,10,colon,154331,0,62287,34059,20736,37249,0.0,40.359357,22.0688,13.436056,24.135786,81524,52.824125,62287,40.359357
word_0104.nii.gz,11,intestine,106389,0,82406,9326,5326,9331,0.0,77.457256,8.765944,5.006157,8.770644,82615,77.653705,82406,77.457256
word_0104.nii.gz,12,adrenal,2235,758,489,243,145,600,33.914989,21.879195,10.872483,6.487696,26.845638,656,29.35123,457,20.447427
word_0104.nii.gz,13,rectum,8736,0,5639,1190,490,1417,0.0,64.548993,13.621795,5.608974,16.220238,5744,65.750916,5639,64.548993
word_0104.nii.gz,14,bladder,17338,0,14274,911,984,1169,0.0,82.327835,5.254355,5.675395,6.742416,14452,83.354481,14274,82.327835
word_0104.nii.gz,15,head_of_femur_left,36011,0,26406,6306,1615,1684,0.0,73.327594,17.511316,4.484741,4.676349,26406,73.327594,26406,73.327594
word_0104.nii.gz,16,head_of_femur_right,37118,0,33742,952,646,1778,0.0,90.904682,2.564793,1.740395,4.790129,33742,90.904682,33742,90.904682
word_0105.nii.gz,1,liver,436405,378200,14170,7190,10506,26339,86.662618,3.246984,1.647552,2.407397,6.035449,9934,2.276326,7119,1.631283
word_0105.nii.gz,2,spleen,44248,35859,1116,1012,1530,4731,81.040951,2.522148,2.287109,3.457783,10.692009,833,1.882571,582,1.315314
word_0105.nii.gz,3,left_kidney,51781,42626,3424,933,632,4166,82.31977,6.612464,1.801819,1.220525,8.045422,3410,6.585427,3390,6.546803
word_0105.nii.gz,4,right_kidney,51880,42183,3516,1109,592,4480,81.30879,6.777178,2.137625,1.141095,8.635312,3506,6.757903,3453,6.655744
word_0105.nii.gz,5,stomach,125204,45934,28935,11746,10404,28185,36.687326,23.110284,9.381489,8.309639,22.511262,34562,27.604549,27817,22.217341
word_0105.nii.gz,6,gallbladder,3788,2057,770,188,214,559,54.303062,20.32735,4.963041,5.649419,14.757128,689,18.189018,664,17.529039
word_0105.nii.gz,7,esophagus,15193,1915,5125,2832,2105,3216,12.604489,33.73264,18.640163,13.855065,21.167643,3908,25.722372,3665,24.122951
word_0105.nii.gz,8,pancreas,25220,10545,6705,1863,1495,4612,41.812054,26.586043,7.386994,5.927835,18.287074,7246,28.731166,6521,25.856463
word_0105.nii.gz,9,duodenum,21846,0,12915,1080,657,7194,0.0,59.118374,4.943697,3.007416,32.930514,13511,61.846562,12915,59.118374
word_0105.nii.gz,10,colon,540282,0,288497,39423,42885,169477,0.0,53.397485,7.296745,7.937522,31.368248,329804,61.042937,288497,53.397485
word_0105.nii.gz,11,intestine,358788,0,277900,19340,12322,49226,0.0,77.45521,5.39037,3.43434,13.72008,281688,78.510987,277900,77.45521
word_0105.nii.gz,12,adrenal,2743,1100,562,161,210,710,40.102078,20.488516,5.869486,7.655851,25.884069,567,20.670798,541,19.722931
word_0105.nii.gz,13,rectum,40938,0,29455,2505,1289,7689,0.0,71.950266,6.119009,3.148664,18.782061,31338,76.549905,29455,71.950266
word_0105.nii.gz,14,bladder,116622,0,103641,4481,2061,6439,0.0,88.869167,3.842328,1.767248,5.521257,104053,89.222445,103641,88.869167
word_0105.nii.gz,15,head_of_femur_left,43697,0,27543,7434,2370,6350,0.0,63.031787,17.01261,5.423713,14.53189,27543,63.031787,27543,63.031787
word_0105.nii.gz,16,head_of_femur_right,44393,0,32767,2018,2263,7345,0.0,73.811186,4.545762,5.097651,16.545401,32767,73.811186,32767,73.811186
word_0106.nii.gz,1,liver,455002,407052,16039,8052,8379,15480,89.461585,3.525039,1.769663,1.84153,3.402183,11520,2.531857,10881,2.391418
word_0106.nii.gz,2,spleen,37710,33772,940,677,1115,1206,89.557147,2.492708,1.79528,2.956775,3.198091,647,1.715725,569,1.508884
word_0106.nii.gz,3,left_kidney,42874,34257,4020,1148,892,2557,79.901572,9.376312,2.677613,2.080515,5.963987,3852,8.984466,3850,8.979801
word_0106.nii.gz,4,right_kidney,43219,35942,2796,1130,1004,2347,83.162498,6.469377,2.614591,2.323052,5.430482,2506,5.798376,2492,5.765983
word_0106.nii.gz,5,stomach,142934,105496,22826,3518,3281,7813,73.807492,15.969608,2.461276,2.295465,5.466159,22626,15.829684,22228,15.551233
word_0106.nii.gz,6,gallbladder,3200,1773,575,278,414,160,55.40625,17.96875,8.6875,12.9375,5.0,408,12.75,355,11.09375
word_0106.nii.gz,7,esophagus,7859,3554,2185,542,519,1059,45.222038,27.802519,6.896552,6.603894,13.474997,1466,18.653773,1238,15.75264
word_0106.nii.gz,8,pancreas,26272,14089,5359,2060,1776,2988,53.627436,20.398143,7.841048,6.760049,11.373325,5507,20.96148,4815,18.327497
word_0106.nii.gz,9,duodenum,25866,0,14848,5704,1700,3614,0.0,57.403541,22.052115,6.572334,13.97201,15264,59.01183,14848,57.403541
word_0106.nii.gz,10,colon,189213,0,117355,30238,14791,26829,0.0,62.022694,15.980932,7.817116,14.179258,122830,64.916258,117355,62.022694
word_0106.nii.gz,11,intestine,227749,0,193499,8247,5967,20036,0.0,84.961515,3.621092,2.61999,8.797404,193623,85.015961,193499,84.961515
word_0106.nii.gz,12,adrenal,6958,1202,1131,570,684,3371,17.275079,16.254671,8.192009,9.830411,48.44783,1280,18.396091,1123,16.139695
word_0106.nii.gz,13,rectum,28237,0,22244,1824,1361,2808,0.0,78.776074,6.45961,4.819917,9.944399,22460,79.541028,22244,78.776074
word_0106.nii.gz,14,bladder,34154,0,25658,1153,1238,6105,0.0,75.124436,3.375886,3.624758,17.874919,26707,78.195819,25658,75.124436
word_0106.nii.gz,15,head_of_femur_left,38142,0,27633,5998,2138,2373,0.0,72.447695,15.725447,5.605369,6.221488,27633,72.447695,27633,72.447695
word_0106.nii.gz,16,head_of_femur_right,36818,0,31472,1780,1517,2049,0.0,85.479928,4.834592,4.120267,5.565213,31472,85.479928,31472,85.479928
word_0107.nii.gz,1,liver,285476,222468,50239,4120,4247,4402,77.928793,17.598327,1.443204,1.487691,1.541986,48850,17.111771,48063,16.836091
word_0107.nii.gz,2,spleen,46449,42459,1263,647,990,1090,91.409933,2.719111,1.392926,2.13137,2.34666,1078,2.320825,1024,2.204568
word_0107.nii.gz,3,left_kidney,44321,34380,4453,1320,1173,2995,77.570452,10.047156,2.978272,2.646601,6.757519,3761,8.485819,3729,8.413619
word_0107.nii.gz,4,right_kidney,44633,7577,32433,1811,847,1965,16.976228,72.665965,4.057536,1.897699,4.402572,32369,72.522573,32347,72.473282
word_0107.nii.gz,5,stomach,65274,48739,9059,2224,1824,3428,74.668321,13.87842,3.407176,2.794374,5.251708,8657,13.262555,8454,12.951558
word_0107.nii.gz,6,gallbladder,843,750,39,26,13,15,88.967972,4.626335,3.084223,1.542112,1.779359,8,0.948992,7,0.830368
word_0107.nii.gz,7,esophagus,2654,2122,242,100,55,135,79.954785,9.118312,3.767898,2.072344,5.086662,145,5.463451,114,4.295403
word_0107.nii.gz,8,pancreas,22237,13128,5319,1063,872,1855,59.036741,23.919593,4.780321,3.921392,8.341953,5585,25.115798,5078,22.835814
word_0107.nii.gz,9,duodenum,21756,0,8852,3396,3558,5950,0.0,40.687626,15.609487,16.354109,27.348777,11291,51.898327,8852,40.687626
word_0107.nii.gz,10,colon,310565,0,227867,21521,17214,43963,0.0,73.371758,6.929628,5.542801,14.155813,246702,79.436511,227867,73.371758
word_0107.nii.gz,11,intestine,315378,0,268599,20106,10478,16195,0.0,85.167323,6.375207,3.322362,5.135108,271269,86.013926,268599,85.167323
word_0107.nii.gz,12,adrenal,2056,1213,387,163,112,181,58.998054,18.822957,7.928016,5.447471,8.803502,382,18.579767,351,17.071984
word_0107.nii.gz,13,rectum,14248,0,8375,1528,1496,2849,0.0,58.78018,10.724312,10.499719,19.995789,8375,58.78018,8375,58.78018
word_0107.nii.gz,14,bladder,37490,0,35071,793,489,1137,0.0,93.547613,2.115231,1.304348,3.032809,35164,93.795679,35071,93.547613
word_0107.nii.gz,15,head_of_femur_left,56046,0,41452,9547,3162,1885,0.0,73.960675,17.034222,5.641794,3.363309,41452,73.960675,41452,73.960675
word_0107.nii.gz,16,head_of_femur_right,56316,0,51024,1662,1978,1652,0.0,90.603026,2.951204,3.512323,2.933447,51024,90.603026,51024,90.603026
word_0108.nii.gz,1,liver,657710,603495,32000,7865,6018,8332,91.757005,4.865366,1.195816,0.914993,1.26682,27352,4.158672,25986,3.950981
word_0108.nii.gz,2,spleen,122827,90587,20035,3199,2904,6102,73.7517,16.31156,2.604476,2.364301,4.967963,19924,16.221189,19707,16.044518
word_0108.nii.gz,3,left_kidney,54494,47574,4634,893,466,927,87.301354,8.503688,1.638713,0.85514,1.701105,3473,6.373179,3408,6.2539
word_0108.nii.gz,4,right_kidney,56552,52128,2918,482,461,563,92.177111,5.159853,0.852313,0.815179,0.995544,2528,4.470222,2389,4.224431
word_0108.nii.gz,5,stomach,61499,21536,32838,3326,1836,1963,35.018456,53.39599,5.408218,2.985414,3.191922,32873,53.452902,32632,53.061025
word_0108.nii.gz,6,gallbladder,5935,4126,1226,181,140,262,69.519798,20.657119,3.049705,2.358888,4.41449,1214,20.454928,1152,19.410278
word_0108.nii.gz,7,esophagus,3488,945,2014,233,135,161,27.09289,57.740826,6.680046,3.870413,4.615826,2016,57.798165,1996,57.224771
word_0108.nii.gz,8,pancreas,25632,12950,8763,1723,799,1397,50.522784,34.187734,6.722066,3.117197,5.450218,8739,34.094101,8323,32.47113
word_0108.nii.gz,9,duodenum,15146,0,10807,1512,1059,1768,0.0,71.352172,9.982834,6.991945,11.673049,11135,73.51776,10807,71.352172
word_0108.nii.gz,10,colon,259063,0,211954,17118,10152,19839,0.0,81.81562,6.607659,3.918738,7.657983,216218,83.461552,211954,81.81562
word_0108.nii.gz,11,intestine,363677,0,256892,45156,22618,39011,0.0,70.637406,12.416512,6.219255,10.726826,264467,72.720299,256892,70.637406
word_0108.nii.gz,12,adrenal,3947,954,1634,296,322,741,24.170256,41.398531,7.499367,8.158095,18.773752,1636,41.449202,1596,40.435774
word_0108.nii.gz,13,rectum,31651,0,20128,2846,3624,5053,0.0,63.593567,8.991817,11.449875,15.96474,20255,63.994818,20128,63.593567
word_0108.nii.gz,14,bladder,228578,0,142316,74880,6284,5098,0.0,62.26146,32.759058,2.749171,2.230311,142556,62.366457,142316,62.26146
word_0108.nii.gz,15,head_of_femur_left,50603,0,33030,11665,2201,3707,0.0,65.27281,23.051993,4.349544,7.325653,33030,65.27281,33030,65.27281
word_0108.nii.gz,16,head_of_femur_right,49805,0,43743,2072,1386,2604,0.0,87.828531,4.160225,2.782853,5.228391,43743,87.828531,43743,87.828531
word_0109.nii.gz,1,liver,416194,360064,14508,8824,13334,19464,86.513501,3.485874,2.120165,3.203794,4.676665,11350,2.727094,9468,2.274901
word_0109.nii.gz,2,spleen,91293,79182,2263,2024,3254,4570,86.733923,2.478832,2.217037,3.564348,5.00586,1484,1.625535,1266,1.386744
word_0109.nii.gz,3,left_kidney,62389,50299,2939,1966,1505,5680,80.621584,4.710766,3.151197,2.412284,9.104169,2023,3.242559,1757,2.816202
word_0109.nii.gz,4,right_kidney,64761,56028,2565,1317,920,3931,86.515032,3.960717,2.033631,1.420608,6.070011,2487,3.840274,2261,3.491299
word_0109.nii.gz,5,stomach,84872,28586,41897,4913,3000,6476,33.681308,49.364926,5.788717,3.534735,7.630314,41680,49.109247,41204,48.548402
word_0109.nii.gz,6,gallbladder,3698,2811,428,127,96,236,76.014062,11.573824,3.434289,2.595998,6.381828,336,9.085992,314,8.491076
word_0109.nii.gz,7,esophagus,4348,2762,448,158,247,733,63.523459,10.303588,3.633855,5.680773,16.858326,471,10.832567,382,8.785649
word_0109.nii.gz,8,pancreas,46386,10873,22874,3321,2519,6799,23.440262,49.312293,7.159488,5.430518,14.65744,23739,51.177079,22346,48.174018
word_0109.nii.gz,9,duodenum,27871,0,9843,11331,2511,4186,0.0,35.316279,40.655161,9.009365,15.019196,11231,40.296365,9843,35.316279
word_0109.nii.gz,10,colon,233067,0,184278,14012,9616,25161,0.0,79.066535,6.012005,4.125852,10.795608,188980,81.08398,184278,79.066535
word_0109.nii.gz,11,intestine,363578,0,246991,61297,18296,36994,0.0,67.933428,16.859381,5.032208,10.174983,250560,68.915061,246991,67.933428
word_0109.nii.gz,12,adrenal,6844,2835,1317,428,631,1633,41.423144,19.243133,6.253653,9.219755,23.860316,1268,18.527177,1243,18.161894
word_0109.nii.gz,13,rectum,2147,0,299,1252,351,245,0.0,13.926409,58.313926,16.348393,11.411272,299,13.926409,299,13.926409
word_0109.nii.gz,14,bladder,112947,0,97078,6134,3105,6630,0.0,85.950047,5.430866,2.749077,5.87001,97625,86.434345,97078,85.950047
word_0109.nii.gz,15,head_of_femur_left,71321,0,46543,11172,4665,8941,0.0,65.258479,15.664391,6.540851,12.53628,46543,65.258479,46543,65.258479
word_0109.nii.gz,16,head_of_femur_right,72824,0,52363,5274,4051,11136,0.0,71.903493,7.242118,5.562727,15.291662,52363,71.903493,52363,71.903493
word_0111.nii.gz,1,liver,405637,380018,9312,4369,5321,6617,93.684255,2.295649,1.077071,1.311764,1.631261,6131,1.51145,5311,1.309299
word_0111.nii.gz,2,spleen,77184,70636,2184,1250,1419,1695,91.516376,2.829602,1.619507,1.838464,2.196051,1723,2.232328,1554,2.013371
word_0111.nii.gz,3,left_kidney,53209,44814,4602,1067,817,1909,84.222594,8.648913,2.0053,1.535455,3.587739,4360,8.194103,4156,7.810709
word_0111.nii.gz,4,right_kidney,48283,43910,1966,923,549,935,90.942982,4.071827,1.911646,1.137046,1.936499,1862,3.85643,1701,3.522979
word_0111.nii.gz,5,stomach,267878,43345,213226,4570,2668,4069,16.180873,79.598175,1.706,0.995976,1.518975,213260,79.610868,213008,79.516795
word_0111.nii.gz,6,gallbladder,1673,186,354,266,214,653,11.117753,21.159594,15.899582,12.791393,39.03168,429,25.642558,322,19.246862
word_0111.nii.gz,7,esophagus,10684,6550,2589,395,411,739,61.306627,24.232497,3.697117,3.846874,6.916885,2467,23.090603,2382,22.295021
word_0111.nii.gz,8,pancreas,27593,10624,9929,2309,2010,2721,38.502519,35.983764,8.368064,7.284456,9.861197,10677,38.694596,9392,34.037618
word_0111.nii.gz,9,duodenum,24382,0,10795,3163,3558,6866,0.0,44.274465,12.972685,14.592732,28.160118,14288,58.600607,10795,44.274465
word_0111.nii.gz,10,colon,252067,0,189796,20210,13380,28681,0.0,75.295854,8.01771,5.308113,11.378324,205289,81.442236,189796,75.295854
word_0111.nii.gz,11,intestine,201032,0,174489,8686,5837,12020,0.0,86.796629,4.320705,2.903518,5.979148,176546,87.81985,174489,86.796629
word_0111.nii.gz,12,adrenal,2805,1041,524,174,230,836,37.112299,18.680927,6.203209,8.199643,29.803922,522,18.609626,468,16.684492
word_0111.nii.gz,13,rectum,10976,0,9005,780,486,705,0.0,82.042638,7.106414,4.427843,6.423105,9005,82.042638,9005,82.042638
word_0111.nii.gz,14,bladder,47368,0,44859,793,535,1181,0.0,94.703175,1.674126,1.129454,2.493244,44926,94.844621,44859,94.703175
word_0111.nii.gz,15,head_of_femur_left,47754,0,37308,8119,1402,925,0.0,78.125393,17.001717,2.93588,1.937011,37308,78.125393,37308,78.125393
word_0111.nii.gz,16,head_of_femur_right,51336,0,47722,1610,864,1140,0.0,92.960106,3.136201,1.683029,2.220664,47722,92.960106,47722,92.960106
word_0113.nii.gz,1,liver,626678,588323,14762,6510,7339,9744,93.879632,2.355596,1.038811,1.171096,1.554865,10827,1.727682,9593,1.53077
word_0113.nii.gz,2,spleen,48956,44788,1221,746,1303,898,91.486233,2.494076,1.523817,2.661574,1.8343,828,1.691315,804,1.642291
word_0113.nii.gz,3,left_kidney,62001,54594,3473,1138,1071,1725,88.053418,5.601523,1.835454,1.727391,2.782213,2677,4.317672,2660,4.290253
word_0113.nii.gz,4,right_kidney,60487,56639,1582,690,413,1163,93.638302,2.615438,1.140741,0.682791,1.922727,1443,2.385637,1423,2.352572
word_0113.nii.gz,5,stomach,283540,78429,177994,8132,6209,12776,27.660648,62.775622,2.868026,2.189814,4.50589,177806,62.709318,177232,62.506877
word_0113.nii.gz,6,gallbladder,1845,0,473,729,371,272,0.0,25.636856,39.512195,20.108401,14.742547,529,28.672087,473,25.636856
word_0113.nii.gz,7,esophagus,4534,2383,1139,256,182,574,52.558447,25.121306,5.646228,4.014116,12.659903,1131,24.944861,1105,24.371416
word_0113.nii.gz,8,pancreas,44582,18006,15609,3436,2839,4692,40.388498,35.011888,7.707146,6.368041,10.524427,16027,35.949486,15166,34.018214
word_0113.nii.gz,9,duodenum,33475,0,24697,4520,1319,2939,0.0,73.777446,13.502614,3.940254,8.779686,25212,75.315907,24697,73.777446
word_0113.nii.gz,10,colon,177660,0,148312,13720,4788,10840,0.0,83.480806,7.722616,2.695035,6.101542,149134,83.943488,148312,83.480806
word_0113.nii.gz,11,intestine,352401,0,320058,10056,6400,15887,0.0,90.822103,2.853567,1.816113,4.508216,320587,90.972216,320058,90.822103
word_0113.nii.gz,12,adrenal,2880,1203,842,184,107,544,41.770833,29.236111,6.388889,3.715278,18.888889,816,28.333333,792,27.5
word_0113.nii.gz,13,rectum,19495,0,11938,1528,1215,4814,0.0,61.236214,7.837907,6.232367,24.693511,12014,61.626058,11938,61.236214
word_0113.nii.gz,14,bladder,24415,0,17052,1319,1102,4942,0.0,69.84231,5.402417,4.513619,20.241655,17052,69.84231,17052,69.84231
word_0113.nii.gz,15,head_of_femur_left,53879,0,39069,9626,2356,2828,0.0,72.512482,17.865959,4.372761,5.248798,39069,72.512482,39069,72.512482
word_0113.nii.gz,16,head_of_femur_right,54270,0,49294,1489,1350,2137,0.0,90.83103,2.743689,2.487562,3.937719,49294,90.83103,49294,90.83103
word_0114.nii.gz,1,liver,492261,343127,120846,7681,8117,12490,69.704283,24.549172,1.560351,1.648922,2.537272,5827,1.183722,3121,0.634013
word_0114.nii.gz,2,spleen,120166,85722,19087,3052,4353,7952,71.336318,15.883861,2.53982,3.622489,6.617512,18458,15.360418,17851,14.855284
word_0114.nii.gz,3,left_kidney,91053,76397,6528,3304,1848,2976,83.90388,7.169451,3.628656,2.029587,3.268426,5767,6.333674,5488,6.027259
word_0114.nii.gz,4,right_kidney,77163,66909,4038,2132,978,3106,86.711248,5.233078,2.762982,1.267447,4.025245,3492,4.525485,3450,4.471055
word_0114.nii.gz,5,stomach,193719,45871,112836,10128,8915,15969,23.679144,58.247255,5.228191,4.602027,8.243383,113343,58.508974,112596,58.123364
word_0114.nii.gz,6,gallbladder,2412,0,1305,628,204,275,0.0,54.104478,26.036484,8.457711,11.401327,1305,54.104478,1305,54.104478
word_0114.nii.gz,7,esophagus,7643,2821,2617,839,506,860,36.90959,34.240481,10.977365,6.620437,11.252126,2214,28.967683,2085,27.279864
word_0114.nii.gz,8,pancreas,31028,4009,15634,6280,2584,2521,12.920588,50.386747,20.239783,8.327962,8.124919,14974,48.259636,14880,47.956684
word_0114.nii.gz,9,duodenum,31290,0,18777,5755,2070,4688,0.0,60.009588,18.392458,6.615532,14.982422,19236,61.47651,18777,60.009588
word_0114.nii.gz,10,colon,429153,0,331005,30324,18649,49175,0.0,77.129835,7.066011,4.345536,11.458617,335231,78.114565,331005,77.129835
word_0114.nii.gz,11,intestine,444914,0,352844,35384,18624,38062,0.0,79.306113,7.952998,4.185978,8.554912,354942,79.777665,352844,79.306113
word_0114.nii.gz,12,adrenal,5481,942,1700,688,675,1476,17.186645,31.016238,12.552454,12.315271,26.929392,1501,27.385514,1489,27.166575
word_0114.nii.gz,13,rectum,31735,0,25919,2163,1475,2178,0.0,81.673231,6.815818,4.647865,6.863085,25919,81.673231,25919,81.673231
word_0114.nii.gz,14,bladder,48414,0,43436,1448,899,2631,0.0,89.71785,2.99087,1.856901,5.434378,43503,89.85624,43436,89.71785
word_0114.nii.gz,15,head_of_femur_left,51982,0,30109,16491,3176,2206,0.0,57.921973,31.724443,6.109807,4.243777,30109,57.921973,30109,57.921973
word_0114.nii.gz,16,head_of_femur_right,53798,0,46430,2301,1852,3215,0.0,86.304324,4.277111,3.442507,5.976059,46430,86.304324,46430,86.304324
word_0115.nii.gz,1,liver,411339,364253,24920,6133,6468,9565,88.552994,6.058263,1.490984,1.572426,2.325333,21260,5.168486,20256,4.924405
word_0115.nii.gz,2,spleen,59125,54632,1230,756,973,1534,92.400846,2.080338,1.278647,1.645666,2.594503,835,1.412262,749,1.266808
word_0115.nii.gz,3,left_kidney,50095,11733,35648,1211,455,1048,23.421499,71.160794,2.417407,0.908274,2.092025,35577,71.019064,35574,71.013075
word_0115.nii.gz,4,right_kidney,46587,42256,2549,808,363,611,90.703415,5.471483,1.734389,0.779187,1.311525,2360,5.065791,2318,4.975637
word_0115.nii.gz,5,stomach,70008,40453,25004,2046,953,1552,57.783396,35.715918,2.922523,1.361273,2.216889,24588,35.1217,24401,34.854588
word_0115.nii.gz,6,gallbladder,5072,3888,372,230,178,404,76.656151,7.334385,4.5347,3.509464,7.9653,282,5.559937,163,3.213722
word_0115.nii.gz,7,esophagus,3768,821,2069,364,180,334,21.788747,54.909766,9.660297,4.77707,8.864119,2059,54.644374,2051,54.432059
word_0115.nii.gz,8,pancreas,31355,11876,13582,2528,1424,1945,37.875937,43.316855,8.06251,4.54154,6.203157,13777,43.938766,13159,41.967788
word_0115.nii.gz,9,duodenum,15254,0,11605,1673,839,1137,0.0,76.078406,10.967615,5.500197,7.453783,11891,77.953324,11605,76.078406
word_0115.nii.gz,10,colon,227386,0,205721,8381,4774,8510,0.0,90.472149,3.685803,2.099514,3.742535,208255,91.586553,205721,90.472149
word_0115.nii.gz,11,intestine,306323,0,263925,13515,8185,20698,0.0,86.159054,4.41201,2.672016,6.75692,266735,87.076387,263925,86.159054
word_0115.nii.gz,12,adrenal,2809,400,1342,220,212,635,14.239943,47.775009,7.831969,7.54717,22.60591,1349,48.024208,1332,47.41901
word_0115.nii.gz,13,rectum,17545,0,11761,1829,1271,2684,0.0,67.033343,10.424622,7.244229,15.297806,11771,67.090339,11761,67.033343
word_0115.nii.gz,14,bladder,140634,0,128030,5834,3912,2858,0.0,91.037729,4.148357,2.781689,2.032225,128289,91.221895,128030,91.037729
word_0115.nii.gz,15,head_of_femur_left,44764,0,32876,6304,2131,3453,0.0,73.442945,14.082745,4.760522,7.713788,32876,73.442945,32876,73.442945
word_0115.nii.gz,16,head_of_femur_right,44672,0,38386,1289,1014,3983,0.0,85.928546,2.885476,2.269878,8.9161,38386,85.928546,38386,85.928546
word_0116.nii.gz,1,liver,309531,280256,10234,5063,5314,8664,90.542143,3.306292,1.6357,1.716791,2.799073,7724,2.495388,6414,2.072167
word_0116.nii.gz,2,spleen,32174,28889,937,615,1034,699,89.789892,2.912289,1.911481,3.213775,2.172562,729,2.265805,713,2.216075
word_0116.nii.gz,3,left_kidney,36057,31295,2466,822,619,855,86.793133,6.839171,2.279724,1.716726,2.371246,2265,6.281721,2142,5.940594
word_0116.nii.gz,4,right_kidney,33099,30991,914,382,262,550,93.631228,2.761413,1.154113,0.791565,1.661682,741,2.238738,709,2.142059
word_0116.nii.gz,5,stomach,148310,77359,52745,4861,3748,9597,52.16034,35.564021,3.277594,2.527139,6.470906,53870,36.322568,51840,34.953813
word_0116.nii.gz,6,gallbladder,882,0,261,123,141,357,0.0,29.591837,13.945578,15.986395,40.47619,321,36.394558,261,29.591837
word_0116.nii.gz,7,esophagus,3283,2387,228,182,160,326,72.707889,6.944867,5.54371,4.873591,9.929942,196,5.970149,149,4.538532
word_0116.nii.gz,8,pancreas,22741,9295,6884,1806,1647,3109,40.873313,30.271316,7.941603,7.242426,13.671343,8581,37.733609,6447,28.349677
word_0116.nii.gz,9,duodenum,22014,0,12449,2884,3013,3668,0.0,56.550377,13.100754,13.686745,16.662124,14516,65.939856,12449,56.550377
word_0116.nii.gz,10,colon,128504,0,67709,18504,15743,26548,0.0,52.690189,14.399552,12.250981,20.659279,77960,60.667372,67709,52.690189
word_0116.nii.gz,11,intestine,348223,0,286835,21488,11924,27976,0.0,82.371067,6.170758,3.424243,8.033932,289205,83.051665,286835,82.371067
word_0116.nii.gz,12,adrenal,2499,897,468,236,201,697,35.894358,18.727491,9.443778,8.043217,27.891156,435,17.406963,381,15.246098
word_0116.nii.gz,13,rectum,17783,0,13967,1012,786,2018,0.0,78.541303,5.690828,4.419952,11.347917,13967,78.541303,13967,78.541303
word_0116.nii.gz,14,bladder,47869,0,42565,1736,1129,2439,0.0,88.91976,3.626564,2.35852,5.095156,42578,88.946918,42565,88.91976
word_0116.nii.gz,15,head_of_femur_left,37045,0,27672,5669,1395,2309,0.0,74.69834,15.30301,3.76569,6.23296,27672,74.69834,27672,74.69834
word_0116.nii.gz,16,head_of_femur_right,36587,0,33728,985,744,1130,0.0,92.185749,2.692213,2.033509,3.088529,33728,92.185749,33728,92.185749
word_0117.nii.gz,1,liver,581343,524943,22913,9160,7886,16441,90.298326,3.941391,1.575662,1.356514,2.828107,17297,2.975352,15683,2.697719
word_0117.nii.gz,2,spleen,210333,53521,132018,13273,2600,8921,25.445841,62.766185,6.31047,1.236135,4.24137,128807,61.239558,128555,61.119748
word_0117.nii.gz,3,left_kidney,51671,20249,27280,1845,570,1727,39.188326,52.795572,3.570668,1.103133,3.3423,27242,52.72203,27137,52.518821
word_0117.nii.gz,4,right_kidney,49217,44053,2785,868,433,1078,89.50769,5.658614,1.763618,0.879777,2.1903,2599,5.280696,2572,5.225837
word_0117.nii.gz,5,stomach,159587,71281,63613,7162,5647,11884,44.665919,39.861016,4.487834,3.538509,7.446722,64343,40.318447,61888,38.780101
word_0117.nii.gz,6,gallbladder,7954,6362,526,295,326,445,79.984913,6.613025,3.708826,4.098567,5.594669,428,5.38094,234,2.941916
word_0117.nii.gz,7,esophagus,3487,1596,536,217,452,686,45.770003,15.371379,6.223114,12.962432,19.673071,552,15.830227,508,14.568397
word_0117.nii.gz,8,pancreas,34802,10820,14963,3037,2028,3954,31.090167,42.994655,8.72651,5.827251,11.361416,14743,42.362508,14051,40.374116
word_0117.nii.gz,9,duodenum,25607,0,17364,2282,1490,4471,0.0,67.809583,8.911626,5.818721,17.46007,19032,74.323427,17364,67.809583
word_0117.nii.gz,10,colon,305506,0,243943,18190,14080,29293,0.0,79.848841,5.954057,4.608747,9.588355,254008,83.143375,243943,79.848841
word_0117.nii.gz,11,intestine,437259,0,329016,42508,24807,40928,0.0,75.245106,9.721469,5.673297,9.360128,343061,78.457162,329016,75.245106
word_0117.nii.gz,12,adrenal,3404,1171,617,244,254,1118,34.400705,18.125734,7.168038,7.46181,32.843713,570,16.745006,535,15.716804
word_0117.nii.gz,13,rectum,20225,0,17836,1199,466,724,0.0,88.187886,5.928307,2.304079,3.579728,17836,88.187886,17836,88.187886
word_0117.nii.gz,14,bladder,53574,0,47594,1449,1477,3054,0.0,88.837869,2.70467,2.756934,5.700526,47787,89.198118,47594,88.837869
word_0117.nii.gz,15,head_of_femur_left,56747,0,39764,13937,2098,948,0.0,70.072427,24.559889,3.697112,1.670573,39764,70.072427,39764,70.072427
word_0117.nii.gz,16,head_of_femur_right,53355,0,50077,1974,617,687,0.0,93.856246,3.699747,1.156405,1.287602,50077,93.856246,50077,93.856246
word_0118.nii.gz,1,liver,410960,325944,44645,15432,9967,14972,79.312828,10.863588,3.75511,2.425297,3.643177,43029,10.470362,41777,10.16571
word_0118.nii.gz,2,spleen,37114,32325,1181,925,1271,1412,87.096513,3.182088,2.492321,3.424584,3.804494,830,2.236353,797,2.147438
word_0118.nii.gz,3,left_kidney,57612,48375,3997,1268,924,3048,83.966882,6.937791,2.20093,1.603833,5.290564,3535,6.135874,3535,6.135874
word_0118.nii.gz,4,right_kidney,58041,44596,9312,1427,469,2237,76.835341,16.043831,2.458607,0.808049,3.854172,9287,16.000758,9254,15.943902
word_0118.nii.gz,5,stomach,66433,50892,8078,2062,2012,3389,76.606506,12.159619,3.103879,3.028615,5.10138,7722,11.623741,7402,11.142053
word_0118.nii.gz,6,gallbladder,11033,7919,833,391,391,1499,71.775582,7.550077,3.543914,3.543914,13.586513,766,6.942808,591,5.356657
word_0118.nii.gz,7,esophagus,6330,2634,1819,657,333,887,41.611374,28.736177,10.379147,5.260664,14.012638,1769,27.946288,1753,27.693523
word_0118.nii.gz,8,pancreas,24437,4135,14489,1469,1332,3012,16.921062,59.291239,6.011376,5.450751,12.325572,14801,60.567991,14469,59.209396
word_0118.nii.gz,9,duodenum,30848,0,20137,5291,1723,3697,0.0,65.278138,17.151841,5.585451,11.98457,20691,67.07404,20137,65.278138
word_0118.nii.gz,10,colon,331370,0,252858,29772,18534,30206,0.0,76.306847,8.984519,5.593144,9.11549,259440,78.293147,252858,76.306847
word_0118.nii.gz,11,intestine,230662,0,192341,14303,7356,16662,0.0,83.386514,6.200848,3.189082,7.223557,194395,84.276994,192341,83.386514
word_0118.nii.gz,12,adrenal,4505,1617,1242,365,443,838,35.893452,27.569367,8.102109,9.833518,18.601554,1262,28.013319,1171,25.993341
word_0118.nii.gz,13,rectum,24432,0,16052,2301,1906,4173,0.0,65.70072,9.417976,7.801244,17.080059,18202,74.500655,16052,65.70072
word_0118.nii.gz,14,bladder,127705,0,106114,12008,3526,6057,0.0,83.093066,9.402921,2.761051,4.742962,106352,83.279433,106114,83.093066
word_0118.nii.gz,15,head_of_femur_left,49742,0,38953,7170,1657,1962,0.0,78.31008,14.414378,3.331189,3.944353,38953,78.31008,38953,78.31008
word_0118.nii.gz,16,head_of_femur_right,50827,0,45500,1326,1176,2825,0.0,89.51935,2.60885,2.313731,5.55807,45500,89.51935,45500,89.51935
word_0119.nii.gz,1,liver,363146,336507,8202,4634,6309,7494,92.664383,2.258596,1.276071,1.737318,2.063633,4632,1.27552,3553,0.978394
word_0119.nii.gz,2,spleen,60523,54651,1350,1091,1976,1455,90.297903,2.230557,1.80262,3.264875,2.404045,966,1.596087,912,1.506865
word_0119.nii.gz,3,left_kidney,59060,49019,4147,1376,1177,3341,82.998645,7.021673,2.329834,1.992889,5.656959,3784,6.407044,3751,6.351168
word_0119.nii.gz,4,right_kidney,57284,48121,4746,1234,780,2403,84.004259,8.285036,2.154179,1.361637,4.194889,4699,8.202989,4557,7.955101
word_0119.nii.gz,5,stomach,161791,95445,40266,5664,4623,15793,58.992775,24.887664,3.500813,2.85739,9.761359,39565,24.454389,38028,23.504398
word_0119.nii.gz,6,gallbladder,2155,1399,230,116,116,294,64.918794,10.672854,5.382831,5.382831,13.642691,109,5.058005,103,4.779582
word_0119.nii.gz,7,esophagus,1778,1193,189,90,61,245,67.097863,10.629921,5.061867,3.430821,13.779528,149,8.380202,142,7.986502
word_0119.nii.gz,8,pancreas,35758,19073,8429,2229,1802,4225,53.339113,23.572347,6.23357,5.039432,11.815538,9095,25.434868,7981,22.319481
word_0119.nii.gz,9,duodenum,30724,0,21089,4374,1395,3866,0.0,68.640151,14.236428,4.540424,12.582997,22044,71.74847,21089,68.640151
word_0119.nii.gz,10,colon,353589,0,290099,15616,13727,34147,0.0,82.044125,4.416427,3.882191,9.657257,296127,83.748929,290099,82.044125
word_0119.nii.gz,11,intestine,375078,0,310175,13911,9978,41014,0.0,82.696133,3.708829,2.660247,10.934792,314050,83.729251,310175,82.696133
word_0119.nii.gz,12,adrenal,5448,1536,962,439,639,1872,28.193833,17.657856,8.058003,11.729075,34.361233,926,16.997063,885,16.244493
word_0119.nii.gz,13,rectum,14430,0,12230,811,549,840,0.0,84.753985,5.620236,3.804574,5.821206,12230,84.753985,12230,84.753985
word_0119.nii.gz,14,bladder,70765,0,66777,1370,754,1864,0.0,94.364446,1.935985,1.065498,2.634071,66777,94.364446,66777,94.364446
word_0119.nii.gz,15,head_of_femur_left,39724,0,28848,6420,2151,2305,0.0,72.621085,16.161514,5.414863,5.802538,28848,72.621085,28848,72.621085
word_0119.nii.gz,16,head_of_femur_right,40791,0,35042,1649,1157,2943,0.0,85.906205,4.042558,2.83641,7.214827,35042,85.906205,35042,85.906205
word_0121.nii.gz,1,liver,529405,437715,35769,11663,11769,32489,82.680556,6.756453,2.203039,2.223062,6.13689,38071,7.191281,30393,5.740973
word_0121.nii.gz,2,spleen,108182,91572,4896,2165,3338,6211,84.646244,4.525707,2.001257,3.085541,5.741251,4129,3.816716,3868,3.575456
word_0121.nii.gz,3,left_kidney,72536,60044,5300,1925,1211,4056,82.778207,7.306717,2.653855,1.669516,5.591706,3029,4.175858,2635,3.632679
word_0121.nii.gz,4,right_kidney,57395,50817,2111,1003,648,2816,88.539071,3.678021,1.747539,1.129018,4.906351,1451,2.528095,1205,2.099486
word_0121.nii.gz,5,stomach,173479,27851,127186,7567,3874,7001,16.054393,73.314926,4.361911,2.233123,4.035647,127639,73.576052,126915,73.158711
word_0121.nii.gz,6,gallbladder,1282,8,145,471,237,421,0.624025,11.310452,36.73947,18.486739,32.839314,147,11.466459,111,8.658346
word_0121.nii.gz,7,esophagus,2993,1530,641,191,144,487,51.119278,21.416639,6.381557,4.811226,16.2713,618,20.648179,579,19.345139
word_0121.nii.gz,8,pancreas,45768,14151,16641,3417,2654,8905,30.918983,36.359465,7.465915,5.798811,19.456826,19573,42.765688,15704,34.312183
word_0121.nii.gz,9,duodenum,27452,0,14250,2615,2533,8054,0.0,51.908786,9.525718,9.227014,29.338482,15874,57.824567,14250,51.908786
word_0121.nii.gz,10,colon,111295,0,52632,14854,21093,22716,0.0,47.290534,13.346512,18.952334,20.41062,60114,54.013208,52632,47.290534
word_0121.nii.gz,11,intestine,308415,0,237739,14631,10767,45278,0.0,77.084124,4.743933,3.491075,14.680868,255004,82.6821,237739,77.084124
word_0121.nii.gz,12,adrenal,1723,588,465,145,144,381,34.126524,26.987812,8.415554,8.357516,22.112594,479,27.800348,457,26.523506
word_0121.nii.gz,13,rectum,26373,0,14483,2821,2065,7004,0.0,54.916013,10.696546,7.829978,26.557464,14849,56.303796,14483,54.916013
word_0121.nii.gz,14,bladder,26252,0,20689,2058,876,2629,0.0,78.809234,7.839403,3.336889,10.014475,20841,79.388237,20689,78.809234
word_0121.nii.gz,15,head_of_femur_left,60418,0,41084,9021,4894,5419,0.0,67.999603,14.930981,8.100235,8.969181,41084,67.999603,41084,67.999603
word_0121.nii.gz,16,head_of_femur_right,64801,0,51406,2197,2167,9031,0.0,79.329023,3.39038,3.344084,13.936513,51406,79.329023,51406,79.329023
word_0122.nii.gz,1,liver,438443,399373,12026,6175,9810,11059,91.088921,2.742888,1.408393,2.237463,2.522335,7694,1.754846,4885,1.11417
word_0122.nii.gz,2,spleen,65258,59487,1437,1015,2169,1150,91.15664,2.202029,1.555365,3.32373,1.762236,959,1.469552,916,1.403659
word_0122.nii.gz,3,left_kidney,55363,48227,2981,1490,1024,1641,87.110525,5.384463,2.691328,1.849611,2.964073,2675,4.831747,2675,4.831747
word_0122.nii.gz,4,right_kidney,50711,44594,2905,1081,481,1650,87.937528,5.72854,2.131687,0.948512,3.253732,2642,5.209915,2617,5.160616
word_0122.nii.gz,5,stomach,188022,159836,7559,3286,5184,12157,85.009201,4.020274,1.747668,2.757124,6.465733,6964,3.703822,5816,3.093255
word_0122.nii.gz,6,gallbladder,5791,4020,480,198,214,879,69.418063,8.288724,3.419099,3.695389,15.178726,231,3.988948,182,3.142808
word_0122.nii.gz,7,esophagus,4856,1248,2627,262,239,480,25.700165,54.098023,5.395387,4.921746,9.884679,2613,53.80972,2603,53.603789
word_0122.nii.gz,8,pancreas,39421,20263,10921,2255,2043,3939,51.401537,27.703508,5.720301,5.182517,9.992136,11551,29.301641,10795,27.383882
word_0122.nii.gz,9,duodenum,27913,0,19209,4339,1178,3187,0.0,68.817397,15.544728,4.220256,11.417619,19659,70.429549,19209,68.817397
word_0122.nii.gz,10,colon,172302,0,154655,4979,3860,8808,0.0,89.758099,2.889694,2.240253,5.111955,155379,90.178292,154655,89.758099
word_0122.nii.gz,11,intestine,300762,0,250323,17436,8906,24097,0.0,83.229597,5.797275,2.961145,8.011983,251605,83.655847,250323,83.229597
word_0122.nii.gz,12,adrenal,5476,2500,1122,314,468,1072,45.653762,20.489408,5.734112,8.546384,19.576333,1172,21.402484,1087,19.850256
word_0122.nii.gz,13,rectum,15488,0,11328,1227,942,1991,0.0,73.140496,7.922262,6.082128,12.855114,11328,73.140496,11328,73.140496
word_0122.nii.gz,14,bladder,43472,0,37848,1173,1105,3346,0.0,87.062937,2.698289,2.541866,7.696908,37849,87.065237,37848,87.062937
word_0122.nii.gz,15,head_of_femur_left,63073,0,44347,10475,4409,3842,0.0,70.310592,16.60774,6.990313,6.091354,44347,70.310592,44347,70.310592
word_0122.nii.gz,16,head_of_femur_right,60854,0,52543,2777,2336,3198,0.0,86.342722,4.563381,3.838696,5.255201,52543,86.342722,52543,86.342722
word_0123.nii.gz,1,liver,583147,541589,16636,7238,10041,7643,92.873495,2.852797,1.241196,1.721864,1.310647,12528,2.148343,11836,2.029677
word_0123.nii.gz,2,spleen,109050,97687,2476,1615,4186,3086,89.580009,2.270518,1.480972,3.838606,2.829895,1606,1.472719,1415,1.29757
word_0123.nii.gz,3,left_kidney,61828,54629,4207,1231,654,1107,88.356408,6.80436,1.991007,1.057773,1.790451,3958,6.40163,3955,6.396778
word_0123.nii.gz,4,right_kidney,52687,48294,2049,866,620,858,91.66208,3.889005,1.643669,1.176761,1.628485,1856,3.522691,1805,3.425893
word_0123.nii.gz,5,stomach,250305,166206,70383,4835,3567,5314,66.40139,28.118895,1.931643,1.425061,2.12301,70452,28.146461,69919,27.933521
word_0123.nii.gz,6,gallbladder,1064,0,735,112,46,171,0.0,69.078947,10.526316,4.323308,16.071429,745,70.018797,735,69.078947
word_0123.nii.gz,7,esophagus,3696,3083,332,91,60,130,83.414502,8.982684,2.462121,1.623377,3.517316,322,8.712121,320,8.658009
word_0123.nii.gz,8,pancreas,40893,26246,9800,1553,1709,1585,64.182134,23.964982,3.797716,4.179199,3.875969,9988,24.424718,9508,23.250923
word_0123.nii.gz,9,duodenum,33181,0,14211,14524,1786,2660,0.0,42.828727,43.772038,5.382598,8.016636,14877,44.8359,14211,42.828727
word_0123.nii.gz,10,colon,262650,0,241444,10265,3836,7105,0.0,91.926137,3.908243,1.460499,2.705121,243003,92.519703,241444,91.926137
word_0123.nii.gz,11,intestine,408020,0,348221,20060,10367,29372,0.0,85.344101,4.916426,2.540807,7.198667,352182,86.314887,348221,85.344101
word_0123.nii.gz,12,adrenal,4442,2729,655,230,329,499,61.43629,14.74561,5.177848,7.406574,11.233679,581,13.079694,573,12.899595
word_0123.nii.gz,13,rectum,28798,0,18396,2724,2758,4920,0.0,63.879436,9.45899,9.577054,17.08452,18399,63.889853,18396,63.879436
word_0123.nii.gz,14,bladder,119428,0,113722,3018,1268,1420,0.0,95.222226,2.527046,1.061728,1.189001,113747,95.243159,113722,95.222226
word_0123.nii.gz,15,head_of_femur_left,72017,0,41842,17957,7942,4276,0.0,58.100171,24.93439,11.027952,5.937487,41842,58.100171,41842,58.100171
word_0123.nii.gz,16,head_of_femur_right,77623,0,63892,3812,4081,5838,0.0,82.310655,4.910916,5.257462,7.520967,63892,82.310655,63892,82.310655
word_0125.nii.gz,1,liver,297822,272690,9859,4338,4993,5942,91.561402,3.310367,1.456575,1.676505,1.995151,7723,2.59316,6930,2.326893
word_0125.nii.gz,2,spleen,24623,20562,2532,509,536,484,83.50729,10.283069,2.067173,2.176827,1.965642,1967,7.988466,1897,7.704179
word_0125.nii.gz,3,left_kidney,33624,3678,27595,1434,392,525,10.938615,82.069355,4.264811,1.165834,1.561385,27587,82.045563,27587,82.045563
word_0125.nii.gz,4,right_kidney,33288,14861,15337,1862,546,682,44.643715,46.07366,5.593607,1.640231,2.048786,15334,46.064648,15316,46.010574
word_0125.nii.gz,5,stomach,186864,61116,113913,4792,3211,3832,32.706139,60.960378,2.564432,1.718362,2.050689,114457,61.251498,113454,60.714744
word_0125.nii.gz,6,gallbladder,2357,679,520,251,325,582,28.807807,22.061943,10.64913,13.788714,24.692406,664,28.171404,418,17.734408
word_0125.nii.gz,7,esophagus,1265,748,264,101,44,108,59.130435,20.869565,7.98419,3.478261,8.537549,279,22.055336,261,20.632411
word_0125.nii.gz,8,pancreas,26990,14715,6102,1926,2131,2116,54.520193,22.608373,7.135976,7.895517,7.839941,6711,24.864765,5938,22.000741
word_0125.nii.gz,9,duodenum,17190,0,12824,1490,1349,1527,0.0,74.601513,8.66783,7.847586,8.883072,13321,77.492728,12824,74.601513
word_0125.nii.gz,10,colon,150849,0,128966,6963,3937,10983,0.0,85.49344,4.615874,2.609895,7.280791,135719,89.970103,128966,85.49344
word_0125.nii.gz,11,intestine,227670,0,199297,10813,6006,11554,0.0,87.537664,4.749418,2.638029,5.074889,200393,88.019063,199297,87.537664
word_0125.nii.gz,12,adrenal,2472,573,1294,168,103,334,23.179612,52.346278,6.796117,4.166667,13.511327,1355,54.813916,1293,52.305825
word_0125.nii.gz,13,rectum,18675,0,12181,2337,1168,2989,0.0,65.226238,12.514056,6.254351,16.005355,12810,68.594378,12181,65.226238
word_0125.nii.gz,14,bladder,70907,0,68166,1039,520,1182,0.0,96.134373,1.4653,0.733355,1.666972,68172,96.142835,68166,96.134373
word_0125.nii.gz,15,head_of_femur_left,37514,0,22348,12528,1595,1043,0.0,59.572426,33.395532,4.251746,2.780295,22348,59.572426,22348,59.572426
word_0125.nii.gz,16,head_of_femur_right,37232,0,34199,1104,731,1198,0.0,91.853782,2.965191,1.963365,3.217662,34199,91.853782,34199,91.853782
word_0126.nii.gz,1,liver,534707,504143,10848,5707,6268,7741,94.283972,2.028775,1.067314,1.172231,1.447709,6745,1.261439,5854,1.094805
word_0126.nii.gz,2,spleen,77064,71296,1453,1124,1680,1511,92.515312,1.885446,1.458528,2.180006,1.960708,784,1.017336,601,0.779871
word_0126.nii.gz,3,left_kidney,60237,51880,4500,1019,810,2028,86.126467,7.470492,1.691651,1.344688,3.366702,4183,6.944237,4178,6.935936
word_0126.nii.gz,4,right_kidney,57978,52297,2095,1340,573,1673,90.201456,3.61344,2.311221,0.988306,2.885577,1717,2.961468,1654,2.852806
word_0126.nii.gz,5,stomach,136792,45287,78918,4425,3069,5093,33.106468,57.69197,3.234838,2.243552,3.723171,78788,57.596935,78612,57.468273
word_0126.nii.gz,6,gallbladder,4063,3222,350,94,122,275,79.301009,8.614324,2.313561,3.002707,6.768398,331,8.14669,278,6.842235
word_0126.nii.gz,7,esophagus,3664,1597,1266,272,283,246,43.586245,34.552402,7.423581,7.723799,6.713974,1235,33.706332,1217,33.215066
word_0126.nii.gz,8,pancreas,17536,9576,3916,1397,1071,1576,54.607664,22.331204,7.966469,6.107436,8.987226,3886,22.160128,3540,20.187044
word_0126.nii.gz,9,duodenum,10673,0,8929,688,360,696,0.0,83.659702,6.446173,3.372997,6.521128,9089,85.158812,8929,83.659702
word_0126.nii.gz,10,colon,542469,0,456433,35512,20476,30048,0.0,84.139923,6.546365,3.774594,5.539118,465654,85.839744,456433,84.139923
word_0126.nii.gz,11,intestine,490228,0,334374,70841,28277,56736,0.0,68.207854,14.450623,5.768132,11.57339,355204,72.456898,334374,68.207854
word_0126.nii.gz,12,adrenal,3752,1108,1622,248,318,456,29.530917,43.230277,6.609808,8.47548,12.153518,1653,44.056503,1587,42.297441
word_0126.nii.gz,13,rectum,15919,0,12122,1346,1036,1415,0.0,76.147999,8.455305,6.507946,8.888749,12128,76.18569,12122,76.147999
word_0126.nii.gz,14,bladder,83898,0,78899,1666,1191,2142,0.0,94.041574,1.985745,1.419581,2.5531,78899,94.041574,78899,94.041574
word_0126.nii.gz,15,head_of_femur_left,42252,0,32304,7517,1112,1319,0.0,76.455552,17.790874,2.631828,3.121746,32304,76.455552,32304,76.455552
word_0126.nii.gz,16,head_of_femur_right,43634,0,41326,911,501,896,0.0,94.710547,2.087821,1.148187,2.053445,41326,94.710547,41326,94.710547
word_0127.nii.gz,1,liver,258416,233660,9090,3786,4101,7779,90.420098,3.517584,1.46508,1.586976,3.010263,6625,2.563696,5874,2.273079
word_0127.nii.gz,2,spleen,75972,68559,2071,1223,2041,2078,90.242458,2.726004,1.609804,2.686516,2.735218,1505,1.980993,1442,1.898068
word_0127.nii.gz,3,left_kidney,50814,43790,2831,1208,813,2172,86.177038,5.571299,2.377298,1.599953,4.274413,2820,5.549652,2496,4.912032
word_0127.nii.gz,4,right_kidney,50688,15869,30701,1023,643,2452,31.307213,60.568576,2.018229,1.268545,4.837437,30674,60.515309,30669,60.505445
word_0127.nii.gz,5,stomach,173607,119338,44391,2897,2420,4561,68.740316,25.569821,1.668712,1.393953,2.627198,43848,25.257046,43596,25.111891
word_0127.nii.gz,6,gallbladder,5826,173,949,696,916,3092,2.969447,16.289049,11.946447,15.722623,53.072434,682,11.706145,89,1.527635
word_0127.nii.gz,7,esophagus,10000,3661,3363,917,580,1479,36.61,33.63,9.17,5.8,14.79,3301,33.01,3221,32.21
word_0127.nii.gz,8,pancreas,37616,10595,16982,3327,2094,4618,28.166206,45.145683,8.844641,5.56678,12.276691,16676,44.332199,16389,43.569226
word_0127.nii.gz,9,duodenum,52246,0,16900,11786,6340,17220,0.0,32.346974,22.558665,12.1349,32.959461,25126,48.09172,16900,32.346974
word_0127.nii.gz,10,colon,382126,0,249163,29652,24875,78436,0.0,65.204409,7.759744,6.509633,20.526214,287790,75.312855,249163,65.204409
word_0127.nii.gz,11,intestine,440531,0,341542,38696,24794,35499,0.0,77.529618,8.783945,5.628208,8.05823,352562,80.031144,341542,77.529618
word_0127.nii.gz,12,adrenal,3882,1175,1574,311,269,553,30.267903,40.54611,8.011334,6.929418,14.245234,1582,40.75219,1562,40.236991
word_0127.nii.gz,13,rectum,13664,0,11980,641,348,695,0.0,87.675644,4.691159,2.546838,5.086358,11980,87.675644,11980,87.675644
word_0127.nii.gz,14,bladder,44776,0,41533,1182,584,1477,0.0,92.757281,2.639807,1.30427,3.298642,41610,92.929248,41533,92.757281
word_0127.nii.gz,15,head_of_femur_left,46717,0,35712,8138,1744,1123,0.0,76.443265,17.419783,3.733116,2.403836,35712,76.443265,35712,76.443265
word_0127.nii.gz,16,head_of_femur_right,45294,0,41415,1230,1732,917,0.0,91.435952,2.715591,3.823906,2.024551,41415,91.435952,41415,91.435952
word_0128.nii.gz,1,liver,363023,314105,13187,7004,10963,17764,86.524821,3.632552,1.929354,3.019919,4.893354,9985,2.750514,7020,1.933762
word_0128.nii.gz,2,spleen,89896,75034,3044,2048,3208,6562,83.467563,3.386135,2.278188,3.568568,7.299546,2115,2.352719,1896,2.109104
word_0128.nii.gz,3,left_kidney,62118,48691,6676,1641,1672,3438,78.384687,10.747287,2.641746,2.691651,5.534628,7147,11.505522,6227,10.02447
word_0128.nii.gz,4,right_kidney,50177,41492,3864,1177,955,2689,82.691273,7.700739,2.345696,1.903262,5.359029,3196,6.369452,3139,6.255854
word_0128.nii.gz,5,stomach,113253,80452,18346,3873,3375,7207,71.037412,16.199129,3.419777,2.980054,6.363628,18847,16.641502,17678,15.6093
word_0128.nii.gz,6,gallbladder,2502,1527,305,180,109,381,61.031175,12.190248,7.194245,4.356515,15.227818,281,11.231015,252,10.071942
word_0128.nii.gz,7,esophagus,13152,5873,2076,1401,1203,2599,44.654805,15.784672,10.652372,9.146898,19.761253,1591,12.097019,1274,9.68674
word_0128.nii.gz,8,pancreas,19748,5817,7410,1238,1694,3589,29.456147,37.522787,6.268989,8.578084,18.173992,7565,38.307677,7325,37.092364
word_0128.nii.gz,9,duodenum,58808,0,12904,3951,9044,32909,0.0,21.942593,6.718474,15.37886,55.960073,28042,47.683989,12904,21.942593
word_0128.nii.gz,10,colon,539843,0,377169,50110,24838,87726,0.0,69.866424,9.282328,4.600967,16.25028,402524,74.56316,377169,69.866424
word_0128.nii.gz,11,intestine,288593,0,249544,10334,7435,21280,0.0,86.46918,3.580821,2.576293,7.373706,250483,86.794551,249544,86.46918
word_0128.nii.gz,12,adrenal,2811,737,805,264,253,752,26.218428,28.637496,9.391676,9.000356,26.752046,819,29.135539,792,28.175027
word_0128.nii.gz,13,rectum,18840,0,9634,3690,1929,3587,0.0,51.135881,19.585987,10.238854,19.039278,9638,51.157113,9634,51.135881
word_0128.nii.gz,14,bladder,58280,0,51093,2106,1184,3897,0.0,87.668154,3.61359,2.031572,6.686685,51093,87.668154,51093,87.668154
word_0128.nii.gz,15,head_of_femur_left,41508,0,4983,6510,7812,22203,0.0,12.004915,15.683724,18.820468,53.490893,4983,12.004915,4983,12.004915
word_0128.nii.gz,16,head_of_femur_right,49398,0,42374,1397,1218,4409,0.0,85.780801,2.82805,2.465687,8.925463,42374,85.780801,42374,85.780801
word_0130.nii.gz,1,liver,423170,396515,10926,5000,5420,5309,93.701113,2.581941,1.181558,1.280809,1.254579,7830,1.85032,6826,1.613063
word_0130.nii.gz,2,spleen,39523,35137,1381,931,803,1271,88.902664,3.494168,2.35559,2.031728,3.215849,829,2.097513,721,1.824254
word_0130.nii.gz,3,left_kidney,51645,44369,4265,1478,472,1061,85.911511,8.258302,2.861845,0.913932,2.05441,2969,5.748862,2956,5.723691
word_0130.nii.gz,4,right_kidney,52306,47546,2059,1026,407,1268,90.899706,3.936451,1.961534,0.778113,2.424196,1816,3.471877,1692,3.234811
word_0130.nii.gz,5,stomach,91401,61457,18310,4401,2386,4847,67.23887,20.032604,4.815046,2.610475,5.303005,18855,20.628877,17646,19.306135
word_0130.nii.gz,6,gallbladder,1361,664,187,136,129,245,48.787656,13.739897,9.992652,9.478325,18.00147,233,17.119765,187,13.739897
word_0130.nii.gz,7,esophagus,1661,653,713,99,69,127,39.313666,42.925948,5.960265,4.154124,7.645996,710,42.745334,705,42.444311
word_0130.nii.gz,8,pancreas,35357,23274,6283,2354,1195,2251,65.825721,17.770173,6.657805,3.379812,6.36649,6511,18.415024,5757,16.28249
word_0130.nii.gz,9,duodenum,10530,0,8382,797,580,771,0.0,79.60114,7.568851,5.508072,7.321937,8605,81.718898,8382,79.60114
word_0130.nii.gz,10,colon,348881,0,316452,9929,7454,15046,0.0,90.704854,2.845956,2.136545,4.312645,319020,91.440921,316452,90.704854
word_0130.nii.gz,11,intestine,397301,0,315387,32379,17839,31696,0.0,79.382383,8.14974,4.490047,7.97783,322187,81.093931,315387,79.382383
word_0130.nii.gz,12,adrenal,2032,637,792,116,112,375,31.348425,38.976378,5.708661,5.511811,18.454724,871,42.864173,777,38.238189
word_0130.nii.gz,13,rectum,24535,0,16238,2301,1691,4305,0.0,66.183004,9.378439,6.892195,17.546362,16238,66.183004,16238,66.183004
word_0130.nii.gz,14,bladder,159925,0,149969,4761,2430,2765,0.0,93.774582,2.97702,1.519462,1.728935,150385,94.034704,149969,93.774582
word_0130.nii.gz,15,head_of_femur_left,41076,0,28263,9923,1757,1133,0.0,68.806602,24.157659,4.277437,2.758302,28263,68.806602,28263,68.806602
word_0130.nii.gz,16,head_of_femur_right,40341,0,37511,1215,710,905,0.0,92.984805,3.011824,1.759996,2.243375,37511,92.984805,37511,92.984805
word_0132.nii.gz,1,liver,385882,364280,7931,3970,3766,5935,94.401916,2.055292,1.028812,0.975946,1.538035,5568,1.442928,3765,0.975687
word_0132.nii.gz,2,spleen,77900,72846,1443,903,1084,1624,93.512195,1.852375,1.159178,1.391528,2.084724,1207,1.549422,1007,1.292683
word_0132.nii.gz,3,left_kidney,55662,51233,2211,749,489,980,92.043046,3.972189,1.345622,0.878517,1.760627,1801,3.235601,1769,3.178111
word_0132.nii.gz,4,right_kidney,41656,38359,1538,664,460,635,92.085174,3.692145,1.594008,1.104283,1.52439,1516,3.639332,1332,3.197619
word_0132.nii.gz,5,stomach,92426,79499,9386,1051,1074,1416,86.013676,10.155151,1.137126,1.162011,1.532036,9210,9.964729,9108,9.85437
word_0132.nii.gz,6,gallbladder,2866,2391,197,82,62,134,83.426378,6.873692,2.86113,2.163294,4.675506,164,5.722261,151,5.268667
word_0132.nii.gz,7,esophagus,2598,1200,224,243,257,674,46.189376,8.622017,9.353349,9.892225,25.943033,155,5.966128,66,2.540416
word_0132.nii.gz,8,pancreas,14413,9384,3151,616,394,868,65.107889,21.862208,4.273919,2.733643,6.022341,3195,22.167488,2987,20.724346
word_0132.nii.gz,9,duodenum,27789,0,12464,4270,3080,7975,0.0,44.85228,15.365792,11.083522,28.698406,15672,56.396416,12464,44.85228
word_0132.nii.gz,10,colon,197587,0,126396,16662,16112,38417,0.0,63.969796,8.432741,8.154383,19.443081,145869,73.825201,126396,63.969796
word_0132.nii.gz,11,intestine,324388,0,268673,21648,10825,23242,0.0,82.82458,6.67349,3.337053,7.164877,273519,84.31847,268673,82.82458
word_0132.nii.gz,12,adrenal,2864,1680,417,185,282,300,58.659218,14.560056,6.459497,9.846369,10.47486,310,10.824022,310,10.824022
word_0132.nii.gz,13,rectum,12964,0,10433,872,589,1070,0.0,80.476705,6.726319,4.543351,8.253625,10560,81.456341,10433,80.476705
word_0132.nii.gz,14,bladder,131991,0,112140,9431,3319,7101,0.0,84.960338,7.145184,2.514565,5.379912,112766,85.434613,112140,84.960338
word_0132.nii.gz,15,head_of_femur_left,40039,0,32454,4708,1475,1402,0.0,81.05597,11.758535,3.683908,3.501586,32454,81.05597,32454,81.05597
word_0132.nii.gz,16,head_of_femur_right,39587,0,34804,1627,1318,1838,0.0,87.917751,4.109935,3.329376,4.642938,34804,87.917751,34804,87.917751
word_0133.nii.gz,1,liver,329884,301286,13527,4380,4364,6327,91.330892,4.100532,1.327739,1.322889,1.917947,11696,3.545489,10561,3.201428
word_0133.nii.gz,2,spleen,71335,61635,5569,1173,1104,1854,86.402187,7.806827,1.644354,1.547627,2.599005,5102,7.152169,4983,6.985351
word_0133.nii.gz,3,left_kidney,54182,41624,8352,1720,644,1842,76.822561,15.414713,3.174486,1.188587,3.399653,7933,14.641394,7871,14.526965
word_0133.nii.gz,4,right_kidney,56215,48555,3776,1332,687,1865,86.373744,6.717068,2.369474,1.222094,3.31762,3531,6.281242,3490,6.208307
word_0133.nii.gz,5,stomach,88889,40969,33086,3802,3532,7500,46.090067,37.221703,4.277245,3.973495,8.437489,33936,38.177952,33032,37.160954
word_0133.nii.gz,6,gallbladder,5234,3317,594,296,272,755,63.374092,11.348873,5.655331,5.19679,14.424914,550,10.508216,533,10.183416
word_0133.nii.gz,7,esophagus,3841,2199,755,452,165,270,57.250716,19.656339,11.767769,4.295756,7.029419,736,19.161677,698,18.172351
word_0133.nii.gz,8,pancreas,34458,20358,7827,1688,1455,3130,59.08062,22.714609,4.898717,4.222532,9.083522,8321,24.148238,7445,21.606013
word_0133.nii.gz,9,duodenum,9784,0,7546,762,534,942,0.0,77.12592,7.788226,5.45789,9.627964,8040,82.17498,7546,77.12592
word_0133.nii.gz,10,colon,75736,0,44492,19424,5606,6214,0.0,58.746171,25.646984,7.402028,8.204817,45612,60.224992,44492,58.746171
word_0133.nii.gz,11,intestine,283669,0,246408,16659,6799,13803,0.0,86.86462,5.87269,2.396808,4.865882,246856,87.022551,246408,86.86462
word_0133.nii.gz,12,adrenal,1292,173,698,108,90,223,13.390093,54.024768,8.359133,6.965944,17.260062,717,55.495356,687,53.173375
word_0133.nii.gz,13,rectum,8831,0,6948,944,587,352,0.0,78.677386,10.689616,6.647039,3.985959,6948,78.677386,6948,78.677386
word_0133.nii.gz,14,bladder,243739,0,134787,83672,11078,14202,0.0,55.299726,34.328524,4.545026,5.826724,134823,55.314496,134787,55.299726
word_0133.nii.gz,15,head_of_femur_left,37727,0,26743,9068,1082,834,0.0,70.885573,24.035836,2.867973,2.210618,26743,70.885573,26743,70.885573
word_0133.nii.gz,16,head_of_femur_right,40540,0,37214,994,705,1627,0.0,91.795757,2.451899,1.739023,4.01332,37214,91.795757,37214,91.795757
word_0134.nii.gz,1,liver,485650,438105,11534,7303,13198,15510,90.210028,2.374961,1.503758,2.717595,3.193658,6848,1.410069,5736,1.181097
word_0134.nii.gz,2,spleen,47880,44226,861,667,1397,729,92.368421,1.798246,1.393066,2.917711,1.522556,502,1.048454,451,0.941938
word_0134.nii.gz,3,left_kidney,40533,35864,2393,679,403,1194,88.480991,5.903831,1.675178,0.994252,2.945748,2289,5.64725,2272,5.605309
word_0134.nii.gz,4,right_kidney,35456,30884,1809,837,480,1446,87.105144,5.102098,2.360672,1.353791,4.078294,1736,4.896209,1736,4.896209
word_0134.nii.gz,5,stomach,136276,122995,4335,2441,2732,3773,90.254337,3.181044,1.791218,2.004755,2.768646,3354,2.461182,3157,2.316622
word_0134.nii.gz,6,gallbladder,3945,1049,1794,291,178,633,26.590621,45.475285,7.376426,4.512041,16.045627,1724,43.700887,1724,43.700887
word_0134.nii.gz,7,esophagus,3176,2026,639,140,75,296,63.790932,20.119647,4.40806,2.361461,9.319899,639,20.119647,639,20.119647
word_0134.nii.gz,8,pancreas,31157,13474,11819,2067,1781,2016,43.245499,37.933691,6.634143,5.716211,6.470456,11882,38.135892,11599,37.227589
word_0134.nii.gz,9,duodenum,40617,0,28393,6706,1771,3747,0.0,69.904227,16.510328,4.360243,9.225201,28654,70.546815,28393,69.904227
word_0134.nii.gz,10,colon,149781,0,105491,23531,9518,11241,0.0,70.430161,15.71027,6.354611,7.504957,110364,73.683578,105491,70.430161
word_0134.nii.gz,11,intestine,221011,0,180655,17552,8793,14011,0.0,81.740275,7.941686,3.978535,6.339503,181108,81.945243,180655,81.740275
word_0134.nii.gz,12,adrenal,3450,1737,669,166,260,618,50.347826,19.391304,4.811594,7.536232,17.913043,650,18.84058,637,18.463768
word_0134.nii.gz,13,rectum,10829,0,6807,1794,1176,1052,0.0,62.85899,16.566627,10.859729,9.714655,6938,64.068704,6807,62.85899
word_0134.nii.gz,14,bladder,28774,0,21154,1790,2079,3751,0.0,73.517759,6.220894,7.225273,13.036074,21154,73.517759,21154,73.517759
word_0134.nii.gz,15,head_of_femur_left,45399,0,35168,7366,1554,1311,0.0,77.464261,16.225027,3.422983,2.887729,35168,77.464261,35168,77.464261
word_0134.nii.gz,16,head_of_femur_right,46769,0,43037,1277,1028,1427,0.0,92.020355,2.730441,2.198037,3.051166,43037,92.020355,43037,92.020355
word_0135.nii.gz,1,liver,365507,323019,11102,5734,10664,14988,88.375599,3.037425,1.56878,2.917591,4.100605,7843,2.145787,6891,1.885326
word_0135.nii.gz,2,spleen,27921,23384,966,746,1420,1405,83.750582,3.459761,2.671824,5.085778,5.032055,724,2.59303,649,2.324415
word_0135.nii.gz,3,left_kidney,32111,26543,1856,827,852,2033,82.660148,5.779951,2.575441,2.653296,6.331164,1764,5.493445,1758,5.474759
word_0135.nii.gz,4,right_kidney,44443,35350,4572,1229,737,2555,79.540085,10.287334,2.76534,1.658304,5.748937,4450,10.012825,4430,9.967824
word_0135.nii.gz,5,stomach,140013,56029,68683,3214,3644,8443,40.016998,49.054731,2.295501,2.602615,6.030154,68070,48.616914,67552,48.246948
word_0135.nii.gz,6,gallbladder,2137,1393,262,83,70,329,65.184839,12.260178,3.883949,3.27562,15.395414,257,12.026205,243,11.371081
word_0135.nii.gz,7,esophagus,8305,5484,884,479,460,998,66.032511,10.64419,5.76761,5.538832,12.016857,813,9.789284,730,8.789886
word_0135.nii.gz,8,pancreas,25926,18313,2296,1240,1508,2569,70.635655,8.855975,4.782843,5.816555,9.908972,2104,8.115405,1762,6.796266
word_0135.nii.gz,9,duodenum,31400,0,17453,5109,4421,4417,0.0,55.582803,16.270701,14.079618,14.066879,18022,57.394904,17453,55.582803
word_0135.nii.gz,10,colon,407826,0,338879,21398,12458,35091,0.0,83.094016,5.246845,3.054734,8.604405,345863,84.806511,338879,83.094016
word_0135.nii.gz,11,intestine,324631,0,280517,11835,7986,24293,0.0,86.411033,3.645678,2.460024,7.483266,281892,86.834591,280517,86.411033
word_0135.nii.gz,12,adrenal,5802,1618,535,432,401,2816,27.886936,9.220958,7.445708,6.91141,48.534988,535,9.220958,502,8.652189
word_0135.nii.gz,13,rectum,30540,0,21684,2309,1391,5156,0.0,71.001965,7.560576,4.554682,16.882777,21812,71.421087,21684,71.001965
word_0135.nii.gz,14,bladder,46281,0,42814,832,527,2108,0.0,92.508805,1.797714,1.138696,4.554785,42861,92.610358,42814,92.508805
word_0135.nii.gz,15,head_of_femur_left,59632,0,41882,9535,4046,4169,0.0,70.234102,15.989737,6.784948,6.991213,41882,70.234102,41882,70.234102
word_0135.nii.gz,16,head_of_femur_right,60743,0,51452,2651,2243,4397,0.0,84.70441,4.364289,3.692607,7.238694,51452,84.70441,51452,84.70441
word_0136.nii.gz,1,liver,539044,495789,14225,5730,5678,17622,91.975609,2.638931,1.062993,1.053346,3.269121,10585,1.963662,8619,1.598942
word_0136.nii.gz,2,spleen,70137,62510,2366,1046,1792,2423,89.125569,3.373398,1.491367,2.555,3.454667,1948,2.777421,1885,2.687597
word_0136.nii.gz,3,left_kidney,82084,24589,47947,4547,1257,3744,29.955899,58.412114,5.539447,1.531358,4.561181,46982,57.236489,46976,57.22918
word_0136.nii.gz,4,right_kidney,86499,20670,56354,4060,1211,4204,23.89623,65.149886,4.693696,1.400016,4.860172,56280,65.064336,56264,65.045839
word_0136.nii.gz,5,stomach,263092,179019,68578,4387,2612,8496,68.044258,26.066167,1.667478,0.992809,3.229289,67494,25.654144,66894,25.426087
word_0136.nii.gz,6,gallbladder,963,751,68,38,29,77,77.985462,7.061267,3.946002,3.011423,7.995846,56,5.815161,56,5.815161
word_0136.nii.gz,7,esophagus,5020,1033,2187,945,491,364,20.577689,43.565737,18.824701,9.780876,7.250996,2168,43.187251,2168,43.187251
word_0136.nii.gz,8,pancreas,25923,2549,19201,1105,769,2299,9.832967,74.069359,4.262624,2.966478,8.868572,19312,74.49755,19170,73.949774
word_0136.nii.gz,9,duodenum,79425,0,30884,22569,10534,15438,0.0,38.884482,28.415486,13.262827,19.437205,36527,45.989298,30884,38.884482
word_0136.nii.gz,10,colon,302129,0,263606,15887,10178,12458,0.0,87.249486,5.25835,3.36876,4.123404,265546,87.891596,263606,87.249486
word_0136.nii.gz,11,intestine,377804,0,324857,25207,9180,18560,0.0,85.98559,6.671978,2.429831,4.9126,325361,86.118993,324857,85.98559
word_0136.nii.gz,12,adrenal,5583,1422,2427,380,348,1006,25.470177,43.471252,6.806377,6.233208,18.018986,2428,43.489164,2409,43.148845
word_0136.nii.gz,13,rectum,16819,0,14284,1083,507,945,0.0,84.92776,6.439146,3.014448,5.618646,14284,84.92776,14284,84.92776
word_0136.nii.gz,14,bladder,38482,0,34582,620,505,2775,0.0,89.865392,1.611143,1.312302,7.211164,34582,89.865392,34582,89.865392
word_0136.nii.gz,15,head_of_femur_left,61597,0,44653,12865,2313,1766,0.0,72.492167,20.885757,3.755053,2.867023,44653,72.492167,44653,72.492167
word_0136.nii.gz,16,head_of_femur_right,64326,0,59515,1825,1604,1382,0.0,92.520909,2.837111,2.493548,2.148431,59515,92.520909,59515,92.520909
word_0138.nii.gz,1,liver,551617,495400,14283,7523,9116,25295,89.80869,2.589297,1.363809,1.652596,4.585609,12256,2.221831,7620,1.381393
word_0138.nii.gz,2,spleen,88423,63434,14563,2588,2679,5159,71.739253,16.469697,2.92684,3.029755,5.834455,13373,15.123893,13280,15.018717
word_0138.nii.gz,3,left_kidney,72736,15200,46657,4282,1298,5299,20.897492,64.145678,5.887044,1.784536,7.285251,44906,61.738341,44879,61.701221
word_0138.nii.gz,4,right_kidney,80730,33167,35961,3460,1956,6186,41.08386,44.544779,4.285891,2.422891,7.662579,35560,44.048061,35518,43.996036
word_0138.nii.gz,5,stomach,275338,50509,174655,11413,8898,29863,18.344362,63.432944,4.145087,3.231664,10.845942,177027,64.294431,174287,63.29929
word_0138.nii.gz,6,gallbladder,2270,1372,294,121,138,345,60.440529,12.951542,5.330396,6.079295,15.198238,259,11.409692,250,11.013216
word_0138.nii.gz,7,esophagus,8063,2062,2424,977,1052,1548,25.573608,30.063252,12.117078,13.047253,19.198809,2518,31.229071,2352,29.170284
word_0138.nii.gz,8,pancreas,37041,2624,20074,3038,2300,9005,7.084042,54.194001,8.201722,6.209336,24.310899,20651,55.751735,19954,53.870036
word_0138.nii.gz,9,duodenum,25399,0,17147,1598,2076,4578,0.0,67.510532,6.291586,8.17355,18.024332,17725,69.786212,17147,67.510532
word_0138.nii.gz,10,colon,419806,0,342444,20317,14887,42158,0.0,81.571964,4.839616,3.546162,10.042258,350094,83.394234,342444,81.571964
word_0138.nii.gz,11,intestine,388684,0,281225,23730,19690,64039,0.0,72.35312,6.105217,5.065812,16.475852,292043,75.136358,281225,72.35312
word_0138.nii.gz,12,adrenal,8213,577,1508,446,802,4880,7.025447,18.361135,5.430415,9.765007,59.417996,1581,19.24997,1506,18.336783
word_0138.nii.gz,13,rectum,35907,0,26488,2936,1686,4797,0.0,73.768346,8.176679,4.695463,13.359512,26651,74.222296,26488,73.768346
word_0138.nii.gz,14,bladder,82454,0,73705,1718,1238,5793,0.0,89.389235,2.083586,1.501443,7.025736,73762,89.458365,73705,89.389235
word_0138.nii.gz,15,head_of_femur_left,66331,0,42000,15021,4744,4566,0.0,63.31881,22.64552,7.15201,6.883659,42000,63.31881,42000,63.31881
word_0138.nii.gz,16,head_of_femur_right,66254,0,54836,2472,2421,6525,0.0,82.766324,3.731095,3.654119,9.848462,54836,82.766324,54836,82.766324
word_0140.nii.gz,1,liver,459583,396938,17107,7726,11445,26367,86.369165,3.722287,1.681089,2.490301,5.737157,15179,3.302777,13152,2.861725
word_0140.nii.gz,2,spleen,75708,63459,3450,1692,2458,4649,83.820732,4.556982,2.234903,3.246685,6.140698,3065,4.048449,2722,3.595393
word_0140.nii.gz,3,left_kidney,68452,56234,4674,1593,1197,4754,82.150996,6.828142,2.327178,1.748671,6.945013,3815,5.573248,3445,5.032724
word_0140.nii.gz,4,right_kidney,64404,54430,2770,1875,1004,4325,84.513384,4.300975,2.91131,1.558909,6.715421,2165,3.361592,2026,3.145767
word_0140.nii.gz,5,stomach,176798,36073,121517,8082,4302,6824,20.403511,68.732112,4.571319,2.433285,3.859772,122032,69.023405,121423,68.678944
word_0140.nii.gz,6,gallbladder,5413,2963,938,390,293,829,54.738592,17.328653,7.204877,5.412895,15.314982,875,16.164788,793,14.649917
word_0140.nii.gz,7,esophagus,3630,1892,713,130,204,691,52.121212,19.641873,3.581267,5.619835,19.035813,652,17.961433,608,16.749311
word_0140.nii.gz,8,pancreas,36194,13925,10790,3853,2001,5625,38.473228,29.811571,10.645411,5.528541,15.54125,11573,31.974913,10292,28.435652
word_0140.nii.gz,9,duodenum,40247,0,8450,11477,11181,9139,0.0,20.995354,28.516411,27.780953,22.707283,9893,24.580714,8450,20.995354
word_0140.nii.gz,10,colon,203168,0,147968,16269,9937,28994,0.0,72.830367,8.007659,4.891026,14.270948,156420,76.990471,147968,72.830367
word_0140.nii.gz,11,intestine,312202,0,225329,22061,22279,42533,0.0,72.174105,7.066258,7.136085,13.623551,229775,73.598183,225329,72.174105
word_0140.nii.gz,12,adrenal,4033,1274,873,362,338,1186,31.589388,21.646417,8.975948,8.380858,29.407389,854,21.175304,800,19.83635
word_0140.nii.gz,13,rectum,34438,0,19648,3788,2422,8580,0.0,57.053255,10.999477,7.032929,24.914339,21653,62.875312,19648,57.053255
word_0140.nii.gz,14,bladder,46382,0,39708,1619,1352,3703,0.0,85.610797,3.490578,2.914924,7.983701,40157,86.578845,39708,85.610797
word_0140.nii.gz,15,head_of_femur_left,71240,0,38266,15471,5063,12440,0.0,53.714206,21.716732,7.106962,17.4621,38266,53.714206,38266,53.714206
word_0140.nii.gz,16,head_of_femur_right,71224,0,53036,2884,2113,13191,0.0,74.463664,4.049197,2.966697,18.520443,53036,74.463664,53036,74.463664
word_0142.nii.gz,1,liver,625239,481553,98949,9042,10954,24741,77.019028,15.825788,1.446167,1.75197,3.957047,9217,1.474156,7140,1.141963
word_0142.nii.gz,2,spleen,108734,78534,20658,2088,2824,4630,72.225799,18.998657,1.920283,2.597164,4.258098,19926,18.325455,19645,18.067026
word_0142.nii.gz,3,left_kidney,89064,72726,8452,2206,1022,4658,81.655888,9.489805,2.476871,1.147489,5.229947,7625,8.561259,7620,8.555645
word_0142.nii.gz,4,right_kidney,91948,62637,21442,1726,1092,5051,68.1222,23.319702,1.877148,1.187628,5.493322,21429,23.305564,21378,23.250098
word_0142.nii.gz,5,stomach,268957,64303,171346,9310,6857,17141,23.908283,63.707582,3.46152,2.549478,6.373138,171763,63.862625,170928,63.552166
word_0142.nii.gz,6,gallbladder,17164,12570,2180,390,314,1710,73.234677,12.701002,2.272198,1.82941,9.962713,2082,12.13004,1969,11.471685
word_0142.nii.gz,7,esophagus,7479,2779,1942,461,484,1813,37.157374,25.966038,6.163926,6.471453,24.241209,2003,26.781655,1781,23.813344
word_0142.nii.gz,8,pancreas,41045,23497,6441,2239,1981,6887,57.246924,15.692533,5.454988,4.82641,16.779145,6688,16.294311,5714,13.921306
word_0142.nii.gz,9,duodenum,36810,0,14511,3248,4613,14438,0.0,39.421353,8.823689,12.531921,39.223037,23446,63.694648,14511,39.421353
word_0142.nii.gz,10,colon,483564,0,397809,26470,15014,44271,0.0,82.26605,5.473939,3.104863,9.155148,401739,83.078765,397809,82.26605
word_0142.nii.gz,11,intestine,296294,0,225686,22700,14294,33614,0.0,76.169615,7.661309,4.824262,11.344813,229500,77.45685,225686,76.169615
word_0142.nii.gz,12,adrenal,7341,1942,1090,351,560,3398,26.454162,14.848113,4.781365,7.628389,46.287972,1164,15.85615,1029,14.017164
word_0142.nii.gz,13,rectum,44683,0,23836,4434,3580,12833,0.0,53.344672,9.923237,8.011996,28.720095,27175,60.817313,23836,53.344672
word_0142.nii.gz,14,bladder,112199,0,95861,5015,2504,8819,0.0,85.438373,4.469737,2.231749,7.860141,95883,85.457981,95861,85.438373
word_0142.nii.gz,15,head_of_femur_left,53096,0,32682,13219,3152,4043,0.0,61.552659,24.896414,5.936417,7.61451,32682,61.552659,32682,61.552659
word_0142.nii.gz,16,head_of_femur_right,51748,0,44944,2156,1676,2972,0.0,86.851666,4.166345,3.238773,5.743217,44944,86.851666,44944,86.851666
word_0143.nii.gz,1,liver,536749,496297,10799,7997,8627,13029,92.463516,2.011927,1.489896,1.607269,2.427392,6544,1.219192,5217,0.971963
word_0143.nii.gz,2,spleen,77445,66563,2458,1896,3044,3484,85.948738,3.173865,2.448189,3.930531,4.498676,1660,2.143457,1552,2.004003
word_0143.nii.gz,3,left_kidney,89526,60405,17472,3034,2078,6537,67.472019,19.516118,3.38896,2.321113,7.301789,17218,19.232402,16492,18.421464
word_0143.nii.gz,4,right_kidney,76450,59324,7600,3002,1383,5141,77.59843,9.941138,3.92675,1.809026,6.724657,7476,9.77894,7449,9.743623
word_0143.nii.gz,5,stomach,221899,102667,95294,5030,4721,14187,46.267446,42.944763,2.266797,2.127545,6.393449,94886,42.760896,94175,42.44048
word_0143.nii.gz,6,gallbladder,2322,1174,715,139,135,159,50.559862,30.79242,5.986219,5.813953,6.847545,724,31.180017,673,28.983635
word_0143.nii.gz,7,esophagus,5865,4249,736,213,219,448,72.446718,12.54902,3.631714,3.734015,7.638534,351,5.984655,342,5.831202
word_0143.nii.gz,8,pancreas,49212,16429,20934,2971,2401,6477,33.384134,42.538405,6.037145,4.878891,13.161424,21121,42.918394,20403,41.4594
word_0143.nii.gz,9,duodenum,23633,0,17876,1652,1212,2893,0.0,75.639995,6.990226,5.128422,12.241357,18246,77.205602,17876,75.639995
word_0143.nii.gz,10,colon,530694,0,373974,50138,35113,71469,0.0,70.468858,9.447629,6.616431,13.467083,407132,76.716903,373974,70.468858
word_0143.nii.gz,11,intestine,469202,0,379459,32506,14047,43190,0.0,80.87327,6.927933,2.993807,9.204991,383097,81.648629,379459,80.87327
word_0143.nii.gz,12,adrenal,5760,1973,1552,467,427,1341,34.253472,26.944444,8.107639,7.413194,23.28125,1492,25.902778,1478,25.659722
word_0143.nii.gz,13,rectum,23098,0,18903,1926,875,1394,0.0,81.838254,8.338384,3.788207,6.035155,18903,81.838254,18903,81.838254
word_0143.nii.gz,14,bladder,207756,0,159714,32696,4378,10968,0.0,76.875758,15.737692,2.10728,5.27927,160359,77.186218,159714,76.875758
word_0143.nii.gz,15,head_of_femur_left,63815,0,41605,14030,2764,5416,0.0,65.19627,21.985427,4.33127,8.487033,41605,65.19627,41605,65.19627
word_0143.nii.gz,16,head_of_femur_right,64320,0,56381,1675,1697,4567,0.0,87.657027,2.604167,2.638371,7.100435,56381,87.657027,56381,87.657027
word_0144.nii.gz,1,liver,416369,383250,11673,4622,6734,10090,92.045757,2.803523,1.110073,1.617315,2.423331,7513,1.804409,6569,1.577687
word_0144.nii.gz,2,spleen,50866,46379,1511,773,880,1323,91.178783,2.97055,1.519679,1.730036,2.600952,1052,2.068179,926,1.820469
word_0144.nii.gz,3,left_kidney,45250,28041,13497,1184,593,1935,61.969061,29.827624,2.616575,1.310497,4.276243,13318,29.432044,13300,29.392265
word_0144.nii.gz,4,right_kidney,47901,43047,1778,886,491,1699,89.8666,3.711822,1.849648,1.025031,3.546899,1608,3.356924,1582,3.302645
word_0144.nii.gz,5,stomach,137987,114847,9378,3392,3122,7248,83.230304,6.796292,2.458203,2.262532,5.252669,9239,6.695558,8556,6.200584
word_0144.nii.gz,6,gallbladder,2466,1143,793,200,114,216,46.350365,32.15734,8.1103,4.622871,8.759124,798,32.360097,776,31.467964
word_0144.nii.gz,7,esophagus,10616,4179,2424,1172,893,1948,39.365109,22.833459,11.03994,8.411831,18.349661,2149,20.243029,1975,18.603994
word_0144.nii.gz,8,pancreas,24772,14093,4310,1911,1652,2806,56.890845,17.398676,7.714355,6.66882,11.327305,4592,18.537058,3914,15.800097
word_0144.nii.gz,9,duodenum,16514,0,13443,1268,641,1162,0.0,81.403658,7.678334,3.881555,7.036454,13539,81.984982,13443,81.403658
word_0144.nii.gz,10,colon,203952,0,157099,16963,7917,21973,0.0,77.027438,8.317153,3.881796,10.773613,160220,78.5577,157099,77.027438
word_0144.nii.gz,11,intestine,365244,0,308486,22261,9049,25448,0.0,84.460251,6.09483,2.477522,6.967397,311440,85.269026,308486,84.460251
word_0144.nii.gz,12,adrenal,4581,621,1380,329,655,1596,13.555992,30.124427,7.181838,14.298188,34.839555,1399,30.539184,1354,29.556865
word_0144.nii.gz,13,rectum,27897,0,21138,3034,1511,2214,0.0,75.771588,10.875721,5.416353,7.936337,21138,75.771588,21138,75.771588
word_0144.nii.gz,14,bladder,206466,0,145303,48965,5237,6961,0.0,70.376236,23.715769,2.536495,3.371499,145824,70.628578,145303,70.376236
word_0144.nii.gz,15,head_of_femur_left,34008,0,23151,7922,1844,1091,0.0,68.075159,23.294519,5.422254,3.208069,23151,68.075159,23151,68.075159
word_0144.nii.gz,16,head_of_femur_right,34206,0,32390,592,400,824,0.0,94.69099,1.730691,1.169385,2.408934,32390,94.69099,32390,94.69099
word_0145.nii.gz,1,liver,490705,455987,8963,6833,7620,11302,92.924873,1.826556,1.392486,1.552868,2.303217,3918,0.798443,3153,0.642545
word_0145.nii.gz,2,spleen,112039,96388,3912,2288,3398,6053,86.030757,3.491641,2.042146,3.032872,5.402583,2360,2.106409,2141,1.910942
word_0145.nii.gz,3,left_kidney,72233,23351,32830,3011,6131,6910,32.32733,45.450141,4.168455,8.48781,9.566265,36624,50.702587,32066,44.392452
word_0145.nii.gz,4,right_kidney,65341,39557,16540,1972,1912,5360,60.539324,25.313356,3.018013,2.926187,8.203119,16479,25.22,16411,25.11593
word_0145.nii.gz,5,stomach,225358,160401,32810,5461,6297,20389,71.176084,14.559057,2.423255,2.794221,9.047382,31881,14.146824,31269,13.875256
word_0145.nii.gz,6,gallbladder,618,0,288,86,107,137,0.0,46.601942,13.915858,17.313916,22.168285,288,46.601942,288,46.601942
word_0145.nii.gz,7,esophagus,6465,4381,1207,282,207,388,67.764888,18.66976,4.361949,3.201856,6.001547,1069,16.535189,981,15.174014
word_0145.nii.gz,8,pancreas,45503,14422,22973,2274,1812,4022,31.694614,50.486781,4.997473,3.982155,8.838978,22977,50.495572,22876,50.273608
word_0145.nii.gz,9,duodenum,26099,0,14401,7234,1184,3280,0.0,55.178359,27.717537,4.536572,12.567531,15536,59.527185,14401,55.178359
word_0145.nii.gz,10,colon,302977,0,239882,22654,12495,27946,0.0,79.174987,7.477135,4.124075,9.223802,240797,79.47699,239882,79.174987
word_0145.nii.gz,11,intestine,575350,0,358304,99567,51386,66093,0.0,62.275832,17.305466,8.931259,11.487442,367888,63.941601,358304,62.275832
word_0145.nii.gz,12,adrenal,3608,1609,851,245,281,622,44.595344,23.586475,6.790466,7.788248,17.239468,812,22.505543,801,22.200665
word_0145.nii.gz,13,rectum,22436,0,11877,4021,2313,4225,0.0,52.937244,17.922089,10.309324,18.831342,11879,52.946158,11877,52.937244
word_0145.nii.gz,14,bladder,40732,0,31022,746,663,8301,0.0,76.161249,1.831484,1.627713,20.379554,31022,76.161249,31022,76.161249
word_0145.nii.gz,15,head_of_femur_left,69176,0,42133,14876,5212,6955,0.0,60.906962,21.504568,7.534405,10.054065,42133,60.906962,42133,60.906962
word_0145.nii.gz,16,head_of_femur_right,66159,0,54335,4099,3811,3914,0.0,82.127904,6.19568,5.760365,5.916051,54335,82.127904,54335,82.127904
word_0146.nii.gz,1,liver,384988,355824,10160,5095,6369,7540,92.424699,2.639043,1.323418,1.654337,1.958503,5719,1.485501,5104,1.325756
word_0146.nii.gz,2,spleen,63015,57345,2090,894,1621,1065,91.002142,3.316671,1.41871,2.572403,1.690074,1493,2.369277,1475,2.340713
word_0146.nii.gz,3,left_kidney,48111,41474,3491,1013,940,1193,86.204818,7.256137,2.105548,1.953815,2.479682,3310,6.879924,3310,6.879924
word_0146.nii.gz,4,right_kidney,47437,25973,18289,1321,550,1304,54.752619,38.554293,2.784746,1.159433,2.748909,18277,38.528996,18273,38.520564
word_0146.nii.gz,5,stomach,192106,142795,37510,3521,3218,5062,74.331359,19.525679,1.832842,1.675117,2.635004,36930,19.223762,36561,19.03168
word_0146.nii.gz,6,gallbladder,12654,7660,3652,499,309,534,60.534218,28.860439,3.943417,2.441916,4.220009,3613,28.552236,3578,28.275644
word_0146.nii.gz,7,esophagus,3379,730,1525,352,250,522,21.604025,45.131696,10.417283,7.398639,15.448358,1498,44.332643,1492,44.155075
word_0146.nii.gz,8,pancreas,39926,17480,16073,2238,1829,2306,43.780995,40.256975,5.60537,4.580975,5.775685,16314,40.860592,15769,39.495567
word_0146.nii.gz,9,duodenum,12108,0,10487,707,359,555,0.0,86.612157,5.839115,2.964982,4.583746,10593,87.487611,10487,86.612157
word_0146.nii.gz,10,colon,367990,0,330796,10055,6426,20713,0.0,89.89266,2.732411,1.746243,5.628686,332029,90.227724,330796,89.89266
word_0146.nii.gz,11,intestine,239121,0,206808,15458,5710,11145,0.0,86.486758,6.46451,2.387912,4.66082,208296,87.109037,206808,86.486758
word_0146.nii.gz,12,adrenal,4344,1263,1297,356,370,1058,29.074586,29.857274,8.195212,8.517495,24.355433,1304,30.018416,1296,29.834254
word_0146.nii.gz,13,rectum,31013,0,17165,6510,2272,5066,0.0,55.347757,20.991197,7.32596,16.335085,18593,59.952278,17165,55.347757
word_0146.nii.gz,14,bladder,19141,0,16537,884,488,1232,0.0,86.395695,4.618358,2.549501,6.436445,16537,86.395695,16537,86.395695
word_0146.nii.gz,15,head_of_femur_left,58409,0,39080,11484,3361,4484,0.0,66.907497,19.661354,5.75425,7.676899,39080,66.907497,39080,66.907497
word_0146.nii.gz,16,head_of_femur_right,57495,0,50430,1678,1484,3903,0.0,87.711975,2.918515,2.581094,6.788416,50430,87.711975,50430,87.711975
word_0147.nii.gz,1,liver,395957,350574,16830,7378,9247,11928,88.538402,4.250462,1.863334,2.335355,3.012448,15144,3.824658,12986,3.279649
word_0147.nii.gz,2,spleen,50955,46192,985,769,1750,1259,90.652537,1.933078,1.509175,3.434403,2.470808,589,1.155922,519,1.018546
word_0147.nii.gz,3,left_kidney,47030,39091,3213,1080,1048,2598,83.119286,6.831809,2.296407,2.228365,5.524134,2966,6.306613,2963,6.300234
word_0147.nii.gz,4,right_kidney,39813,32883,3068,894,1277,1691,82.593625,7.706026,2.245498,3.207495,4.247356,3007,7.552809,2991,7.512622
word_0147.nii.gz,5,stomach,159526,23942,117914,3876,4546,9248,15.008212,73.915224,2.429698,2.849692,5.797174,118310,74.163459,117525,73.671376
word_0147.nii.gz,6,gallbladder,7515,5293,772,370,344,736,70.432468,10.272788,4.923486,4.577512,9.793746,652,8.675981,612,8.143713
word_0147.nii.gz,7,esophagus,2541,1295,458,206,243,339,50.964187,18.0244,8.107044,9.563164,13.341204,467,18.378591,430,16.922471
word_0147.nii.gz,8,pancreas,28190,11334,9198,1754,1697,4207,40.205747,32.628592,6.222065,6.019865,14.923732,9184,32.578929,8927,31.667258
word_0147.nii.gz,9,duodenum,18005,0,13019,1539,944,2503,0.0,72.307692,8.547626,5.242988,13.901694,13952,77.489586,13019,72.307692
word_0147.nii.gz,10,colon,324410,0,207596,32149,35965,48700,0.0,63.991862,9.90999,11.08628,15.011868,230908,71.177831,207596,63.991862
word_0147.nii.gz,11,intestine,334775,0,217345,37191,24065,56174,0.0,64.922709,11.109252,7.18841,16.779628,235792,70.432977,217345,64.922709
word_0147.nii.gz,12,adrenal,5178,1798,1072,478,491,1339,34.723832,20.702974,9.231363,9.482426,25.859405,1043,20.142912,1034,19.9691
word_0147.nii.gz,13,rectum,41653,0,19531,5840,6197,10085,0.0,46.88978,14.020599,14.87768,24.211942,21806,52.351571,19531,46.88978
word_0147.nii.gz,14,bladder,29739,0,25985,903,779,2072,0.0,87.376845,3.036417,2.619456,6.967282,25990,87.393658,25985,87.376845
word_0147.nii.gz,15,head_of_femur_left,72801,0,50946,12952,5086,3817,0.0,69.979808,17.790964,6.986168,5.24306,50946,69.979808,50946,69.979808
word_0147.nii.gz,16,head_of_femur_right,79297,0,65173,3983,3142,6999,0.0,82.188481,5.022889,3.962319,8.826311,65173,82.188481,65173,82.188481
word_0148.nii.gz,1,liver,589629,496006,27648,11933,16534,37508,84.12171,4.68905,2.023815,2.804136,6.361288,21956,3.723697,17951,3.044457
word_0148.nii.gz,2,spleen,66104,55351,1344,1108,1968,6333,83.733208,2.03316,1.676147,2.977127,9.580358,693,1.048348,474,0.717052
word_0148.nii.gz,3,left_kidney,55996,43245,4552,1690,1160,5349,77.228731,8.129152,3.018073,2.071577,9.552468,4412,7.879134,4412,7.879134
word_0148.nii.gz,4,right_kidney,55673,26414,20797,1930,1010,5522,47.444901,37.35563,3.466671,1.814165,9.918632,20726,37.2281,20726,37.2281
word_0148.nii.gz,5,stomach,146333,75171,48498,4107,5342,13215,51.369821,33.142217,2.806612,3.650578,9.030772,47461,32.433559,47047,32.150643
word_0148.nii.gz,6,gallbladder,11283,7444,1282,426,452,1679,65.975361,11.362226,3.775592,4.006027,14.880794,1137,10.077107,945,8.375432
word_0148.nii.gz,7,esophagus,7199,4086,918,335,373,1487,56.757883,12.751771,4.653424,5.181275,20.655647,850,11.807195,659,9.154049
word_0148.nii.gz,8,pancreas,45838,13546,20967,2736,2288,6301,29.5519,45.741524,5.968847,4.991492,13.746237,21812,47.584973,20859,45.505912
word_0148.nii.gz,9,duodenum,26300,0,16115,4460,1136,4589,0.0,61.273764,16.958175,4.319392,17.448669,16374,62.258555,16115,61.273764
word_0148.nii.gz,10,colon,196529,0,143340,15473,6762,30954,0.0,72.935801,7.873138,3.440714,15.750347,147586,75.096296,143340,72.935801
word_0148.nii.gz,11,intestine,432206,0,331688,26733,13831,59954,0.0,76.743035,6.185245,3.200094,13.871626,333010,77.048907,331688,76.743035
word_0148.nii.gz,12,adrenal,3308,1621,474,183,274,756,49.002418,14.3289,5.532044,8.28295,22.853688,485,14.661427,452,13.663845
word_0148.nii.gz,13,rectum,17190,0,12237,914,720,3319,0.0,71.186736,5.317045,4.188482,19.307737,12237,71.186736,12237,71.186736
word_0148.nii.gz,14,bladder,33630,0,27176,1218,740,4496,0.0,80.808802,3.621766,2.200416,13.369016,27216,80.927743,27176,80.808802
word_0148.nii.gz,15,head_of_femur_left,71356,0,38771,14113,3893,14579,0.0,54.334604,19.778295,5.455743,20.431358,38771,54.334604,38771,54.334604
word_0148.nii.gz,16,head_of_femur_right,70554,0,51286,3025,2747,13496,0.0,72.690422,4.287496,3.893472,19.128611,51286,72.690422,51286,72.690422
word_0150.nii.gz,1,liver,632683,566951,17482,9219,14843,24188,89.610595,2.763153,1.457128,2.346041,3.823084,14182,2.241565,10752,1.699429
word_0150.nii.gz,2,spleen,104524,91583,2284,1736,4391,4530,87.619111,2.185144,1.660863,4.200949,4.333933,1584,1.515441,1531,1.464735
word_0150.nii.gz,3,left_kidney,69818,48933,9153,3657,2583,5492,70.086511,13.1098,5.237904,3.699619,7.866166,4894,7.009654,4803,6.879315
word_0150.nii.gz,4,right_kidney,89872,55468,22172,6239,1435,4558,61.718889,24.670643,6.942095,1.596715,5.071657,21970,24.445879,21952,24.42585
word_0150.nii.gz,5,stomach,129225,110640,5844,2493,3981,6267,85.618108,4.522345,1.929193,3.080673,4.849681,5146,3.982202,4921,3.808087
word_0150.nii.gz,6,gallbladder,4232,631,2269,311,307,714,14.910208,53.615312,7.348771,7.254253,16.871456,2285,53.993384,2264,53.497164
word_0150.nii.gz,7,esophagus,3358,2685,194,107,62,310,79.958309,5.777248,3.18642,1.846337,9.231686,175,5.211435,157,4.675402
word_0150.nii.gz,8,pancreas,34692,16947,8692,2188,2230,4635,48.849879,25.054768,6.30693,6.427995,13.360429,8992,25.91952,8181,23.581806
word_0150.nii.gz,9,duodenum,29460,0,19594,4721,1174,3971,0.0,66.510523,16.025119,3.985064,13.479294,19710,66.904277,19594,66.510523
word_0150.nii.gz,10,colon,293364,0,241001,11859,12395,28109,0.0,82.150843,4.042418,4.225126,9.581612,243886,83.134263,241001,82.150843
word_0150.nii.gz,11,intestine,382984,0,297073,25282,15510,45119,0.0,77.567992,6.60132,4.049778,11.78091,301846,78.814259,297073,77.567992
word_0150.nii.gz,12,adrenal,2582,790,888,146,241,517,30.596437,34.391944,5.654531,9.33385,20.023238,869,33.656081,867,33.578621
word_0150.nii.gz,13,rectum,5337,0,1547,1837,643,1310,0.0,28.986322,34.420086,12.047967,24.545625,1547,28.986322,1547,28.986322
word_0150.nii.gz,14,bladder,103959,0,91564,3041,2371,6983,0.0,88.07703,2.925192,2.280707,6.717071,91691,88.199194,91564,88.07703
word_0150.nii.gz,15,head_of_femur_left,64949,0,38021,11813,4664,10451,0.0,58.539777,18.188117,7.181019,16.091087,38021,58.539777,38021,58.539777
word_0150.nii.gz,16,head_of_femur_right,65403,0,50981,2360,2334,9728,0.0,77.949024,3.608397,3.568644,14.873935,50981,77.949024,50981,77.949024
